coverage,ret_seed,scenario,origin,destination,b1_tt_s,b2_tt_s,b3_tt_s,b4_tt_s,fw_tt_s,red_vs_b1,red_vs_b3,n_replannings,fw_lat_ms,n_affected,n_affected_obs,incident_visible
1.0,0,peak_hour,18,160,427.6248364781035,533.6799514796331,427.6248364781035,427.6248364781035,427.6248364781035,0.0,0.0,0,1.7646400010562502,0,0,
1.0,0,peak_hour,135,90,434.52026332666463,441.01243208201464,434.52026332666463,441.01243208201464,437.5599237118443,-0.6995439894812246,-0.6995439894812246,0,0.5090339982416481,0,0,
1.0,0,peak_hour,89,177,490.79744045425184,698.0729183313426,490.79744045425184,490.79744045425184,491.15960157513643,-0.07379034425065449,-0.07379034425065449,0,0.23332999990088865,0,0,
1.0,0,peak_hour,152,157,397.7094044553435,398.2050029322493,397.7094044553435,398.4122654506749,398.4122654506749,-0.17672727560817703,-0.17672727560817703,0,0.8407170025748201,0,0,
1.0,0,peak_hour,14,200,667.5857305564498,630.6968060275057,667.5857305564498,607.0960201440404,607.0960201440404,9.060965153043293,9.060965153043293,0,0.2750100029516034,0,0,
1.0,0,peak_hour,92,184,363.10190800185524,360.8510023074765,363.10190800185524,360.8510023074765,361.3884024770587,0.471907606937654,0.471907606937654,0,0.12365599832264706,0,0,
1.0,0,peak_hour,75,200,612.591295075461,601.7519479274109,612.591295075461,612.591295075461,612.591295075461,0.0,0.0,0,0.3010239961440675,0,0,
1.0,0,peak_hour,187,76,399.75801844424814,569.3635308341114,399.75801844424814,404.1972592592467,393.87115826262624,1.472605904074668,1.472605904074668,0,0.5486839945660904,0,0,
1.0,0,peak_hour,33,172,485.86685156946714,485.86685156946714,485.86685156946714,485.86685156946714,485.86685156946714,0.0,0.0,0,0.15403900033561513,0,0,
1.0,0,peak_hour,130,144,595.2632573763302,703.1104573736568,595.2632573763302,589.9953130651634,589.9953130651634,0.884977234171268,0.884977234171268,0,0.2172210006392561,0,0,
1.0,0,peak_hour,90,166,571.2338394406271,807.9403747742389,571.2338394406271,522.4705616033258,536.1288318483572,6.1454705881300695,6.1454705881300695,0,0.31041799957165495,0,0,
1.0,0,peak_hour,131,28,641.1937334102404,694.4419927147837,641.1937334102404,641.1937334102404,641.1937334102404,0.0,0.0,0,1.0015500010922551,0,0,
1.0,0,peak_hour,50,23,483.8661782731785,483.46693633994056,483.8661782731785,482.69626633538155,482.69626633538155,0.24178419371490711,0.24178419371490711,0,0.8017759973881766,0,0,
1.0,0,peak_hour,16,158,472.2715332075163,529.9296353664614,472.2715332075163,472.2715332075163,472.2715332075163,0.0,0.0,0,0.18684800306800753,0,0,
1.0,0,peak_hour,189,60,567.572640673436,531.9936554763992,567.572640673436,531.9936554763992,618.5727286497721,-8.985649469612117,-8.985649469612117,1,0.11833900134661235,0,0,
1.0,0,peak_hour,104,162,508.0161307416689,649.7995746992185,508.0161307416689,508.0161307416689,508.0161307416689,0.0,0.0,0,0.22483900102088228,0,0,
1.0,0,peak_hour,86,168,473.25824966346664,488.1946205949128,473.25824966346664,539.0706357891231,541.694212469066,-14.460595848939573,-14.460595848939573,0,0.19297499966342002,0,0,
1.0,0,peak_hour,66,34,427.90294693064345,427.90294693064345,427.90294693064345,427.90294693064345,427.90294693064345,0.0,0.0,0,0.17472599574830383,0,0,
1.0,0,peak_hour,148,33,602.9942731210908,621.5740981636383,602.9942731210908,602.9942731210908,605.5360407684987,-0.42152434288499385,-0.42152434288499385,0,0.22464399808086455,0,0,
1.0,0,peak_hour,34,78,673.2178137596114,610.499221306984,673.2178137596114,610.499221306984,610.499221306984,9.316240772414046,9.316240772414046,0,0.20859100186498836,0,0,
1.0,0,peak_hour,125,74,679.4983234149321,714.1824334005095,679.4983234149321,651.1464866783817,651.1464866783817,4.172466032596441,4.172466032596441,1,0.4187164995528292,0,0,
1.0,0,peak_hour,198,18,414.5793365071434,413.385175791634,414.5793365071434,413.20135549251785,413.20135549251785,0.3323805345039955,0.3323805345039955,0,0.3480669984128326,0,0,
1.0,0,peak_hour,158,200,609.63857258191,609.63857258191,609.63857258191,609.63857258191,609.63857258191,0.0,0.0,0,0.18469200585968792,0,0,
1.0,0,peak_hour,54,148,529.797573216483,618.4766452887958,529.797573216483,520.965700922902,529.797573216483,0.0,0.0,1,0.18694600294111297,0,0,
1.0,0,peak_hour,92,186,728.7362368848501,728.7362368848501,728.7362368848501,699.1269935910068,702.5208433050962,3.597377521916248,3.597377521916248,1,0.13967950144433416,0,0,
1.0,0,peak_hour,130,17,525.224493323307,751.8176787391442,525.224493323307,462.62006790250973,460.0185582807629,12.414869426587458,12.414869426587458,0,0.5120790010550991,0,0,
1.0,0,peak_hour,162,8,417.6343676067589,421.0427267345902,417.6343676067589,421.3854219687476,421.3854219687476,-0.8981670697945764,-0.8981670697945764,1,0.11715100117726251,0,0,
1.0,0,peak_hour,140,21,329.923191630116,330.045587826276,329.923191630116,329.923191630116,329.923191630116,0.0,0.0,0,0.11902600090252236,0,0,
1.0,0,peak_hour,164,35,414.3660265950163,523.8800562381613,414.3660265950163,414.1553124885744,414.3660265950163,0.0,0.0,1,0.10298750203219242,0,0,
1.0,0,peak_hour,92,71,463.0798421809935,463.0798421809935,463.0798421809935,463.0798421809935,463.0798421809935,0.0,0.0,0,0.16159000369952992,0,0,
1.0,0,peak_hour,75,171,386.4423597114434,386.4423597114434,386.4423597114434,386.4423597114434,386.4423597114434,0.0,0.0,0,0.1861749988165684,0,0,
1.0,0,peak_hour,2,185,493.19480531594814,491.3641938778813,493.19480531594814,490.7464695978283,491.21784886703756,0.4008469731639035,0.4008469731639035,0,0.3671469967230223,0,0,
1.0,0,peak_hour,50,136,483.8992235999754,485.6361590592408,483.8992235999754,484.484623672532,486.60066249049225,-0.558264770589927,-0.558264770589927,1,0.6810390004829969,0,0,
1.0,0,peak_hour,127,189,520.513511169559,549.7128814277017,520.513511169559,520.513511169559,522.5682611965279,-0.3947544074988625,-0.3947544074988625,0,0.34552099532447755,0,0,
1.0,0,peak_hour,128,106,319.3998282296494,554.8414874872577,319.3998282296494,318.3933140255964,318.3933140255964,0.3151267205220074,0.3151267205220074,0,0.48034799692686647,0,0,
1.0,0,peak_hour,37,34,366.52197298826155,366.52197298826155,366.52197298826155,357.6986524262037,357.6986524262037,2.4073101238982035,2.4073101238982035,0,0.18905899923993275,0,0,
1.0,0,peak_hour,200,205,404.6834679539757,404.6834679539757,404.6834679539757,404.6834679539757,404.6834679539757,0.0,0.0,0,0.20414500613696873,0,0,
1.0,0,peak_hour,31,184,420.5641908183675,678.7671144221773,420.5641908183675,420.5641908183675,420.5641908183675,0.0,0.0,0,2.6493520053918473,0,0,
1.0,0,peak_hour,18,154,564.4551348216604,578.6343900350355,564.4551348216604,540.049197667836,544.5181580947435,3.532074649868494,3.532074649868494,0,1.134092999564018,0,0,
1.0,0,peak_hour,69,136,574.9703130860902,798.2934994180373,574.9703130860902,528.8760397994245,556.6026147818898,3.194547246381088,3.194547246381088,0,0.4253170045558363,0,0,
1.0,0,peak_hour,183,19,368.96847018521913,369.32221292269963,368.96847018521913,363.8697846354252,363.8697846354252,1.3818756782210726,1.3818756782210726,0,0.28786500479327515,0,0,
1.0,0,peak_hour,152,154,371.4241887612545,371.4241887612545,371.4241887612545,369.9320040265631,369.9320040265631,0.40174678436211725,0.40174678436211725,0,0.8436149946646765,0,0,
1.0,0,peak_hour,184,31,315.30296335176445,326.01137368692,315.30296335176445,315.30296335176445,315.30296335176445,0.0,0.0,0,0.2014479978242889,0,0,
1.0,0,peak_hour,76,124,767.9441480181475,911.3347231937352,767.9441480181475,693.4939410952628,702.274122218112,8.551406501307653,8.551406501307653,0,0.25277899840148166,0,0,
1.0,0,peak_hour,89,29,732.0833815312734,875.8927311739496,732.0833815312734,756.737235224392,754.7798346051931,-3.100255195855733,-3.100255195855733,0,0.7526620029238984,0,0,
1.0,0,peak_hour,158,120,596.294199802762,617.2372122365447,596.294199802762,596.294199802762,596.294199802762,0.0,0.0,0,0.6522329931613058,0,0,
1.0,0,peak_hour,5,148,439.22068422097703,439.22068422097703,439.22068422097703,439.22068422097703,439.22068422097703,0.0,0.0,1,0.10954300159937702,0,0,
1.0,0,peak_hour,89,25,571.0534502733761,597.0293013858269,571.0534502733761,571.0534502733761,571.0534502733761,0.0,0.0,0,1.049947997671552,0,0,
1.0,0,peak_hour,16,82,636.1566333920975,684.1983298495854,636.1566333920975,594.6992143152537,594.6992143152537,6.516857154469285,6.516857154469285,0,0.28845899942098185,0,0,
1.0,0,peak_hour,64,197,530.7126860793542,518.0824960114384,530.7126860793542,518.0824960114384,518.0824960114384,2.379854561461772,2.379854561461772,0,0.2448899977025576,0,0,
1.0,0,off_peak,18,160,457.3219430805011,457.4356005939144,457.3219430805011,456.76901519668365,456.76901519668365,0.12090560975337458,0.12090560975337458,1,0.8750434972171206,0,0,
1.0,0,off_peak,135,90,371.09297295466865,371.09297295466865,371.09297295466865,371.09297295466865,371.09297295466865,0.0,0.0,0,0.21713100431952626,0,0,
1.0,0,off_peak,89,177,440.9501915615443,450.53693273129204,440.9501915615443,440.9501915615443,440.9501915615443,0.0,0.0,0,0.17481500253779814,0,0,
1.0,0,off_peak,152,157,377.1946760243137,377.1946760243137,377.1946760243137,376.8328962777341,376.8328962777341,0.09591326961260718,0.09591326961260718,0,0.8628860014141537,0,0,
1.0,0,off_peak,14,200,486.1354666910935,486.1354666910935,486.1354666910935,485.9278997276883,485.9278997276883,0.042697350353384386,0.042697350353384386,0,0.18829399778041989,0,0,
1.0,0,off_peak,92,184,346.1327197404894,346.05646714206273,346.1327197404894,346.05646714206273,346.05646714206273,0.02202987295850937,0.02202987295850937,0,0.1674800005275756,0,0,
1.0,0,off_peak,75,200,449.1201459538004,445.6398364965783,449.1201459538004,445.6398364965783,445.6398364965783,0.7749172439884431,0.7749172439884431,0,0.18700000509852543,0,0,
1.0,0,off_peak,187,76,325.2609179415583,324.9579813709309,325.2609179415583,324.9579813709309,324.9579813709309,0.09313648025855166,0.09313648025855166,0,0.21118499716976658,0,0,
1.0,0,off_peak,33,172,393.19758630923315,393.19758630923315,393.19758630923315,393.19758630923315,393.19758630923315,0.0,0.0,0,0.21854999795323238,0,0,
1.0,0,off_peak,130,144,334.6940279477832,334.6940279477832,334.6940279477832,334.6940279477832,334.6940279477832,0.0,0.0,0,0.1426189992344007,0,0,
1.0,0,off_peak,90,166,420.6915952638841,420.6915952638841,420.6915952638841,399.88058332460884,399.88058332460884,4.946857073819431,4.946857073819431,0,0.16997900092974305,0,0,
1.0,0,off_peak,131,28,426.21681900473646,426.21681900473646,426.21681900473646,424.2812430621394,426.21681900473646,0.0,0.0,0,0.23314999998547137,0,0,
1.0,0,off_peak,50,23,408.25870039374604,407.68670680506887,408.25870039374604,407.46774979233817,407.46774979233817,0.19373759840146393,0.19373759840146393,0,0.8262699993792921,0,0,
1.0,0,off_peak,16,158,414.7075970579427,440.9186376549823,414.7075970579427,410.9361757309168,410.9361757309168,0.9094169853124162,0.9094169853124162,0,0.22319900017464533,0,0,
1.0,0,off_peak,189,60,645.347422113689,645.347422113689,645.347422113689,463.88370111515593,463.88370111515593,28.11876437100963,28.11876437100963,0,0.1696639956207946,0,0,
1.0,0,off_peak,104,162,384.8591124476504,383.2848777965789,384.8591124476504,384.8591124476504,384.8591124476504,0.0,0.0,0,0.22663299751002342,0,0,
1.0,0,off_peak,86,168,375.7970102156827,375.7970102156827,375.7970102156827,375.7970102156827,375.7970102156827,0.0,0.0,0,0.14045499847270548,0,0,
1.0,0,off_peak,66,34,420.31699432864616,420.31699432864616,420.31699432864616,420.31699432864616,420.31699432864616,0.0,0.0,0,0.18436599930282682,0,0,
1.0,0,off_peak,148,33,369.8155093822752,369.8155093822752,369.8155093822752,369.8155093822752,369.8155093822752,0.0,0.0,0,0.1780360034899786,0,0,
1.0,0,off_peak,34,78,463.1613092721898,461.7766213022166,463.1613092721898,462.64311534962616,463.1613092721898,0.0,0.0,1,0.12972599870408885,0,0,
1.0,0,off_peak,125,74,342.4304632266502,342.2945235163286,342.4304632266502,342.0421362986784,342.0421362986784,0.11340314886494299,0.11340314886494299,0,0.6397170000127517,0,0,
1.0,0,off_peak,198,18,405.7250778700602,405.85256021214065,405.7250778700602,405.35281199516925,405.35281199516925,0.09175323271739703,0.09175323271739703,0,0.40534200525144115,0,0,
1.0,0,off_peak,158,200,486.4215610844868,486.4215610844868,486.4215610844868,486.4215610844868,486.4215610844868,0.0,0.0,0,0.1681059948168695,0,0,
1.0,0,off_peak,54,148,349.22232202210625,349.22232202210625,349.22232202210625,349.22232202210625,349.22232202210625,0.0,0.0,0,0.1684500020928681,0,0,
1.0,0,off_peak,92,186,639.019682179211,633.1065722829006,639.019682179211,633.1065722829006,633.1065722829006,0.9253408089317803,0.9253408089317803,0,0.2263610003865324,0,0,
1.0,0,off_peak,130,17,339.05155803974947,339.05155803974947,339.05155803974947,339.05155803974947,339.05155803974947,0.0,0.0,0,0.19883099594153464,0,0,
1.0,0,off_peak,162,8,421.92246595587847,421.7109170778397,421.92246595587847,421.63449673232185,421.92246595587847,0.0,0.0,1,0.17789049888961017,0,0,
1.0,0,off_peak,140,21,309.4903906178253,309.4903906178253,309.4903906178253,309.4903906178253,309.4903906178253,0.0,0.0,0,0.15234600141411647,0,0,
1.0,0,off_peak,164,35,415.51948601452324,415.51948601452324,415.51948601452324,415.51948601452324,415.51948601452324,0.0,0.0,0,0.18335700588067994,0,0,
1.0,0,off_peak,92,71,481.9858112974302,474.4650845676067,481.9858112974302,474.4650845676067,474.4650845676067,1.5603626815442684,1.5603626815442684,0,0.22881000040797517,0,0,
1.0,0,off_peak,75,171,290.66071199867446,290.66071199867446,290.66071199867446,290.66071199867446,290.66071199867446,0.0,0.0,0,0.1453789955121465,0,0,
1.0,0,off_peak,2,185,469.6549636725006,470.15113985236366,469.6549636725006,469.6549636725006,469.6549636725006,0.0,0.0,0,0.24294200557051226,0,0,
1.0,0,off_peak,50,136,422.0842289696236,422.5352123808598,422.0842289696236,421.8669213286712,421.8669213286712,0.05148442562824397,0.05148442562824397,0,0.4274059974704869,0,0,
1.0,0,off_peak,127,189,400.9530820967565,406.573940459607,400.9530820967565,400.9121933696353,400.9121933696353,0.010197883230463353,0.010197883230463353,0,0.47264600289054215,0,0,
1.0,0,off_peak,128,106,346.9663460730082,336.86760679982785,346.9663460730082,345.57253084609755,345.57253084609755,0.40171481836378503,0.40171481836378503,0,0.5066380035714246,0,0,
1.0,0,off_peak,37,34,333.8882973087119,333.8882973087119,333.8882973087119,333.8882973087119,333.8882973087119,0.0,0.0,0,0.2598610008135438,0,0,
1.0,0,off_peak,200,205,382.0432067363669,382.0432067363669,382.0432067363669,382.0432067363669,382.0432067363669,0.0,0.0,0,0.27603100170381367,0,0,
1.0,0,off_peak,31,184,446.6032932402647,443.00038359374275,446.6032932402647,446.37136167412416,446.37136167412416,0.05193234569718145,0.05193234569718145,0,1.596763999259565,0,0,
1.0,0,off_peak,18,154,419.4458099198507,403.7080947733647,419.4458099198507,403.5663107012758,403.5663107012758,3.7858285487722974,3.7858285487722974,0,1.3913479997427203,0,0,
1.0,0,off_peak,69,136,348.04518648948135,349.811825945089,348.04518648948135,348.04518648948135,348.04518648948135,0.0,0.0,0,0.20384800154715776,0,0,
1.0,0,off_peak,183,19,347.97458367213414,344.5092690458383,347.97458367213414,344.22686859918906,344.22686859918906,1.0770082784196178,1.0770082784196178,0,0.3427720002946444,0,0,
1.0,0,off_peak,152,154,374.6912869266686,358.95357178018253,374.6912869266686,358.5323185453217,358.5323185453217,4.312608524710486,4.312608524710486,0,0.7165659990278073,0,0,
1.0,0,off_peak,184,31,271.99881707356485,271.99881707356485,271.99881707356485,271.99881707356485,271.99881707356485,0.0,0.0,0,0.17649499932304025,0,0,
1.0,0,off_peak,76,124,417.4351172993041,490.53377592038146,417.4351172993041,417.4351172993041,417.4351172993041,0.0,0.0,0,0.18251500296173617,0,0,
1.0,0,off_peak,89,29,542.0890499371712,537.9658962440095,542.0890499371712,537.9658962440095,543.5385973186663,-0.26740023279627445,-0.26740023279627445,0,0.6785820005461574,0,0,
1.0,0,off_peak,158,120,378.93291325323196,378.93291325323196,378.93291325323196,378.93291325323196,378.93291325323196,0.0,0.0,0,0.14650999946752563,0,0,
1.0,0,off_peak,5,148,386.42605843026644,386.42605843026644,386.42605843026644,386.42605843026644,386.42605843026644,0.0,0.0,0,0.1588259983691387,0,0,
1.0,0,off_peak,89,25,359.19726279689945,359.19726279689945,359.19726279689945,359.19726279689945,359.19726279689945,0.0,0.0,0,0.16237299860222265,0,0,
1.0,0,off_peak,16,82,446.7065756840289,440.9569371865816,446.7065756840289,446.7065756840289,446.7065756840289,0.0,0.0,0,0.270503995125182,0,0,
1.0,0,off_peak,64,197,453.370305471036,454.77354555761036,453.370305471036,453.05036549861296,453.370305471036,0.0,0.0,1,0.18397699750494212,0,0,
1.0,0,incident,18,160,913.2348823870084,904.3291862166693,744.7928919176285,578.3146432440275,620.4685116126942,32.05816777487551,16.692476748111083,1,1.148811999883037,13,13,True
1.0,0,incident,135,90,759.1896289675155,880.3617836507021,701.2682401194098,702.7638606824785,701.2682401194098,7.62937040207962,0.0,1,0.45396699715638533,10,10,True
1.0,0,incident,89,177,998.4557199928332,980.1057520912299,640.8721701950503,646.9572690579181,745.0139258207244,25.383378461082685,-16.250004364205477,1,0.7733680031378753,11,11,True
1.0,0,incident,152,157,547.9112034381783,547.8626786423449,457.8105473072968,414.32956150099716,457.76202251146344,16.453246504364742,0.010599318018944991,2,0.4796679980548409,10,10,True
1.0,0,incident,14,200,963.7998528465381,918.0716854160308,761.8202681172078,761.7413596048074,761.4883077573545,20.991032992136887,0.043574629574202474,1,0.252938498306321,14,14,True
1.0,0,incident,92,184,527.0360186611005,527.0360186611005,485.6133824834527,483.1875300249675,485.6133824834527,7.8595455928949916,0.0,1,0.1983339971047826,9,9,True
1.0,0,incident,75,200,891.3604964786804,846.8851051032304,720.6152041065603,734.9729441162513,720.6152041065603,19.155582174288554,0.0,1,0.18315349734621122,12,12,True
1.0,0,incident,187,76,565.2015541099468,565.2015541099468,453.87894632466646,352.9857688322641,453.87894632466646,19.696090178057982,0.0,1,0.23437050185748376,8,8,True
1.0,0,incident,33,172,901.0844953168781,857.5121660573891,526.0905857686625,464.1516849111623,526.0905857686625,41.61584307544256,0.0,1,0.3023829995072447,11,11,True
1.0,0,incident,130,144,609.3695769233575,609.3695769233575,609.3695769233575,609.3695769233575,609.3695769233575,0.0,0.0,0,0.16152199532371014,8,8,True
1.0,0,incident,90,166,565.9564613171575,496.6337189128914,496.6337189128914,496.6337189128914,496.6337189128914,12.24877656541466,0.0,0,0.16121400403790176,8,8,True
1.0,0,incident,131,28,937.163705967641,814.0192187486763,695.714675331615,769.103426231528,671.769266306857,28.31889860552791,3.441843312180284,1,0.7442994974553585,12,12,True
1.0,0,incident,50,23,635.8970132329035,635.2177161827838,549.0149318148626,549.7367808097038,549.0149318148626,13.66291704632044,0.0,1,0.7306935003725812,12,12,True
1.0,0,incident,16,158,800.1735971188543,893.4683293706426,542.9101261362573,542.9101261362573,542.9101261362573,32.15095723089501,0.0,1,0.1839815013227053,11,11,True
1.0,0,incident,189,60,722.6633070149845,722.6633070149845,722.6633070149845,722.6633070149845,722.6633070149845,0.0,0.0,0,0.19477699970593676,11,11,True
1.0,0,incident,104,162,603.1969662850927,565.4141336016148,540.1625439211967,500.82127594667287,540.1625439211967,10.450056264723253,0.0,1,0.21785500211990438,9,9,True
1.0,0,incident,86,168,1104.7688225695192,1106.1404294684075,803.2739632652717,736.1756766541771,803.2739632652717,27.29031206755253,0.0,1,0.27278900233795866,10,10,True
1.0,0,incident,66,34,982.5489530898383,1082.0112698435937,636.7881885810106,636.7881885810106,651.8442499870908,33.65783476362931,-2.364375105579537,0,0.2992719964822754,13,13,True
1.0,0,incident,148,33,912.1214357243606,1017.2403205636969,748.4691605066339,746.3551597011451,748.4691605066339,17.941939396234268,0.0,2,0.3223156672902405,9,9,True
1.0,0,incident,34,78,1281.7547649942396,1243.5357555477497,866.8550273367748,877.6319820712688,866.8550273367748,32.36966610062335,0.0,1,0.8165660037775524,12,12,True
1.0,0,incident,125,74,540.2399621502891,533.6303794637743,450.765856821937,424.3641319806256,424.3641319806256,21.448955702656455,5.85708177355161,1,0.5394025029090699,9,9,True
1.0,0,incident,198,18,635.2472309312965,635.2472309312965,572.541229718285,574.2540780155533,572.541229718285,9.871117599533989,0.0,1,0.263896999967983,12,12,True
1.0,0,incident,158,200,811.5610213373265,811.5610213373265,747.1457017290518,747.1457017290518,747.1457017290518,7.937212102933214,0.0,1,0.1732125019771047,12,12,True
1.0,0,incident,54,148,679.4922422282206,930.8051645747103,534.9803647829618,532.7509563177257,568.4347020940228,16.344195449533473,-6.253376668250837,1,0.2671859983820468,13,13,True
1.0,0,incident,92,186,1212.5063700870412,1109.012140681215,896.8688301296932,914.6342313914661,958.2408608890668,20.970241103122756,-6.842921584252048,1,0.7658619979338255,17,17,True
1.0,0,incident,130,17,574.7488718440519,523.4016183651046,507.76237593983336,491.94763652623385,507.76237593983336,11.654915596318762,0.0,2,0.2241186642398437,9,9,True
1.0,0,incident,162,8,936.0996086510077,935.2619135467698,936.4925237381716,772.3052476822405,920.907960876604,1.62286658748806,1.6641417274063395,1,1.489222497184528,13,13,True
1.0,0,incident,140,21,797.1874398631701,874.7304890489111,648.1094848949995,658.6780490926174,648.1094848949995,18.700489685808204,0.0,1,0.2329439994355198,11,11,True
1.0,0,incident,164,35,644.8937601608347,644.8937601608347,574.8512811124749,460.89701025491166,574.8512811124749,10.861088038887434,0.0,1,0.21068950081826188,11,11,True
1.0,0,incident,92,71,694.7300245342961,694.7300245342961,661.569632926552,662.291481921393,661.569632926552,4.7731335103838095,0.0,1,0.2533820006647147,12,12,True
1.0,0,incident,75,171,492.27775690252673,489.0268152721025,492.27775690252673,489.0268152721025,489.0268152721025,0.6603876744055133,0.6603876744055133,0,0.16333100211340934,8,8,True
1.0,0,incident,2,185,752.1174237886041,741.9612190060838,643.7545503918709,643.3761030087164,643.7545503918709,14.40770682467137,0.0,1,0.6651514995610341,13,13,True
1.0,0,incident,50,136,664.6736901604598,664.5928164540383,549.7325457535013,550.7023983871956,549.7325457535013,17.29286808075861,0.0,1,0.9076415008166805,12,12,True
1.0,0,incident,127,189,661.6155255662236,630.1191970176237,540.0358135250289,541.8310297776588,539.9751374414755,18.38535878078827,0.011235566611285703,1,0.37729349787696265,15,15,True
1.0,0,incident,128,106,624.7528053067072,609.2507416153751,553.775002144615,518.2368270065832,515.5458605493998,17.480024712125125,6.903370763787545,1,0.5834285002492834,10,10,True
1.0,0,incident,37,34,506.7460763310718,506.7460763310718,468.80328918797807,472.2460266691123,468.80328918797807,7.4875344704799645,0.0,1,0.20854400281677954,9,9,True
1.0,0,incident,200,205,598.9465786224499,598.9465786224499,565.7861870147058,566.6849662502841,565.7861870147058,5.536452296632455,0.0,1,0.21612950149574317,10,10,True
1.0,0,incident,31,184,624.1244159997846,675.5522289330911,504.2080169409586,487.54082057070855,504.2080169409586,19.213540759614723,0.0,1,3.404341001441935,8,8,True
1.0,0,incident,18,154,662.3107217117307,662.9025353355477,556.8153756110175,548.9082270212261,556.8153756110175,15.928376612726765,0.0,1,1.5221329995256383,12,12,True
1.0,0,incident,69,136,615.6169406272851,471.78399518623064,579.9623864347877,517.0430755317981,579.9623864347877,5.7916785324599775,0.0,1,0.2848954973160289,11,11,True
1.0,0,incident,183,19,506.15329694019783,482.8941060897105,428.9394175816898,419.0180229148396,428.9394175816898,15.255038310583382,0.0,1,0.32708700018702075,10,10,True
1.0,0,incident,152,154,636.6178755176982,636.6178755176982,599.9686356687528,461.82210020650894,599.3196213045862,5.858813528096578,0.10817471540709978,1,0.6944634988030884,10,10,True
1.0,0,incident,184,31,414.4089128150856,414.4089128150856,414.4089128150856,412.4969252180798,414.4089128150856,0.0,0.0,0,0.17468599980929866,8,8,True
1.0,0,incident,76,124,619.0382084909854,636.1377148307547,567.4143866137019,442.26081534225295,567.4143866137019,8.339359536970365,0.0,1,0.21044649838586338,9,9,True
1.0,0,incident,89,29,1036.212606572328,1087.8520940395758,616.0899555781103,594.5511456377686,616.0899555781103,40.544059040541406,0.0,1,0.9718475012050476,16,16,True
1.0,0,incident,158,120,790.945871976137,688.6954957242186,650.5219600919846,631.6010775775305,688.6954957242186,12.927607295863517,-5.868139428657599,0,0.14751699927728623,10,10,True
1.0,0,incident,5,148,1040.973940175631,1073.491138861792,839.5108946860712,718.9135362769488,839.5108946860712,19.35332266392465,0.0,2,0.39274566612827283,11,11,True
1.0,0,incident,89,25,853.4739244696381,691.3997779351398,687.7929391673856,578.4122063448327,666.7417072835351,21.879077008959737,3.0606932239424087,1,0.906878001842415,10,10,True
1.0,0,incident,16,82,954.7244203292357,785.573000112782,692.938412331988,736.2185780974102,692.938412331988,27.420059906603317,0.0,1,0.4257649998180568,13,13,True
1.0,0,incident,64,197,1131.7554140431646,1028.266281776299,861.4811802353559,813.2900849596707,931.9293328839656,17.656295581156172,-8.17756142152326,0,0.5293020003591664,13,13,True
0.7,0,peak_hour,18,160,429.59065972763057,534.9663282083176,429.59065972763057,429.59065972763057,429.59065972763057,0.0,0.0,0,1.6369190052500926,0,0,
0.7,0,peak_hour,135,90,441.1198057268021,441.1198057268021,441.1198057268021,441.01243208201464,441.01243208201464,0.024341152538038056,0.024341152538038056,0,0.22506599634652957,0,0,
0.7,0,peak_hour,89,177,491.15960157513643,698.0729183313426,491.15960157513643,491.15960157513643,491.15960157513643,0.0,0.0,0,0.2439640011289157,0,0,
0.7,0,peak_hour,152,157,397.7094044553435,398.2050029322493,397.7094044553435,398.7703248783953,398.7703248783953,-0.26675769070754685,-0.26675769070754685,0,0.7732379963272251,0,0,
0.7,0,peak_hour,14,200,667.5857305564498,630.6968060275057,667.5857305564498,607.0960201440404,607.0960201440404,9.060965153043293,9.060965153043293,0,0.3497700017760508,0,0,
0.7,0,peak_hour,92,184,363.10190800185524,362.51063735352466,363.10190800185524,362.51063735352466,362.51063735352466,0.1628387610476443,0.1628387610476443,0,0.13993099855724722,0,0,
0.7,0,peak_hour,75,200,612.591295075461,634.646490089127,612.591295075461,616.5188368759191,616.5188368759191,-0.6411357510351698,-0.6411357510351698,0,0.2821790039888583,0,0,
0.7,0,peak_hour,187,76,436.5671331275276,533.4763106988225,436.5671331275276,432.663575888346,432.663575888346,0.8941482175300031,0.8941482175300031,0,0.4442489953362383,0,0,
0.7,0,peak_hour,33,172,483.63516314656965,485.86685156946714,483.63516314656965,483.63516314656965,485.22419821421056,-0.3285606979654903,-0.3285606979654903,0,0.2051559931715019,0,0,
0.7,0,peak_hour,130,144,595.2632573763302,703.1104573736568,595.2632573763302,618.7437996713197,618.7437996713197,-3.9445643593864417,-3.9445643593864417,0,0.2830600060406141,0,0,
0.7,0,peak_hour,90,166,845.2781619069711,807.9403747742389,845.2781619069711,788.104283373872,766.2901464963535,9.344618016916288,9.344618016916288,0,0.2708909960347228,0,0,
0.7,0,peak_hour,131,28,960.2444729024119,694.4419927147837,960.2444729024119,641.3850426475766,641.3850426475766,33.206067751794336,33.206067751794336,0,0.8383980020880699,0,0,
0.7,0,peak_hour,50,23,484.0084151352439,484.4642008770271,484.0084151352439,482.69626633538155,482.69626633538155,0.27110041041243543,0.27110041041243543,0,0.738121998438146,0,0,
0.7,0,peak_hour,16,158,506.54211920119667,529.9296353664614,506.54211920119667,472.2715332075163,472.2715332075163,6.765594546752431,6.765594546752431,0,0.281052001810167,0,0,
0.7,0,peak_hour,189,60,539.4532107261981,531.9936554763992,539.4532107261981,539.4532107261981,539.4532107261981,0.0,0.0,1,0.1299640025536064,0,0,
0.7,0,peak_hour,104,162,541.6623810201241,688.6458073807886,541.6623810201241,549.0836086548704,549.0836086548704,-1.3700836341578186,-1.3700836341578186,0,0.25257199740735814,0,0,
0.7,0,peak_hour,86,168,473.25824966346664,488.1946205949128,473.25824966346664,604.8159191998776,604.8159191998776,-27.798283417132495,-27.798283417132495,0,0.3305930003989488,0,0,
0.7,0,peak_hour,66,34,427.90294693064345,427.90294693064345,427.90294693064345,427.90294693064345,427.90294693064345,0.0,0.0,0,0.20948200108250603,0,0,
0.7,0,peak_hour,148,33,614.0002029643192,621.5740981636383,614.0002029643192,603.2145062729351,605.756273920343,1.3426590095859106,1.3426590095859106,0,0.22556799376616254,0,0,
0.7,0,peak_hour,34,78,666.4572518707898,611.227434949669,666.4572518707898,611.227434949669,611.98078260121,8.174038037197553,8.174038037197553,1,0.1770544986356981,0,0,
0.7,0,peak_hour,125,74,664.9375706685316,664.8114878178031,664.9375706685316,660.7709771132797,660.0169298594,0.7400154580202817,0.7400154580202817,0,0.4972809983883053,0,0,
0.7,0,peak_hour,198,18,415.13620013443926,414.30891035932723,415.13620013443926,413.9420394189299,413.9420394189299,0.2876551635638284,0.2876551635638284,0,0.3714080012287013,0,0,
0.7,0,peak_hour,158,200,609.63857258191,609.63857258191,609.63857258191,609.63857258191,609.63857258191,0.0,0.0,0,0.2721530036069453,0,0,
0.7,0,peak_hour,54,148,529.797573216483,618.4766452887958,529.797573216483,600.0438766596263,529.797573216483,0.0,0.0,0,0.2577479972387664,0,0,
0.7,0,peak_hour,92,186,741.5180812245269,729.858471761316,741.5180812245269,712.2306787619652,712.2306787619652,3.9496545268588834,3.9496545268588834,1,0.17157999900518917,0,0,
0.7,0,peak_hour,130,17,713.9976440687518,751.8176787391442,713.9976440687518,751.8176787391442,751.8176787391442,-5.296941101216103,-5.296941101216103,0,0.2970670029753819,0,0,
0.7,0,peak_hour,162,8,421.4249865254911,420.8883428701667,421.4249865254911,421.3854219687476,421.4249865254911,0.0,0.0,1,0.14609850040869787,0,0,
0.7,0,peak_hour,140,21,329.923191630116,330.045587826276,329.923191630116,329.923191630116,329.923191630116,0.0,0.0,0,0.15439800336025655,0,0,
0.7,0,peak_hour,164,35,524.0907703446031,524.0907703446031,524.0907703446031,523.8800562381613,524.0907703446031,0.0,0.0,0,0.2693819988053292,0,0,
0.7,0,peak_hour,92,71,463.79647697078514,463.79647697078514,463.79647697078514,463.79647697078514,463.79647697078514,0.0,0.0,0,0.16342500020982698,0,0,
0.7,0,peak_hour,75,171,432.70284886484103,432.70284886484103,432.70284886484103,386.4423597114434,386.4423597114434,10.691052595275972,10.691052595275972,0,0.15711699961684644,0,0,
0.7,0,peak_hour,2,185,490.7464695978283,490.89281460867204,490.7464695978283,490.89281460867204,490.89281460867204,-0.02982089936656348,-0.02982089936656348,0,0.21735000336775556,0,0,
0.7,0,peak_hour,50,136,487.5682785953942,489.3052140546596,487.5682785953942,487.61292399001366,486.60066249049225,0.19845755915242927,0.19845755915242927,0,1.2604969961103052,0,0,
0.7,0,peak_hour,127,189,674.9375751945676,674.9375751945676,674.9375751945676,676.6799466892018,674.9375751945676,0.0,0.0,0,0.4087039997102693,0,0,
0.7,0,peak_hour,128,106,562.6106987035646,562.6106987035646,562.6106987035646,562.6106987035646,562.6106987035646,0.0,0.0,0,0.5941650015302002,0,0,
0.7,0,peak_hour,37,34,366.52197298826155,366.52197298826155,366.52197298826155,357.6986524262037,357.6986524262037,2.4073101238982035,2.4073101238982035,0,0.15936599811539054,0,0,
0.7,0,peak_hour,200,205,404.6834679539757,404.6834679539757,404.6834679539757,404.6834679539757,404.6834679539757,0.0,0.0,0,0.188817000889685,0,0,
0.7,0,peak_hour,31,184,420.5641908183675,553.6208454329031,420.5641908183675,420.5641908183675,420.5641908183675,0.0,0.0,0,1.7993829969782382,0,0,
0.7,0,peak_hour,18,154,566.8652821823938,555.0932719071634,566.8652821823938,577.8691575142933,566.1445817830628,0.12713786184900217,0.12713786184900217,0,1.263015998119954,0,0,
0.7,0,peak_hour,69,136,766.3225696360001,800.0075454456883,766.3225696360001,761.6294538231139,761.6294538231139,0.6124204086949293,0.6124204086949293,0,0.4274500024621375,0,0,
0.7,0,peak_hour,183,19,368.96847018521913,373.4457913170322,368.96847018521913,367.9933630297578,367.9933630297578,0.2642792634752326,0.2642792634752326,0,0.44389300455804914,0,0,
0.7,0,peak_hour,152,154,382.82754436171007,376.81429171162813,382.82754436171007,382.55657614708196,382.55657614708196,0.07078075196493475,0.07078075196493475,0,0.8730200061108917,0,0,
0.7,0,peak_hour,184,31,315.30296335176445,326.01137368692,315.30296335176445,315.30296335176445,315.30296335176445,0.0,0.0,0,0.19035399600397795,0,0,
0.7,0,peak_hour,76,124,790.2519724183506,911.3347231937352,790.2519724183506,800.283288600693,794.0661099527154,-0.4826482776996527,-0.4826482776996527,1,0.17961099729291163,0,0,
0.7,0,peak_hour,89,29,887.579799144167,871.1817037219678,887.579799144167,867.4982024526546,867.4982024526546,2.2625116874984963,2.2625116874984963,0,0.45947400212753564,0,0,
0.7,0,peak_hour,158,120,596.294199802762,617.2372122365447,596.294199802762,596.294199802762,596.294199802762,0.0,0.0,0,0.5645389974233694,0,0,
0.7,0,peak_hour,5,148,438.5074031249991,439.22068422097703,438.5074031249991,438.5074031249991,438.5074031249991,0.0,0.0,0,0.21087600180180743,0,0,
0.7,0,peak_hour,89,25,571.0534502733761,597.0293013858269,571.0534502733761,574.1183519657707,574.1183519657707,-0.5367101259833542,-0.5367101259833542,0,0.8555200038244948,0,0,
0.7,0,peak_hour,16,82,616.3320794620498,643.7062345926307,616.3320794620498,594.1278928125131,595.6819570132158,3.3504863915014775,3.3504863915014775,0,0.35283699980936944,0,0,
0.7,0,peak_hour,64,197,554.4137987132924,518.0824960114384,554.4137987132924,520.143212719612,520.143212719612,6.181409278271396,6.181409278271396,0,0.20455699996091425,0,0,
0.7,0,off_peak,18,160,458.3444013512905,458.3444013512905,458.3444013512905,456.76901519668365,457.9306504415246,0.09027074587277054,0.09027074587277054,0,1.639421003346797,0,0,
0.7,0,off_peak,135,90,371.09297295466865,372.61305045070566,371.09297295466865,371.09297295466865,371.09297295466865,0.0,0.0,0,0.22943600197322667,0,0,
0.7,0,off_peak,89,177,450.53693273129204,450.53693273129204,450.53693273129204,451.0020131980052,440.9501915615443,2.12784801273228,2.12784801273228,1,0.10474250302650034,0,0,
0.7,0,off_peak,152,157,377.1946760243137,377.1946760243137,377.1946760243137,377.01888305401224,377.01888305401224,0.04660536891834098,0.04660536891834098,0,0.799467001343146,0,0,
0.7,0,off_peak,14,200,486.1354666910935,486.1354666910935,486.1354666910935,485.9278997276883,485.9278997276883,0.042697350353384386,0.042697350353384386,0,0.18902000010712072,0,0,
0.7,0,off_peak,92,184,346.1567129895652,346.9316363893323,346.1567129895652,346.9316363893323,346.9316363893323,-0.2238649058903127,-0.2238649058903127,0,0.13611799658974633,0,0,
0.7,0,off_peak,75,200,449.1201459538004,449.1201459538004,449.1201459538004,445.6398364965783,445.6398364965783,0.7749172439884431,0.7749172439884431,0,0.2119330019922927,0,0,
0.7,0,off_peak,187,76,325.2609179415583,325.2609179415583,325.2609179415583,326.3526299748729,326.3526299748729,-0.3356419333203591,-0.3356419333203591,0,0.19558899657567963,0,0,
0.7,0,off_peak,33,172,393.19758630923315,393.19758630923315,393.19758630923315,393.19758630923315,393.19758630923315,0.0,0.0,0,0.16623300325591117,0,0,
0.7,0,off_peak,130,144,334.6940279477832,334.6940279477832,334.6940279477832,334.6940279477832,334.6940279477832,0.0,0.0,0,0.17087099695345387,0,0,
0.7,0,off_peak,90,166,420.6915952638841,420.6915952638841,420.6915952638841,399.88058332460884,399.88058332460884,4.946857073819431,4.946857073819431,0,0.16832799883559346,0,0,
0.7,0,off_peak,131,28,425.57051126052176,426.21681900473646,425.57051126052176,424.5272991409437,426.21681900473646,-0.15186854519134174,-0.15186854519134174,0,0.2549170021666214,0,0,
0.7,0,off_peak,50,23,408.7301401179982,408.158146529321,408.7301401179982,408.06235980913686,408.06235980913686,0.16337926747181894,0.16337926747181894,0,0.7950700019137003,0,0,
0.7,0,off_peak,16,158,414.7075970579427,440.9186376549823,414.7075970579427,410.9361757309168,410.9361757309168,0.9094169853124162,0.9094169853124162,0,0.22049399558454752,0,0,
0.7,0,off_peak,189,60,645.347422113689,645.347422113689,645.347422113689,463.88370111515593,463.88370111515593,28.11876437100963,28.11876437100963,0,0.21695200121030211,0,0,
0.7,0,off_peak,104,162,385.134239939415,385.134239939415,385.134239939415,385.134239939415,385.134239939415,0.0,0.0,0,0.2349600035813637,0,0,
0.7,0,off_peak,86,168,375.7970102156827,375.7970102156827,375.7970102156827,375.7970102156827,375.7970102156827,0.0,0.0,0,0.14232600369723514,0,0,
0.7,0,off_peak,66,34,420.31699432864616,420.31699432864616,420.31699432864616,420.31699432864616,420.31699432864616,0.0,0.0,0,0.26589800108922645,0,0,
0.7,0,off_peak,148,33,369.8155093822752,369.8155093822752,369.8155093822752,369.8155093822752,369.8155093822752,0.0,0.0,0,0.17950600158656016,0,0,
0.7,0,off_peak,34,78,464.1826397126729,462.7979517426997,464.1826397126729,462.64311534962616,463.1613092721898,0.22002771174624217,0.22002771174624217,1,0.12969800081918947,0,0,
0.7,0,off_peak,125,74,347.64112066704,348.14895294155554,347.64112066704,343.84743820085134,343.84743820085134,1.0912640193166743,1.0912640193166743,0,0.4996329953428358,0,0,
0.7,0,off_peak,198,18,407.3037215828781,407.43120392495854,407.3037215828781,406.93145570798714,406.93145570798714,0.09139761194526871,0.09139761194526871,0,0.3962920018238947,0,0,
0.7,0,off_peak,158,200,486.4215610844868,486.4215610844868,486.4215610844868,486.4215610844868,486.4215610844868,0.0,0.0,0,0.23639199935132638,0,0,
0.7,0,off_peak,54,148,349.22232202210625,349.22232202210625,349.22232202210625,349.22232202210625,349.22232202210625,0.0,0.0,0,0.21064899920020252,0,0,
0.7,0,off_peak,92,186,639.019682179211,639.019682179211,639.019682179211,633.1065722829006,633.1065722829006,0.9253408089317803,0.9253408089317803,0,0.30373600020539016,0,0,
0.7,0,off_peak,130,17,339.05155803974947,339.05155803974947,339.05155803974947,339.64097561489086,339.64097561489086,-0.1738430516435778,-0.1738430516435778,0,0.33316099870717153,0,0,
0.7,0,off_peak,162,8,423.3809384332039,423.45735877872175,423.3809384332039,423.45735877872175,423.45735877872175,-0.018050020343542503,-0.018050020343542503,1,0.1484949971199967,0,0,
0.7,0,off_peak,140,21,309.4903906178253,309.4903906178253,309.4903906178253,309.4903906178253,309.4903906178253,0.0,0.0,0,0.1824790015234612,0,0,
0.7,0,off_peak,164,35,418.271034309131,418.271034309131,418.271034309131,415.51948601452324,415.51948601452324,0.6578385948127025,0.6578385948127025,1,0.1444709960196633,0,0,
0.7,0,off_peak,92,71,481.9858112974302,481.9858112974302,481.9858112974302,474.4650845676067,474.4650845676067,1.5603626815442684,1.5603626815442684,0,0.15633300063200295,0,0,
0.7,0,off_peak,75,171,293.8167254997655,293.8167254997655,293.8167254997655,293.8167254997655,293.8167254997655,0.0,0.0,0,0.17051599570550025,0,0,
0.7,0,off_peak,2,185,471.78320433918856,471.78320433918856,471.78320433918856,471.78320433918856,471.78320433918856,0.0,0.0,0,0.22057999740354717,0,0,
0.7,0,off_peak,50,136,422.3595169670641,424.5470315290255,422.3595169670641,422.25010339376763,422.25010339376763,0.025905317366155353,0.025905317366155353,0,0.3994349972344935,0,0,
0.7,0,off_peak,127,189,401.1052264917357,403.83988641722766,401.1052264917357,400.9530820967565,400.9530820967565,0.03793129207265025,0.03793129207265025,0,0.3776660014409572,0,0,
0.7,0,off_peak,128,106,346.9663460730082,339.174485731609,346.9663460730082,346.07611413874207,346.07611413874207,0.2565758738107714,0.2565758738107714,0,0.5664830023306422,0,0,
0.7,0,off_peak,37,34,333.8882973087119,333.8882973087119,333.8882973087119,333.8882973087119,333.8882973087119,0.0,0.0,0,0.26033000176539645,0,0,
0.7,0,off_peak,200,205,382.0432067363669,382.0432067363669,382.0432067363669,382.0432067363669,382.0432067363669,0.0,0.0,0,0.16764499741839245,0,0,
0.7,0,off_peak,31,184,456.1268658007208,452.86280149913745,456.1268658007208,457.3408171207715,457.3408171207715,-0.26614334981554255,-0.26614334981554255,0,0.8619149957667105,0,0,
0.7,0,off_peak,18,154,419.4458099198507,419.4458099198507,419.4458099198507,407.63434388022335,407.63434388022335,2.815969491239963,2.815969491239963,0,1.3409250022959895,0,0,
0.7,0,off_peak,69,136,348.04518648948135,352.26932376259697,348.04518648948135,348.04518648948135,348.04518648948135,0.0,0.0,0,0.1958370048669167,0,0,
0.7,0,off_peak,183,19,347.89907428006893,347.91582478136365,347.89907428006893,347.91582478136365,347.91582478136365,-0.004814758800202631,-0.004814758800202631,0,0.34710500040091574,0,0,
0.7,0,off_peak,152,154,374.6912869266686,374.6912869266686,374.6912869266686,362.60035172426916,362.60035172426916,3.2269058887312205,3.2269058887312205,0,0.8132439979817718,0,0,
0.7,0,off_peak,184,31,271.99881707356485,271.99881707356485,271.99881707356485,271.99881707356485,271.99881707356485,0.0,0.0,0,0.21857800311408937,0,0,
0.7,0,off_peak,76,124,417.4351172993041,490.53377592038146,417.4351172993041,417.4351172993041,417.4351172993041,0.0,0.0,0,0.23877600324340165,0,0,
0.7,0,off_peak,89,29,543.5338930147626,539.7085036260271,543.5338930147626,539.7085036260271,543.5338930147626,0.0,0.0,0,0.6078799997339956,0,0,
0.7,0,off_peak,158,120,378.93291325323196,378.93291325323196,378.93291325323196,378.93291325323196,378.93291325323196,0.0,0.0,0,0.1351629980490543,0,0,
0.7,0,off_peak,5,148,386.42605843026644,386.42605843026644,386.42605843026644,386.42605843026644,386.42605843026644,0.0,0.0,0,0.23036600032355636,0,0,
0.7,0,off_peak,89,25,359.19726279689945,359.19726279689945,359.19726279689945,359.19726279689945,359.19726279689945,0.0,0.0,0,0.17301699699601158,0,0,
0.7,0,off_peak,16,82,449.0777574123882,445.88627177363844,449.0777574123882,449.0777574123882,449.0777574123882,0.0,0.0,0,0.2667340013431385,0,0,
0.7,0,off_peak,64,197,454.77354555761036,454.77354555761036,454.77354555761036,454.77354555761036,454.77354555761036,0.0,0.0,0,0.178672002220992,0,0,
0.7,0,incident,18,160,884.6068561776224,666.4613678895686,858.9355786263616,617.6397432549139,858.9355786263616,2.9019984835055586,0.0,0,1.3395000059972517,13,9,True
0.7,0,incident,135,90,759.1896289675155,890.492175269706,730.5588770576251,730.3435043621829,730.5588770576251,3.7712253720888933,0.0,1,0.27805149875348434,10,6,True
0.7,0,incident,89,177,972.2244860041257,980.1057520912299,808.6531711902919,786.4931296427053,808.6531711902919,16.824438920080812,0.0,1,0.40865099799702875,10,7,True
0.7,0,incident,152,157,559.3841066473466,494.13663207415533,454.8370869925177,416.2820805737883,413.5002406361121,26.07937270252197,9.088275239324451,1,0.4415399998833891,10,9,True
0.7,0,incident,14,200,963.7998528465381,918.0716854160308,889.9827355519445,904.8800469306801,889.6507751920911,7.693410352310296,0.03729964038544071,1,0.2778905036393553,14,10,True
0.7,0,incident,92,184,526.8051107043132,520.1549135973848,489.7110269981358,489.7110269981358,489.7110269981358,7.041329507336087,0.0,1,0.18299100338481367,10,7,True
0.7,0,incident,75,200,959.7811964364539,918.8590857010272,877.0281893733712,800.7212958043258,877.0281893733712,8.622070047874884,0.0,1,0.34813149977708235,13,6,True
0.7,0,incident,187,76,571.9004440838625,571.9004440838625,518.6664522494909,386.07805990966654,571.9004440838625,0.0,-10.263627347304256,0,0.19422399782342836,8,4,True
0.7,0,incident,33,172,873.2799710101001,789.8913381693515,578.3214488665176,578.3214488665176,662.1909858336056,24.171971439163247,-14.502235241571675,1,0.15612599963787943,10,5,True
0.7,0,incident,130,144,609.3695769233575,609.3695769233575,609.3695769233575,609.3695769233575,609.3695769233575,0.0,0.0,0,0.1582629993208684,8,6,True
0.7,0,incident,90,166,565.9564613171575,496.6337189128914,496.6337189128914,496.6337189128914,496.6337189128914,12.24877656541466,0.0,0,0.17887599824462086,8,6,True
0.7,0,incident,131,28,1413.7103687747062,693.4565078702333,695.2951643366073,742.7008963134952,695.2951643366073,50.817707806781186,0.0,1,0.9711080019769724,17,10,True
0.7,0,incident,50,23,636.6508103004454,635.9715132503255,563.8488846848587,563.8488846848587,563.8488846848587,11.435142222033825,0.0,1,0.7302720005100127,11,10,True
0.7,0,incident,16,158,721.5009745070845,857.2913514928024,700.1597167295879,700.1597167295879,721.5009745070845,0.0,-3.0480556461003747,0,0.19177400099579245,10,7,True
0.7,0,incident,189,60,722.6633070149845,722.6633070149845,722.6633070149845,722.6633070149845,722.6633070149845,0.0,0.0,0,0.1768910005921498,11,9,True
0.7,0,incident,104,162,605.4050286650571,605.4050286650571,577.2842706891464,537.9430027146225,577.2842706891464,4.6449495204752616,0.0,1,0.18884549717768095,9,7,True
0.7,0,incident,86,168,1086.8941140974853,1025.8195608173708,833.3570049273449,807.2449223347096,833.3570049273449,23.32675334990362,0.0,0,0.2962770013255067,9,6,True
0.7,0,incident,66,34,1042.062353513627,1065.2837996252001,641.8246714555014,636.7881885810106,641.8246714555014,38.40822775226489,0.0,2,0.2639906621576908,12,11,True
0.7,0,incident,148,33,1315.4108483104421,1274.9306142659525,1288.2528418890245,1282.461523175882,1193.3188973024735,9.281659123063159,7.36920125457243,1,0.19341900406288914,10,5,True
0.7,0,incident,34,78,1526.30900121433,1015.7059572889332,974.903623471569,981.028524980064,1062.1455272193443,30.41084561682449,-8.948772129609345,1,0.569166997593129,17,12,True
0.7,0,incident,125,74,555.0831007347957,532.4749715724836,460.93610480250504,461.98574681648915,460.93610480250504,16.96088311960188,0.0,1,0.4367245019238908,11,7,True
0.7,0,incident,198,18,636.386211774002,636.386211774002,636.386211774002,638.0990600712705,636.386211774002,0.0,0.0,0,0.33273200097028166,11,7,True
0.7,0,incident,158,200,811.5610213373265,811.5610213373265,811.5610213373265,811.5610213373265,811.5610213373265,0.0,0.0,0,0.1893840017146431,12,4,True
0.7,0,incident,54,148,630.7283932490619,935.9736011720302,601.9904214802689,608.4453667355019,601.9904214802689,4.556314901372293,0.0,1,0.2625625020300504,12,9,True
0.7,0,incident,92,186,1252.3381216747578,1003.6001697612777,954.8250506991338,987.2492605548032,988.6506150155722,21.05561605890868,-3.5425928856465227,2,0.3617210022639483,18,15,True
0.7,0,incident,130,17,567.4509663474771,567.4509663474771,544.3246900670877,528.5099506534882,567.4509663474771,0.0,-4.248617911772319,0,0.19947699911426753,8,6,True
0.7,0,incident,162,8,1147.7978111093355,1130.9632891622987,864.7562363851661,844.7007713328651,864.7562363851661,24.659532540022226,0.0,1,0.47554700358887203,11,9,True
0.7,0,incident,140,21,797.1874398631701,874.7304890489111,696.26806632842,695.115022437341,756.5958328726985,5.091852299810294,-8.664445414307236,1,0.17274600031669252,11,8,True
0.7,0,incident,164,35,646.1500847594451,646.1500847594451,646.1500847594451,646.1500847594451,646.1500847594451,0.0,0.0,0,0.18342599651077762,10,4,True
0.7,0,incident,92,71,695.4838216018379,695.4838216018379,662.3234299940938,662.3234299940938,662.3234299940938,4.7679601707152806,0.0,1,0.2058989994111471,11,9,True
0.7,0,incident,75,171,492.27775690252673,492.27775690252673,492.27775690252673,489.0268152721025,492.27775690252673,0.0,0.0,0,0.17095499788410962,8,4,True
0.7,0,incident,2,185,751.9708634988833,751.9708634988833,674.533519178782,674.1550717956275,674.533519178782,10.297918187918775,0.0,1,0.35859849958796985,12,8,True
0.7,0,incident,50,136,671.6626592801681,672.109027233917,564.001735567973,564.4481035217219,564.001735567973,16.02901727893837,0.0,1,0.7860475016059354,12,10,True
0.7,0,incident,127,189,665.2636607822642,668.1465196641473,571.7763545284877,570.1120095909524,574.4422089427942,13.651948421874675,-0.4662407588549033,1,0.38328400114551187,13,9,True
0.7,0,incident,128,106,686.5200470389967,649.1771923140413,644.3767279287677,666.2474483048313,643.2739813426983,6.299315785871269,0.17113383185235365,1,0.5084725016786251,12,9,True
0.7,0,incident,37,34,506.7460763310718,506.7460763310718,468.80328918797807,498.71632966179175,468.80328918797807,7.4875344704799645,0.0,1,0.17591649884707294,9,8,True
0.7,0,incident,200,205,598.9465786224499,598.9465786224499,565.7861870147058,566.6849662502841,565.7861870147058,5.536452296632455,0.0,1,0.22535899552167393,10,9,True
0.7,0,incident,31,184,623.1431837065081,593.9311715513358,487.54082057070855,487.54082057070855,487.54082057070855,21.76102807210781,0.0,1,2.3641589978069533,9,7,True
0.7,0,incident,18,154,662.2106805114176,618.8207129825748,599.1483813496178,574.5324174917499,599.1483813496178,9.522996384337619,0.0,1,1.5427335019921884,12,8,True
0.7,0,incident,69,136,601.0518759782641,592.7541198258047,581.7375911486404,581.7375911486404,581.7375911486404,3.213413950033521,0.0,1,0.2329560011276044,9,7,True
0.7,0,incident,183,19,540.1339083763446,519.7300954123539,439.6210141189275,419.0180229148396,439.6210141189275,18.608884333805527,0.0,1,0.2919060025305953,12,9,True
0.7,0,incident,152,154,644.6170706784499,644.6170706784499,622.1760133542091,461.82210020650894,621.5269989900424,3.5819826589614614,0.10431362672883342,1,0.6224344979273155,10,8,True
0.7,0,incident,184,31,445.9405703947755,445.9405703947755,420.73201230990037,420.73201230990037,420.73201230990037,5.652896318125722,0.0,1,0.16792749738669954,8,7,True
0.7,0,incident,76,124,619.0382084909854,636.1377148307547,567.4143866137019,442.26081534225295,567.4143866137019,8.339359536970365,0.0,1,0.14094899961492047,9,6,True
0.7,0,incident,89,29,1329.0833892791477,1329.0833892791477,1382.4547561783631,1349.3749026719995,1382.4547561783631,-4.015652240463434,0.0,1,0.5627740029012784,14,11,True
0.7,0,incident,158,120,869.106738130192,758.7698397658146,790.5701903324555,780.2548055136291,820.7537048460923,5.563532206426912,-3.8179424019192902,2,0.5299526649954108,11,5,True
0.7,0,incident,5,148,1288.519397906689,908.5912270552298,911.0955030476442,913.0758898956419,960.6484828126676,25.445555233912348,-5.438834853126483,0,0.3810840062214993,12,4,True
0.7,0,incident,89,25,853.4739244696381,691.3997779351398,817.4540004735776,731.6923871748976,728.1977359381978,14.67838500271568,10.918811882218545,1,1.3846175024809781,10,7,True
0.7,0,incident,16,82,979.3888994108963,738.1279559592796,764.0885533308876,723.0287570657525,782.9136134679416,20.061008049114594,-2.463727542441243,1,0.39868949897936545,14,12,True
0.7,0,incident,64,197,1025.9613222022654,892.5258481620037,981.3013983582646,980.8927122057132,919.5120356371435,10.375565263671378,6.2966752951229665,0,0.4677699980675243,13,8,True
0.7,1,peak_hour,18,160,431.8747896688751,537.205731718918,431.8747896688751,429.59065972763057,429.59065972763057,0.5288870746532394,0.5288870746532394,0,0.986232997092884,0,0,
0.7,1,peak_hour,135,90,434.627636971452,441.1198057268021,434.627636971452,441.01243208201464,437.5599237118443,-0.6746664249942605,-0.6746664249942605,0,0.4484590026549995,0,0,
0.7,1,peak_hour,89,177,510.07644151579956,698.0729183313426,510.07644151579956,510.07644151579956,510.39133194450386,-0.06173396829866111,-0.06173396829866111,0,0.23688800138188526,0,0,
0.7,1,peak_hour,152,157,398.00859743312446,397.71066773534767,398.00859743312446,398.7703248783953,398.7703248783953,-0.19138467113108307,-0.19138467113108307,0,0.9411389983142726,0,0,
0.7,1,peak_hour,14,200,607.0960201440404,630.6968060275057,607.0960201440404,607.0960201440404,607.0960201440404,0.0,0.0,0,0.24262799706775695,0,0,
0.7,1,peak_hour,92,184,361.9732371839424,360.8510023074765,361.9732371839424,362.51063735352466,362.51063735352466,-0.14846406153203573,-0.14846406153203573,0,0.14256900612963364,0,0,
0.7,1,peak_hour,75,200,612.591295075461,601.7519479274109,612.591295075461,612.591295075461,612.591295075461,0.0,0.0,0,0.272170000243932,0,0,
0.7,1,peak_hour,187,76,397.603135075916,569.3635308341114,397.603135075916,443.06672560065306,431.68083319038385,-8.570782045760597,-8.570782045760597,0,0.3479170045466162,0,0,
0.7,1,peak_hour,33,172,500.5185139575477,501.1611673128043,500.5185139575477,485.22419821421056,485.22419821421056,3.055694308369655,3.055694308369655,0,0.15472999803023413,0,0,
0.7,1,peak_hour,130,144,593.3513923498024,703.1104573736568,593.3513923498024,591.9071780916912,591.9071780916912,0.24339948919505638,0.24339948919505638,0,0.27399200189393014,0,0,
0.7,1,peak_hour,90,166,760.236125041385,807.9403747742389,760.236125041385,770.6471563630829,738.4219881638664,2.8693896749948626,2.8693896749948626,1,0.2127129992004484,0,0,
0.7,1,peak_hour,131,28,641.1937334102404,694.4419927147837,641.1937334102404,641.1937334102404,641.1937334102404,0.0,0.0,1,0.7649159961147234,0,0,
0.7,1,peak_hour,50,23,485.51327799039603,485.5559879132583,485.51327799039603,484.04009064933905,484.04009064933905,0.3034288469214895,0.3034288469214895,0,0.5811360024381429,0,0,
0.7,1,peak_hour,16,158,472.2715332075163,529.9296353664614,472.2715332075163,472.2715332075163,472.2715332075163,0.0,0.0,0,0.20594299712684005,0,0,
0.7,1,peak_hour,189,60,618.5727286497721,531.9936554763992,618.5727286497721,531.9936554763992,618.5727286497721,0.0,0.0,1,0.10687849862733856,0,0,
0.7,1,peak_hour,104,162,556.2055066796563,688.6458073807886,556.2055066796563,559.4956211198743,559.4956211198743,-0.5915285628613682,-0.5915285628613682,0,0.20582800061674789,0,0,
0.7,1,peak_hour,86,168,487.8865199916466,488.1946205949128,487.8865199916466,539.0706357891231,541.694212469066,-11.028731123446628,-11.028731123446628,0,0.18754800112219527,0,0,
0.7,1,peak_hour,66,34,427.90294693064345,427.90294693064345,427.90294693064345,427.90294693064345,427.90294693064345,0.0,0.0,0,0.19046999659622088,0,0,
0.7,1,peak_hour,148,33,628.323095472007,621.5740981636383,628.323095472007,630.864863119415,630.864863119415,-0.4045319463386139,-0.4045319463386139,0,0.22028300008969381,0,0,
0.7,1,peak_hour,34,78,709.7491825892542,610.499221306984,709.7491825892542,610.499221306984,610.499221306984,13.983807761524128,13.983807761524128,0,0.2044649954768829,0,0,
0.7,1,peak_hour,125,74,681.7982630594187,657.9614539954574,681.7982630594187,653.1668960370542,653.7948604402053,4.1072857084666525,4.1072857084666525,0,0.4597129955072887,0,0,
0.7,1,peak_hour,198,18,413.385175791634,413.385175791634,413.385175791634,413.385175791634,414.30891035932723,-0.22345614254895507,-0.22345614254895507,1,0.2037425001617521,0,0,
0.7,1,peak_hour,158,200,609.63857258191,609.63857258191,609.63857258191,609.63857258191,609.63857258191,0.0,0.0,0,0.20556199888233095,0,0,
0.7,1,peak_hour,54,148,618.4766452887958,618.4766452887958,618.4766452887958,618.4766452887958,618.4766452887958,0.0,0.0,0,0.14495399955194443,0,0,
0.7,1,peak_hour,92,186,729.858471761316,728.7362368848501,729.858471761316,700.2492284674727,700.2492284674727,4.056847243601816,4.056847243601816,1,0.1393409984302707,0,0,
0.7,1,peak_hour,130,17,687.508096723149,751.8176787391442,687.508096723149,663.4940512517949,663.4940512517949,3.492910932367437,3.492910932367437,0,0.23306899674935266,0,0,
0.7,1,peak_hour,162,8,421.0427267345902,421.0427267345902,421.0427267345902,420.8487783134232,420.8487783134232,0.04606383363302295,0.04606383363302295,1,0.13395900168688968,0,0,
0.7,1,peak_hour,140,21,330.045587826276,330.045587826276,330.045587826276,330.045587826276,330.045587826276,0.0,0.0,0,0.1426839953637682,0,0,
0.7,1,peak_hour,164,35,414.1553124885744,523.8800562381613,414.1553124885744,414.1553124885744,414.3660265950163,-0.05087804021534206,-0.05087804021534206,0,0.1588910017744638,0,0,
0.7,1,peak_hour,92,71,463.79647697078514,463.0798421809935,463.79647697078514,463.0798421809935,463.0798421809935,0.15451492742510717,0.15451492742510717,0,0.19442100165179,0,0,
0.7,1,peak_hour,75,171,386.4423597114434,386.4423597114434,386.4423597114434,386.4423597114434,386.4423597114434,0.0,0.0,0,0.14741400082129985,0,0,
0.7,1,peak_hour,2,185,493.19480531594814,491.3641938778813,493.19480531594814,490.7464695978283,491.21784886703756,0.4008469731639035,0.4008469731639035,0,0.2946700042230077,0,0,
0.7,1,peak_hour,50,136,487.56858334929296,487.2643820649974,487.56858334929296,486.2619267313191,488.37796554927934,-0.16600376390669414,-0.16600376390669414,1,0.3615354980865959,0,0,
0.7,1,peak_hour,127,189,611.8418889694599,569.63094858452,611.8418889694599,609.9115864289172,609.9115864289172,0.31549041923133986,0.31549041923133986,0,0.3855260001728311,0,0,
0.7,1,peak_hour,128,106,565.4766501737668,562.9250200295584,565.4766501737668,562.9250200295584,562.9250200295584,0.4512352797280474,0.4512352797280474,0,0.553568999748677,0,0,
0.7,1,peak_hour,37,34,366.52197298826155,366.52197298826155,366.52197298826155,357.6986524262037,357.6986524262037,2.4073101238982035,2.4073101238982035,0,0.2289219992235303,0,0,
0.7,1,peak_hour,200,205,404.6834679539757,404.6834679539757,404.6834679539757,404.6834679539757,404.6834679539757,0.0,0.0,0,0.17544900038046762,0,0,
0.7,1,peak_hour,31,184,545.0707843204002,551.8259321397743,545.0707843204002,420.5641908183675,420.5641908183675,22.842279770556555,22.842279770556555,0,1.7882679967442527,0,0,
0.7,1,peak_hour,18,154,566.575394046108,563.0168464865317,566.575394046108,567.9695708939952,566.069555866078,0.08927994144216524,0.08927994144216524,0,0.7676670065848157,0,0,
0.7,1,peak_hour,69,136,827.0538457298654,798.2934994180373,827.0538457298654,838.844005654178,843.5371214670643,-1.993011195377796,-1.993011195377796,1,0.29680149964406155,0,0,
0.7,1,peak_hour,183,19,371.5892865834232,369.32221292269963,371.5892865834232,368.96847018521913,368.96847018521913,0.7052992356967948,0.7052992356967948,0,0.3555860021151602,0,0,
0.7,1,peak_hour,152,154,379.43047908807296,376.81429171162813,379.43047908807296,373.93086370187336,373.93086370187336,1.4494395388102255,1.4494395388102255,1,0.4549969999061432,0,0,
0.7,1,peak_hour,184,31,315.30296335176445,326.01137368692,315.30296335176445,315.30296335176445,315.30296335176445,0.0,0.0,0,0.16576600319240242,0,0,
0.7,1,peak_hour,76,124,754.9240964140131,911.3347231937352,754.9240964140131,803.0065643717844,803.0065643717844,-6.369179124917227,-6.369179124917227,1,0.19375249758013524,0,0,
0.7,1,peak_hour,89,29,791.4776167410017,875.8927311739496,791.4776167410017,788.1356265960729,854.0724543330776,-7.908604901528007,-7.908604901528007,0,0.7195170037448406,0,0,
0.7,1,peak_hour,158,120,596.294199802762,617.2372122365447,596.294199802762,596.294199802762,596.294199802762,0.0,0.0,0,0.6134889990789816,0,0,
0.7,1,peak_hour,5,148,438.77120751057925,453.5378937457734,438.77120751057925,438.28445255926795,438.5074031249991,0.06012344954831563,0.06012344954831563,0,0.19851900287903845,0,0,
0.7,1,peak_hour,89,25,571.0534502733761,597.0293013858269,571.0534502733761,574.1183519657707,574.1183519657707,-0.5367101259833542,-0.5367101259833542,0,0.8631000018795021,0,0,
0.7,1,peak_hour,16,82,636.1566333920975,684.1983298495854,636.1566333920975,594.6992143152537,594.6992143152537,6.516857154469285,6.516857154469285,0,0.35644799936562777,0,0,
0.7,1,peak_hour,64,197,530.7126860793542,530.4259479939061,530.7126860793542,526.8342108129187,526.8342108129187,0.7308050793147058,0.7308050793147058,0,0.22422300389735028,0,0,
0.7,1,off_peak,18,160,457.3048401928964,459.28101794572325,457.3048401928964,458.52549370718174,458.52549370718174,-0.26692337517583675,-0.26692337517583675,0,0.8769609994487837,0,0,
0.7,1,off_peak,135,90,371.09297295466865,372.61305045070566,371.09297295466865,371.09297295466865,371.09297295466865,0.0,0.0,0,0.23468899598810822,0,0,
0.7,1,off_peak,89,177,440.9501915615443,450.53693273129204,440.9501915615443,440.9501915615443,440.9501915615443,0.0,0.0,0,0.17467999714426696,0,0,
0.7,1,off_peak,152,157,377.1946760243137,378.294071318486,377.1946760243137,376.9280625560252,376.9280625560252,0.07068325330002732,0.07068325330002732,0,0.850983000418637,0,0,
0.7,1,off_peak,14,200,486.1354666910935,486.1354666910935,486.1354666910935,485.9278997276883,485.9278997276883,0.042697350353384386,0.042697350353384386,0,0.19365600019227713,0,0,
0.7,1,off_peak,92,184,346.1567129895652,346.05646714206273,346.1567129895652,346.05646714206273,346.05646714206273,0.028959671657592327,0.028959671657592327,0,0.14958199608372524,0,0,
0.7,1,off_peak,75,200,449.1201459538004,445.6398364965783,449.1201459538004,449.1201459538004,449.1201459538004,0.0,0.0,0,0.18112000543624163,0,0,
0.7,1,off_peak,187,76,325.2609179415583,324.9579813709309,325.2609179415583,324.9579813709309,324.9579813709309,0.09313648025855166,0.09313648025855166,0,0.17476700304541737,0,0,
0.7,1,off_peak,33,172,393.19758630923315,391.3597568934491,393.19758630923315,393.19758630923315,393.19758630923315,0.0,0.0,0,0.16126300033647567,0,0,
0.7,1,off_peak,130,144,334.6940279477832,334.6940279477832,334.6940279477832,334.6940279477832,334.6940279477832,0.0,0.0,0,0.17923300038091838,0,0,
0.7,1,off_peak,90,166,407.1799677531519,420.6915952638841,407.1799677531519,399.88058332460884,399.88058332460884,1.7926678635055653,1.7926678635055653,0,0.22924500080989674,0,0,
0.7,1,off_peak,131,28,425.57051126052176,426.21681900473646,425.57051126052176,425.1736068851584,426.21681900473646,-0.15186854519134174,-0.15186854519134174,0,0.26443899696459994,0,0,
0.7,1,off_peak,50,23,410.88854816411333,410.563376714382,410.88854816411333,410.3641901257813,410.3641901257813,0.12761563705654572,0.12761563705654572,0,0.5455050049931742,0,0,
0.7,1,off_peak,16,158,414.7075970579427,440.9186376549823,414.7075970579427,410.9361757309168,410.9361757309168,0.9094169853124162,0.9094169853124162,0,0.25039399770321324,0,0,
0.7,1,off_peak,189,60,645.347422113689,645.347422113689,645.347422113689,645.347422113689,645.347422113689,0.0,0.0,0,0.16595100169070065,0,0,
0.7,1,off_peak,104,162,384.8591124476504,385.134239939415,384.8591124476504,384.8591124476504,384.8591124476504,0.0,0.0,0,0.234571001783479,0,0,
0.7,1,off_peak,86,168,375.7970102156827,375.7970102156827,375.7970102156827,375.7970102156827,375.7970102156827,0.0,0.0,0,0.13099899661028758,0,0,
0.7,1,off_peak,66,34,420.31699432864616,420.31699432864616,420.31699432864616,420.31699432864616,420.31699432864616,0.0,0.0,0,0.21448700135806575,0,0,
0.7,1,off_peak,148,33,369.8155093822752,369.8155093822752,369.8155093822752,369.8155093822752,369.8155093822752,0.0,0.0,0,0.18325299606658518,0,0,
0.7,1,off_peak,34,78,463.1613092721898,461.7766213022166,463.1613092721898,462.64311534962616,463.1613092721898,0.0,0.0,1,0.13557899728766643,0,0,
0.7,1,off_peak,125,74,346.6956155794433,346.55967586912163,346.6956155794433,346.85415708434385,346.85415708434385,-0.04572930772013517,-0.04572930772013517,0,0.7154759950935841,0,0,
0.7,1,off_peak,198,18,406.095451938176,405.85256021214065,406.095451938176,405.85256021214065,405.85256021214065,0.05981148640697325,0.05981148640697325,0,0.40026300121098757,0,0,
0.7,1,off_peak,158,200,486.4215610844868,486.4215610844868,486.4215610844868,486.4215610844868,486.4215610844868,0.0,0.0,0,0.18241799989482388,0,0,
0.7,1,off_peak,54,148,349.22232202210625,349.22232202210625,349.22232202210625,349.22232202210625,349.22232202210625,0.0,0.0,0,0.16454100114060566,0,0,
0.7,1,off_peak,92,186,633.1065722829006,633.1065722829006,633.1065722829006,633.1065722829006,633.1065722829006,0.0,0.0,0,0.21501399896806106,0,0,
0.7,1,off_peak,130,17,339.05155803974947,339.05155803974947,339.05155803974947,339.64097561489086,339.64097561489086,-0.1738430516435778,-0.1738430516435778,0,0.30384500132640824,0,0,
0.7,1,off_peak,162,8,420.15303804216285,421.7109170778397,420.15303804216285,419.86506881860623,420.15303804216285,0.0,0.0,1,0.1668860022618901,0,0,
0.7,1,off_peak,140,21,309.4903906178253,309.4903906178253,309.4903906178253,309.4903906178253,309.4903906178253,0.0,0.0,0,0.1375940046273172,0,0,
0.7,1,off_peak,164,35,415.51948601452324,415.51948601452324,415.51948601452324,418.271034309131,418.271034309131,-0.6621947675665858,-0.6621947675665858,0,0.1697189945844002,0,0,
0.7,1,off_peak,92,71,474.4650845676067,474.4650845676067,474.4650845676067,474.4650845676067,474.4650845676067,0.0,0.0,0,0.1849750042310916,0,0,
0.7,1,off_peak,75,171,290.66071199867446,290.66071199867446,290.66071199867446,290.66071199867446,290.66071199867446,0.0,0.0,0,0.18594900029711425,0,0,
0.7,1,off_peak,2,185,469.6549636725006,470.15113985236366,469.6549636725006,469.6549636725006,469.6549636725006,0.0,0.0,0,0.279753003269434,0,0,
0.7,1,off_peak,50,136,423.51540551705193,421.8669213286712,423.51540551705193,421.8669213286712,421.8669213286712,0.3892383055979205,0.3892383055979205,0,0.334131000272464,0,0,
0.7,1,off_peak,127,189,406.503326807154,407.9462604112296,406.503326807154,400.9394400671609,400.9394400671609,1.3687186237057853,1.3687186237057853,0,0.42779999785125256,0,0,
0.7,1,off_peak,128,106,353.29670425669445,337.55631903473886,353.29670425669445,336.3574803489285,336.3574803489285,4.794617018407971,4.794617018407971,0,0.5258210003376007,0,0,
0.7,1,off_peak,37,34,335.2019562863443,333.8882973087119,335.2019562863443,335.2019562863443,335.2019562863443,0.0,0.0,0,0.2458890012349002,0,0,
0.7,1,off_peak,200,205,382.0432067363669,382.0432067363669,382.0432067363669,382.0432067363669,382.0432067363669,0.0,0.0,0,0.16597499779891223,0,0,
0.7,1,off_peak,31,184,447.02311872876766,450.7443074032672,447.02311872876766,446.8747578499454,446.8747578499454,0.033188636696050565,0.033188636696050565,0,1.5140370014705695,0,0,
0.7,1,off_peak,18,154,421.9766291662818,422.51495361749414,421.9766291662818,424.90398879183647,424.90398879183647,-0.6937255343591902,-0.6937255343591902,0,0.9142490016529337,0,0,
0.7,1,off_peak,69,136,348.04518648948135,349.811825945089,348.04518648948135,348.04518648948135,348.04518648948135,0.0,0.0,0,0.21536200074478984,0,0,
0.7,1,off_peak,183,19,351.359385243817,344.5092690458383,351.359385243817,344.22686859918906,344.22686859918906,2.029977551241013,2.029977551241013,0,0.3724049965967424,0,0,
0.7,1,off_peak,152,154,377.22210617309963,374.6912869266686,377.22210617309963,376.8008529382388,376.8008529382388,0.11167246774968628,0.11167246774968628,0,0.8645859998068772,0,0,
0.7,1,off_peak,184,31,271.99881707356485,271.99881707356485,271.99881707356485,271.99881707356485,271.99881707356485,0.0,0.0,0,0.20629199570976198,0,0,
0.7,1,off_peak,76,124,490.53377592038146,490.53377592038146,490.53377592038146,490.53377592038146,490.53377592038146,0.0,0.0,0,0.19453199638519436,0,0,
0.7,1,off_peak,89,29,542.0890499371712,537.9658962440095,542.0890499371712,542.5459277544967,548.7527949578208,-1.2292712832738286,-1.2292712832738286,0,0.6313749981927685,0,0,
0.7,1,off_peak,158,120,378.93291325323196,378.93291325323196,378.93291325323196,378.93291325323196,378.93291325323196,0.0,0.0,0,0.14335100422613323,0,0,
0.7,1,off_peak,5,148,386.42605843026644,385.4929480743003,386.42605843026644,386.42605843026644,386.42605843026644,0.0,0.0,0,0.17982599820243195,0,0,
0.7,1,off_peak,89,25,359.19726279689945,359.19726279689945,359.19726279689945,359.19726279689945,359.19726279689945,0.0,0.0,0,0.1453280056011863,0,0,
0.7,1,off_peak,16,82,446.7065756840289,440.9569371865816,446.7065756840289,446.7065756840289,446.7065756840289,0.0,0.0,0,0.1919510032166727,0,0,
0.7,1,off_peak,64,197,453.370305471036,454.9258290149419,453.370305471036,453.370305471036,453.370305471036,0.0,0.0,0,0.19620699458755553,0,0,
0.7,1,incident,18,160,914.4839786909826,699.5488189947536,603.7248804714856,603.4735889543679,603.7248804714856,33.98190733361191,0.0,1,0.872200500452891,12,8,True
0.7,1,incident,135,90,759.1896289675155,890.492175269706,701.2682401194098,703.8588932577521,701.2682401194098,7.62937040207962,0.0,1,0.4529310026555322,10,8,True
0.7,1,incident,89,177,923.5997765579075,827.6023566955208,742.7743669059,830.7233506525546,812.510341907975,12.02787586891187,-9.388581258204566,1,0.16542050070711412,12,6,True
0.7,1,incident,152,157,549.8373934063147,549.7574459025432,456.81180175648745,415.0932076130394,454.8370869925177,17.277891164378197,0.4322819061103019,1,0.6361479972838424,10,9,True
0.7,1,incident,14,200,1003.1360721518806,990.3736449575109,917.0843953859131,910.0273887647757,990.0416845976575,1.3053450990087139,-7.955351718861563,1,0.16566299746045843,14,7,True
0.7,1,incident,92,184,527.0360186611005,527.0360186611005,500.0356249529119,496.4991489938311,500.0356249529119,5.123064221830838,0.0,1,0.17389249842381105,9,5,True
0.7,1,incident,75,200,931.2102562498461,918.4478290554765,918.4478290554765,902.2816918287525,918.4478290554765,1.3705204714739956,0.0,1,0.16498500190209597,12,5,True
0.7,1,incident,187,76,565.2015541099468,565.2015541099468,453.87894632466646,352.9857688322641,453.87894632466646,19.696090178057982,0.0,1,0.20992249847040512,8,8,True
0.7,1,incident,33,172,739.619941749143,718.3816670207112,739.619941749143,823.0631728659741,739.619941749143,0.0,0.0,0,0.16874100401764736,9,5,True
0.7,1,incident,130,144,609.3695769233575,609.3695769233575,609.3695769233575,609.3695769233575,609.3695769233575,0.0,0.0,0,0.16703799337847158,8,6,True
0.7,1,incident,90,166,565.9564613171575,496.6337189128914,480.96534551897685,480.96534551897685,480.96534551897685,15.017253376766787,0.0,0,0.17159799608634785,8,7,True
0.7,1,incident,131,28,983.4826631681731,908.4087868163415,876.5786842060159,876.5786842060159,888.3424438211798,9.673807471146496,-1.3420084046213487,1,0.23161249919212423,12,6,True
0.7,1,incident,50,23,640.4720219229612,632.184574620112,541.4561864427197,541.4561864427197,540.702389375178,15.577516133840415,0.13921663218848676,1,0.49214849786949344,12,10,True
0.7,1,incident,16,158,800.1735971188543,893.4683293706426,567.2848065847331,567.2848065847331,567.2848065847331,29.104783183633202,0.0,1,0.17208449935424142,11,9,True
0.7,1,incident,189,60,722.6633070149845,722.6633070149845,722.6633070149845,722.6633070149845,722.6633070149845,0.0,0.0,0,0.2533049992052838,11,7,True
0.7,1,incident,104,162,605.4050286650571,605.4050286650571,565.4141336016148,500.82127594667287,605.4050286650571,0.0,-7.072850267945277,0,0.20201799634378403,9,7,True
0.7,1,incident,86,168,1132.0389773395887,1054.5755787908947,882.7327839927946,837.6046783866682,882.7327839927946,22.022757019611642,0.0,1,0.19803699979092926,11,8,True
0.7,1,incident,66,34,1042.062353513627,1065.2837996252001,635.1167797686974,635.1167797686974,857.5720703458746,17.70434202384222,-35.025887783691225,1,0.16330650032614358,12,7,True
0.7,1,incident,148,33,1038.3615435040106,1017.2403205636969,945.9650285689137,976.1374604511537,945.9650285689137,8.898299008965562,0.0,1,0.3207419977115933,9,8,True
0.7,1,incident,34,78,1245.1674936705792,1278.5596803803505,989.7472355925717,981.8631179938528,989.7472355925717,20.512923713183714,0.0,1,0.6054779987607617,14,10,True
0.7,1,incident,125,74,546.4714740125615,535.0707548052671,508.45025169865505,473.29916552993484,505.9706772439065,7.41132862274968,0.48767297222583267,1,0.7850450019759592,10,7,True
0.7,1,incident,198,18,635.2472309312965,635.2472309312965,624.030494678108,625.7433429753764,635.2472309312965,0.0,-1.7974660451448636,0,0.36459900002228096,12,7,True
0.7,1,incident,158,200,811.5610213373265,811.5610213373265,811.5610213373265,811.5610213373265,811.5610213373265,0.0,0.0,0,0.2089789995807223,12,6,True
0.7,1,incident,54,148,741.9699023888679,999.8264270271396,711.9000802981727,707.8876665122551,710.574311064978,4.231383405554288,0.18622967883911734,1,0.15124900164664723,9,5,True
0.7,1,incident,92,186,1159.882706495708,1198.5363359381533,1041.176545353543,1032.3333031529,1041.176545353543,10.234324598286806,0.0,1,0.4606220027199015,17,10,True
0.7,1,incident,130,17,567.4509663474771,567.4509663474771,544.3246900670877,544.3246900670877,567.4509663474771,0.0,-4.248617911772319,0,0.21290600125212222,8,6,True
0.7,1,incident,162,8,1152.0030943888014,1041.2050214432513,1050.2145851169787,825.1381579846593,1050.2145851169787,8.835784362699728,0.0,1,0.6689025030937046,12,8,True
0.7,1,incident,140,21,832.4332836107242,854.8719711439214,777.0355493083803,696.8189270568137,832.4332836107242,0.0,-7.129369351460436,0,0.1654640000197105,9,4,True
0.7,1,incident,164,35,646.1500847594451,621.5447543583632,610.3280181051747,490.193063503277,621.5447543583632,3.80798996726004,-1.8378209619168413,0,0.20409499848028645,10,6,True
0.7,1,incident,92,71,694.7300245342961,694.7300245342961,677.1713059377552,677.925103005297,694.7300245342961,0.0,-2.592950770739681,0,0.1653180006542243,12,5,True
0.7,1,incident,75,171,492.27775690252673,489.0268152721025,492.27775690252673,489.0268152721025,489.0268152721025,0.6603876744055133,0.6603876744055133,0,0.14589400234399363,8,3,True
0.7,1,incident,2,185,752.1174237886041,741.9612190060838,643.7545503918709,643.3761030087164,643.7545503918709,14.40770682467137,0.0,1,0.6972064984438475,13,10,True
0.7,1,incident,50,136,667.8840105811965,667.7507662962112,546.9098144465407,556.6492849009059,546.9098144465407,18.113054694838908,0.0,1,0.5196429992793128,12,9,True
0.7,1,incident,127,189,661.3296456020375,640.864784830258,523.0277006951394,521.0856669681461,523.0277006951394,20.91270908942783,0.0,1,0.505363004776882,12,9,True
0.7,1,incident,128,106,665.8197528958733,610.3601987626937,639.9622658579053,629.5518282384176,655.0030720934028,1.6245659212459722,-2.350264544946949,0,0.5443539994303137,9,4,True
0.7,1,incident,37,34,506.7460763310718,506.7460763310718,506.7460763310718,536.6591168048853,506.7460763310718,0.0,0.0,0,0.20978599786758423,9,7,True
0.7,1,incident,200,205,598.9465786224499,598.9465786224499,565.7861870147058,565.7861870147058,598.9465786224499,0.0,-5.860940469881469,0,0.19809799414360896,10,5,True
0.7,1,incident,31,184,660.1241195331261,591.5960631521798,540.5623805874997,493.16541009826926,433.6707197879509,34.30466984077703,19.774158291107064,0,1.1772360012400895,10,8,True
0.7,1,incident,18,154,658.2768817203793,634.1614319798597,588.0273742179459,600.0405569460262,588.0273742179459,10.671726359102758,0.0,1,0.8524609947926365,13,7,True
0.7,1,incident,69,136,615.6169406272851,471.78399518623064,602.2551943677023,545.6825063068648,602.2551943677023,2.170464354987988,0.0,1,0.2689259999897331,11,9,True
0.7,1,incident,183,19,524.5337244462108,504.12991148222005,439.6210141189275,437.32287227100073,503.52367440307677,4.005471729261248,-14.5358520707252,0,0.35180600389139727,11,8,True
0.7,1,incident,152,154,644.6170706784499,644.6170706784499,732.2250984227624,461.82210020650894,618.2665398567678,4.08778048554446,15.563323192753852,0,0.6739949967595749,10,5,True
0.7,1,incident,184,31,414.4089128150856,414.4089128150856,414.4089128150856,412.4969252180798,414.4089128150856,0.0,0.0,0,0.19073499424848706,8,6,True
0.7,1,incident,76,124,712.2885884297681,685.2608213340075,594.4421537094628,442.26081534225295,594.4421537094628,16.544759614933096,0.0,1,0.18174300203099847,10,7,True
0.7,1,incident,89,29,1326.5168705781387,1322.3251649936458,1336.3112129894564,1290.4503247982645,1383.1245694647298,-4.267393814744301,-3.5031777044321455,1,0.818532000266714,15,11,True
0.7,1,incident,158,120,799.8263695203042,728.9699865899722,678.8903618788063,678.8903618788063,728.9699865899722,8.858970600435201,-7.3766881256897285,0,0.1770630042301491,10,6,True
0.7,1,incident,5,148,1127.8071498074053,1023.0139439999729,1060.251721567422,787.139550927801,1065.1409402644995,5.556464999677227,-0.46113753909774335,0,0.2602499953354709,9,5,True
0.7,1,incident,89,25,853.4739244696381,691.3997779351398,687.7929391673856,599.639160633708,691.3997779351398,18.989935355695096,-0.524407646888683,1,0.7682920004299376,10,8,True
0.7,1,incident,16,82,894.1984116275999,892.3729004474349,782.6894131360958,741.9392247886307,782.6894131360958,12.470274722199278,0.0,1,0.32006000037654303,13,11,True
0.7,1,incident,64,197,1181.3726509735852,1015.7662778635627,882.209869015566,783.0435655992044,866.9895863835254,26.611676199797962,1.725245110783504,0,0.4167160004726611,14,11,True
0.7,2,peak_hour,18,160,428.71316673596135,533.6799514796331,428.71316673596135,430.98900133537444,430.98900133537444,-0.5308525083893081,-0.5308525083893081,0,1.2156630036770366,0,0,
0.7,2,peak_hour,135,90,436.09287095316057,442.5850397085107,436.09287095316057,442.5850397085107,440.6921139555537,-1.0546476011728014,-1.0546476011728014,0,0.3331340049044229,0,0,
0.7,2,peak_hour,89,177,491.15960157513643,729.7835227779108,491.15960157513643,491.15960157513643,491.15960157513643,0.0,0.0,0,0.2538530025049113,0,0,
0.7,2,peak_hour,152,157,399.94820345684775,398.2050029322493,399.94820345684775,404.8897470946372,404.8897470946372,-1.2355459019639283,-1.2355459019639283,0,0.7703360024606809,0,0,
0.7,2,peak_hour,14,200,667.5857305564498,630.6968060275057,667.5857305564498,607.0960201440404,607.0960201440404,9.060965153043293,9.060965153043293,0,0.27383000269765034,0,0,
0.7,2,peak_hour,92,184,364.22414287832123,361.9732371839424,364.22414287832123,362.51063735352466,362.51063735352466,0.47045358148293204,0.47045358148293204,0,0.1554789996589534,0,0,
0.7,2,peak_hour,75,200,612.591295075461,601.7519479274109,612.591295075461,612.591295075461,612.591295075461,0.0,0.0,0,0.3031840024050325,0,0,
0.7,2,peak_hour,187,76,440.4156151504987,588.4678245449779,440.4156151504987,431.68083319038385,405.69312229527725,7.884028554109301,7.884028554109301,0,0.6202470030984841,0,0,
0.7,2,peak_hour,33,172,485.86685156946714,485.86685156946714,485.86685156946714,485.86685156946714,485.86685156946714,0.0,0.0,0,0.16601399693172425,0,0,
0.7,2,peak_hour,130,144,613.0328063268287,703.1104573736568,613.0328063268287,600.5749656519831,607.5704178227028,0.8910434234108039,0.8910434234108039,0,0.25461600307608023,0,0,
0.7,2,peak_hour,90,166,846.9273231752445,807.9403747742389,846.9273231752445,826.9341147154307,789.0225389859073,6.837042873081997,6.837042873081997,0,0.28234400087967515,0,0,
0.7,2,peak_hour,131,28,649.4968318124962,694.4419927147837,649.4968318124962,641.3850426475766,641.3850426475766,1.2489343700542372,1.2489343700542372,0,1.1168600030941889,0,0,
0.7,2,peak_hour,50,23,484.508558662553,484.4642008770271,484.508558662553,483.6935308724681,483.6935308724681,0.16821741856010358,0.16821741856010358,0,0.5236349970800802,0,0,
0.7,2,peak_hour,16,158,473.1902785954346,529.9296353664614,473.1902785954346,472.2715332075163,472.2715332075163,0.1941598188883779,0.1941598188883779,0,0.2203859985456802,0,0,
0.7,2,peak_hour,189,60,618.5727286497721,531.9936554763992,618.5727286497721,531.9936554763992,531.9936554763992,13.996587493011322,13.996587493011322,0,0.15933399845380336,0,0,
0.7,2,peak_hour,104,162,511.3062451818868,688.6458073807886,511.3062451818868,511.3062451818868,511.3062451818868,0.0,0.0,0,0.23619100102223456,0,0,
0.7,2,peak_hour,86,168,488.1946205949128,488.1946205949128,488.1946205949128,488.1946205949128,488.1946205949128,0.0,0.0,0,0.13797199790133163,0,0,
0.7,2,peak_hour,66,34,427.90294693064345,427.90294693064345,427.90294693064345,427.90294693064345,427.90294693064345,0.0,0.0,0,0.20057700021425262,0,0,
0.7,2,peak_hour,148,33,653.5487381790523,621.5740981636383,653.5487381790523,640.2734465736243,640.2734465736243,2.031262678651369,2.031262678651369,0,0.2939360056188889,0,0,
0.7,2,peak_hour,34,78,673.2178137596114,611.252568958525,673.2178137596114,610.499221306984,611.252568958525,9.204338259416977,9.204338259416977,0,0.19887399685103446,0,0,
0.7,2,peak_hour,125,74,682.7291687752523,683.3571331784034,682.7291687752523,684.1725254944637,684.1725254944637,-0.21140985111279026,-0.21140985111279026,0,0.30040300043765455,0,0,
0.7,2,peak_hour,198,18,414.30891035932723,414.30891035932723,414.30891035932723,414.12509006021105,414.12509006021105,0.04436793284430013,0.04436793284430013,0,0.40219999937107787,0,0,
0.7,2,peak_hour,158,200,626.0423579805873,609.63857258191,626.0423579805873,609.63857258191,609.63857258191,2.620235706029651,2.620235706029651,0,0.2232269980595447,0,0,
0.7,2,peak_hour,54,148,618.4766452887958,618.4766452887958,618.4766452887958,618.4766452887958,618.4766452887958,0.0,0.0,0,0.16742599837016314,0,0,
0.7,2,peak_hour,92,186,729.858471761316,729.858471761316,729.858471761316,700.2492284674727,700.2492284674727,4.056847243601816,4.056847243601816,1,0.14003449905430898,0,0,
0.7,2,peak_hour,130,17,759.2727064971887,751.8176787391442,759.2727064971887,751.8176787391442,751.8176787391442,0.9818643149228075,0.9818643149228075,0,0.2510740014258772,0,0,
0.7,2,peak_hour,162,8,417.6343676067589,421.0427267345902,417.6343676067589,417.4404191855919,417.4404191855919,0.046439765548601915,0.046439765548601915,1,0.16179049634956755,0,0,
0.7,2,peak_hour,140,21,329.923191630116,329.923191630116,329.923191630116,330.045587826276,330.045587826276,-0.03709839116046328,-0.03709839116046328,0,0.13092900189803913,0,0,
0.7,2,peak_hour,164,35,524.0907703446031,524.0907703446031,524.0907703446031,524.0907703446031,524.0907703446031,0.0,0.0,0,0.16447199595859274,0,0,
0.7,2,peak_hour,92,71,463.79647697078514,463.79647697078514,463.79647697078514,463.79647697078514,463.79647697078514,0.0,0.0,0,0.196328001038637,0,0,
0.7,2,peak_hour,75,171,386.4423597114434,386.4423597114434,386.4423597114434,386.4423597114434,386.4423597114434,0.0,0.0,0,0.18306600395590067,0,0,
0.7,2,peak_hour,2,185,493.19480531594814,491.3641938778813,493.19480531594814,490.7464695978283,492.6451346182255,0.11145103147843038,0.11145103147843038,0,0.39069099875632674,0,0,
0.7,2,peak_hour,50,136,493.2772735791349,489.1000636290921,493.2772735791349,494.5873476114356,492.85041215217007,0.08653579838932914,0.08653579838932914,0,0.8164690007106401,0,0,
0.7,2,peak_hour,127,189,609.5252195763157,585.733663684594,609.5252195763157,611.5799696032847,610.0947512628933,-0.0934385761713713,-0.0934385761713713,0,0.4257710024830885,0,0,
0.7,2,peak_hour,128,106,579.2269695268335,577.2572493129394,579.2269695268335,579.2269695268335,579.2269695268335,0.0,0.0,0,0.5525590022443794,0,0,
0.7,2,peak_hour,37,34,357.6986524262037,366.52197298826155,357.6986524262037,366.52197298826155,366.52197298826155,-2.466691026709469,-2.466691026709469,0,0.2075420052278787,0,0,
0.7,2,peak_hour,200,205,404.6834679539757,404.6834679539757,404.6834679539757,404.6834679539757,404.6834679539757,0.0,0.0,0,0.15844800509512424,0,0,
0.7,2,peak_hour,31,184,423.92525063703835,540.9545876159938,423.92525063703835,420.5641908183675,420.5641908183675,0.7928425621309785,0.7928425621309785,0,2.1378419987740926,0,0,
0.7,2,peak_hour,18,154,584.4700408037227,578.6343900350355,584.4700408037227,577.9874939574544,561.7892802488892,3.880568544393558,3.880568544393558,0,1.037978996464517,0,0,
0.7,2,peak_hour,69,136,806.9045162515507,798.2934994180373,806.9045162515507,758.164981402754,758.164981402754,6.040310082190967,6.040310082190967,1,0.33235700175282545,0,0,
0.7,2,peak_hour,183,19,373.97422813887874,369.53216892469084,373.97422813887874,365.0988630186556,365.0988630186556,2.3732558161540447,2.3732558161540447,0,0.3372630017111078,0,0,
0.7,2,peak_hour,152,154,378.8201137102019,371.4241887612545,378.8201137102019,374.04037613769935,374.04037613769935,1.2617433445360953,1.2617433445360953,0,0.6945880013518035,0,0,
0.7,2,peak_hour,184,31,315.30296335176445,326.01137368692,315.30296335176445,315.30296335176445,315.30296335176445,0.0,0.0,0,0.16800199955468997,0,0,
0.7,2,peak_hour,76,124,777.397987915197,911.3347231937352,777.397987915197,719.2394481239112,702.274122218112,9.663501432329397,9.663501432329397,0,0.21274499886203557,0,0,
0.7,2,peak_hour,89,29,823.8421613312788,874.6324167358824,823.8421613312788,850.0592644907097,853.5839975972377,-3.61013767708828,-3.61013767708828,0,0.4722900048363954,0,0,
0.7,2,peak_hour,158,120,605.2926082492351,617.2372122365447,605.2926082492351,596.294199802762,596.294199802762,1.4866212347281555,1.4866212347281555,0,0.737925001885742,0,0,
0.7,2,peak_hour,5,148,442.76716503605314,439.22068422097703,442.76716503605314,438.28445255926795,438.5074031249991,0.9620771925820645,0.9620771925820645,0,0.22105000243755057,0,0,
0.7,2,peak_hour,89,25,571.0534502733761,597.0293013858269,571.0534502733761,571.0534502733761,571.0534502733761,0.0,0.0,0,0.8853940016706474,0,0,
0.7,2,peak_hour,16,82,679.7542442328898,684.1983298495854,679.7542442328898,606.4172817719939,626.5781581960114,7.8228398701487,7.8228398701487,0,0.30838800012134016,0,0,
0.7,2,peak_hour,64,197,530.7126860793542,518.0824960114384,530.7126860793542,518.0824960114384,518.0824960114384,2.379854561461772,2.379854561461772,0,0.20539799879770726,0,0,
0.7,2,off_peak,18,160,457.3219430805011,457.4356005939144,457.3219430805011,456.8999775468523,456.8999775468523,0.09226881413265671,0.09226881413265671,1,0.7128220022423193,0,0,
0.7,2,off_peak,135,90,372.61305045070566,386.0078024917517,372.61305045070566,386.0078024917517,386.0078024917517,-3.59481559350753,-3.59481559350753,0,0.1918400012073107,0,0,
0.7,2,off_peak,89,177,450.53693273129204,451.0020131980052,450.53693273129204,450.53693273129204,450.53693273129204,0.0,0.0,0,0.1764779954100959,0,0,
0.7,2,off_peak,152,157,377.01888305401224,377.1946760243137,377.01888305401224,378.2030986515665,378.2030986515665,-0.31409981058816583,-0.31409981058816583,0,0.763509000535123,0,0,
0.7,2,off_peak,14,200,486.1354666910935,486.1354666910935,486.1354666910935,485.9278997276883,485.9278997276883,0.042697350353384386,0.042697350353384386,0,0.20134200167376548,0,0,
0.7,2,off_peak,92,184,346.90764314025654,346.8313905418299,346.90764314025654,346.8313905418299,346.8313905418299,0.021980662558026658,0.021980662558026658,0,0.11959899711655453,0,0,
0.7,2,off_peak,75,200,449.1201459538004,445.6398364965783,449.1201459538004,449.1201459538004,449.1201459538004,0.0,0.0,0,0.192710998817347,0,0,
0.7,2,off_peak,187,76,325.2609179415583,327.0131651959378,325.2609179415583,328.84373507331446,328.84373507331446,-1.1015209433799518,-1.1015209433799518,0,0.21685999672627077,0,0,
0.7,2,off_peak,33,172,393.19758630923315,393.19758630923315,393.19758630923315,393.19758630923315,393.19758630923315,0.0,0.0,0,0.17277900042245165,0,0,
0.7,2,off_peak,130,144,334.6940279477832,334.6940279477832,334.6940279477832,334.6940279477832,334.6940279477832,0.0,0.0,0,0.1460839994251728,0,0,
0.7,2,off_peak,90,166,420.6915952638841,420.6915952638841,420.6915952638841,399.88058332460884,399.88058332460884,4.946857073819431,4.946857073819431,0,0.19334999524289742,0,0,
0.7,2,off_peak,131,28,426.965138760328,426.21681900473646,426.965138760328,424.5272991409437,426.21681900473646,0.17526483725679176,0.17526483725679176,0,0.2568110066931695,0,0,
0.7,2,off_peak,50,23,408.7301401179982,408.158146529321,408.7301401179982,408.6053788880987,408.6053788880987,0.0305241081226535,0.0305241081226535,0,0.5389159996411763,0,0,
0.7,2,off_peak,16,158,414.7075970579427,440.9186376549823,414.7075970579427,414.7075970579427,414.7075970579427,0.0,0.0,0,0.18718499632086605,0,0,
0.7,2,off_peak,189,60,645.347422113689,645.347422113689,645.347422113689,463.88370111515593,463.88370111515593,28.11876437100963,28.11876437100963,0,0.20717600273201242,0,0,
0.7,2,off_peak,104,162,384.8591124476504,385.134239939415,384.8591124476504,384.8591124476504,384.8591124476504,0.0,0.0,1,0.15927349886624143,0,0,
0.7,2,off_peak,86,168,375.7970102156827,375.7970102156827,375.7970102156827,375.7970102156827,375.7970102156827,0.0,0.0,0,0.15831999917281792,0,0,
0.7,2,off_peak,66,34,420.31699432864616,420.31699432864616,420.31699432864616,420.31699432864616,420.31699432864616,0.0,0.0,0,0.17145000310847536,0,0,
0.7,2,off_peak,148,33,369.8155093822752,369.8155093822752,369.8155093822752,369.8155093822752,369.8155093822752,0.0,0.0,0,0.19870899996021762,0,0,
0.7,2,off_peak,34,78,463.1613092721898,462.64311534962616,463.1613092721898,464.71219258466414,465.48313135020254,-0.5012987983951557,-0.5012987983951557,1,0.14896800348651595,0,0,
0.7,2,off_peak,125,74,344.1312196265681,344.67808805944054,344.1312196265681,343.9894355544793,343.9894355544793,0.04120058396406252,0.04120058396406252,0,0.42510899947956204,0,0,
0.7,2,off_peak,198,18,407.9474440687289,407.43120392495854,407.9474440687289,407.43120392495854,405.85256021214065,0.5135180737240517,0.5135180737240517,0,0.37026999780209735,0,0,
0.7,2,off_peak,158,200,486.4215610844868,486.4215610844868,486.4215610844868,486.4215610844868,486.4215610844868,0.0,0.0,0,0.20059199596289545,0,0,
0.7,2,off_peak,54,148,349.22232202210625,349.22232202210625,349.22232202210625,349.22232202210625,349.22232202210625,0.0,0.0,0,0.19659899407997727,0,0,
0.7,2,off_peak,92,186,639.019682179211,639.019682179211,639.019682179211,633.1065722829006,633.1065722829006,0.9253408089317803,0.9253408089317803,0,0.23252100072568282,0,0,
0.7,2,off_peak,130,17,339.05155803974947,339.05155803974947,339.05155803974947,339.05155803974947,339.05155803974947,0.0,0.0,0,0.2036400037468411,0,0,
0.7,2,off_peak,162,8,431.1028995813311,421.7109170778397,431.1028995813311,421.63449673232185,421.92246595587847,2.1295225883120414,2.1295225883120414,1,0.1467099973524455,0,0,
0.7,2,off_peak,140,21,309.4903906178253,315.40826820412883,309.4903906178253,309.4903906178253,309.4903906178253,0.0,0.0,0,0.1458870028727688,0,0,
0.7,2,off_peak,164,35,418.271034309131,418.271034309131,418.271034309131,418.271034309131,418.271034309131,0.0,0.0,0,0.20294199930503964,0,0,
0.7,2,off_peak,92,71,481.9858112974302,481.9858112974302,481.9858112974302,474.4650845676067,474.4650845676067,1.5603626815442684,1.5603626815442684,0,0.16800400044303387,0,0,
0.7,2,off_peak,75,171,293.8167254997655,290.66071199867446,293.8167254997655,290.66071199867446,290.66071199867446,1.0741435824399803,1.0741435824399803,0,0.1487299959990196,0,0,
0.7,2,off_peak,2,185,469.6549636725006,470.15113985236366,469.6549636725006,469.6549636725006,469.6549636725006,0.0,0.0,0,0.3136849991278723,0,0,
0.7,2,off_peak,50,136,423.74124954417687,424.5869746191073,423.74124954417687,421.8669213286712,421.8669213286712,0.44232847699437006,0.44232847699437006,0,0.40185499528888613,0,0,
0.7,2,off_peak,127,189,400.9530820967565,402.33514257817995,400.9530820967565,400.9121933696353,400.9121933696353,0.010197883230463353,0.010197883230463353,0,0.3863079982693307,0,0,
0.7,2,off_peak,128,106,346.9663460730082,336.04085945686023,346.9663460730082,345.6501179830628,345.6501179830628,0.3793532441525187,0.3793532441525187,0,0.48791699373396114,0,0,
0.7,2,off_peak,37,34,333.8882973087119,333.8882973087119,333.8882973087119,333.8882973087119,333.8882973087119,0.0,0.0,0,0.21508699865080416,0,0,
0.7,2,off_peak,200,205,382.0432067363669,382.0432067363669,382.0432067363669,382.0432067363669,382.0432067363669,0.0,0.0,0,0.1912340012495406,0,0,
0.7,2,off_peak,31,184,450.15861489317876,451.55177140406215,450.15861489317876,449.7620000011768,449.92668332703823,0.05152218761726195,0.05152218761726195,0,1.8464410022716038,0,0,
0.7,2,off_peak,18,154,420.2183409994988,403.7080947733647,420.2183409994988,404.6065971223316,404.6065971223316,3.7151505191406753,3.7151505191406753,0,1.3963899982627481,0,0,
0.7,2,off_peak,69,136,348.04518648948135,349.811825945089,348.04518648948135,348.04518648948135,348.04518648948135,0.0,0.0,0,0.2455040012137033,0,0,
0.7,2,off_peak,183,19,348.8739963533644,344.8822022812209,348.8739963533644,345.049575690997,345.049575690997,1.0962183201793452,1.0962183201793452,0,0.31964899972081184,0,0,
0.7,2,off_peak,152,154,375.46381800631667,358.95357178018253,375.46381800631667,359.8520741291495,359.8520741291495,4.15798890025257,4.15798890025257,0,0.8756990064284764,0,0,
0.7,2,off_peak,184,31,271.99881707356485,271.99881707356485,271.99881707356485,271.99881707356485,271.99881707356485,0.0,0.0,0,0.18822900165105239,0,0,
0.7,2,off_peak,76,124,417.4351172993041,490.53377592038146,417.4351172993041,417.4351172993041,417.4351172993041,0.0,0.0,0,0.18057599663734436,0,0,
0.7,2,off_peak,89,29,541.6539969514604,542.2478592816291,541.6539969514604,542.2478592816291,543.6974066631242,-0.37725369390137004,-0.37725369390137004,0,0.6444840037147515,0,0,
0.7,2,off_peak,158,120,378.93291325323196,378.93291325323196,378.93291325323196,378.93291325323196,378.93291325323196,0.0,0.0,0,0.17291699623456225,0,0,
0.7,2,off_peak,5,148,386.42605843026644,386.42605843026644,386.42605843026644,386.42605843026644,386.42605843026644,0.0,0.0,0,0.15485799667658284,0,0,
0.7,2,off_peak,89,25,359.19726279689945,359.19726279689945,359.19726279689945,359.19726279689945,359.19726279689945,0.0,0.0,0,0.11540799459908158,0,0,
0.7,2,off_peak,16,82,446.7065756840289,440.9569371865816,446.7065756840289,446.7065756840289,446.7065756840289,0.0,0.0,0,0.19249099568696693,0,0,
0.7,2,off_peak,64,197,453.370305471036,454.77354555761036,453.370305471036,453.370305471036,453.370305471036,0.0,0.0,0,0.22715600061928853,0,0,
0.7,2,incident,18,160,896.1149784741832,849.8111823537995,628.4433259648417,560.5409546509728,628.4433259648417,29.8702352866712,0.0,1,0.8982680010376498,13,10,True
0.7,2,incident,135,90,736.4519045977321,875.177679613746,726.2483870393412,751.2823132643056,726.2483870393412,1.3854967981872908,0.0,1,0.3557640011422336,10,7,True
0.7,2,incident,89,177,858.4485347895624,812.510341907975,722.4260804396208,727.2548972201006,727.4885775800783,15.255423231817527,-0.7007633414032864,1,0.8318569998664316,12,10,True
0.7,2,incident,152,157,555.2128823628912,494.13663207415533,481.7684974247787,422.62138612519396,481.7684974247787,13.228148566284293,0.0,2,0.4626073326411036,11,7,True
0.7,2,incident,14,200,963.7998528465381,918.0716854160308,788.1062847794044,773.7859800486032,794.4256165433472,17.573590180881634,-0.8018375041523313,1,0.27761049568653107,14,12,True
0.7,2,incident,92,184,528.056418924877,528.056418924877,489.3611740854242,486.9391123578624,528.056418924877,0.0,-7.9072976951575775,0,0.132069006212987,8,5,True
0.7,2,incident,75,200,964.5872531315345,846.8851051032304,773.0015159639628,697.6734541564238,748.1786183558061,22.4353612462903,3.2112353075015134,1,0.1850279986683745,12,9,True
0.7,2,incident,187,76,529.4502419753084,529.4502419753084,438.88938314819217,352.9857688322641,464.01512286218383,12.359068695293217,-5.724845639637605,1,0.18109149823430926,9,5,True
0.7,2,incident,33,172,1030.4900009840753,921.0385103089085,657.8495879771564,657.8495879771564,741.7191249442444,28.022676179687984,-12.749044538430324,0,0.1884420053102076,10,6,True
0.7,2,incident,130,144,609.3695769233575,609.3695769233575,609.3695769233575,609.3695769233575,609.3695769233575,0.0,0.0,0,0.16398500156356022,8,6,True
0.7,2,incident,90,166,565.9564613171575,496.6337189128914,496.6337189128914,496.6337189128914,496.6337189128914,12.24877656541466,0.0,0,0.1998270017793402,8,7,True
0.7,2,incident,131,28,906.2787246814723,814.0192187486763,814.7910838228224,854.4011997078676,790.2218445613701,12.805870529609145,3.015403549358793,1,0.6466054983320646,12,9,True
0.7,2,incident,50,23,635.8970132329035,635.9715132503255,552.2470610996064,552.9689100944476,553.0008581671483,13.036097566225507,-0.1364963474936307,1,0.5442205037979875,12,9,True
0.7,2,incident,16,158,878.630629729313,921.1338811351542,766.2505493545533,740.8962548910373,766.2505493545533,12.79036680173346,0.0,1,0.18309049846720882,10,6,True
0.7,2,incident,189,60,722.6633070149845,722.6633070149845,722.6633070149845,722.6633070149845,722.6633070149845,0.0,0.0,0,0.15049700596136972,11,6,True
0.7,2,incident,104,162,607.0028181830792,605.4050286650571,580.1534389846388,580.1534389846388,580.1534389846388,4.423270929582783,0.0,1,0.18168799942941405,10,7,True
0.7,2,incident,86,168,1108.3669294444464,873.0947186105357,728.8544446224946,972.1203576487505,873.0947186105357,21.22692445829629,-19.789997173269537,0,0.16067300020949915,11,8,True
0.7,2,incident,66,34,921.1856317142714,872.6461114799902,654.5080385930268,654.5080385930268,654.5080385930268,28.94938695743371,0.0,1,0.24200600091717206,13,8,True
0.7,2,incident,148,33,1240.4872216707747,1274.9306142659525,1185.886863888621,1201.4917526408292,1185.886863888621,4.401525209474877,0.0,1,0.25619550069677643,9,6,True
0.7,2,incident,34,78,1420.2813628733008,1020.718870722868,961.0871256951734,1103.2356231351405,1055.5896647057295,25.677426156587845,-9.83287950529985,1,0.11726050070137717,14,10,True
0.7,2,incident,125,74,576.7534158652109,491.26871546950224,465.36254628463917,466.6887352528597,514.1303976307902,10.857849561320304,-10.479539390418013,0,0.4210659972159192,10,6,True
0.7,2,incident,198,18,636.386211774002,636.386211774002,576.7399472295708,578.4527955268392,576.7399472295708,9.37265192753944,0.0,1,0.2565024988143705,11,10,True
0.7,2,incident,158,200,811.5610213373265,811.5610213373265,772.5083368459532,772.5083368459532,772.5083368459532,4.812045362531152,0.0,1,0.1930699982040096,12,11,True
0.7,2,incident,54,148,740.6441331556732,999.8264270271396,804.6377504179563,801.9511058652333,804.6377504179563,-8.640265195867357,0.0,1,0.14420750085264444,9,7,True
0.7,2,incident,92,186,1213.1186096933013,1109.6243802874753,1071.0335912858563,1153.2206275595372,1063.1339761567945,12.363558875288026,0.7375693155970771,1,0.8449804990959819,16,11,True
0.7,2,incident,130,17,567.4509663474771,567.4509663474771,544.3246900670877,528.5099506534882,567.4509663474771,0.0,-4.248617911772319,0,0.18703700334299356,8,6,True
0.7,2,incident,162,8,1042.5626323765634,935.2619135467698,1010.5718318260828,961.6830204333618,1010.5718318260828,3.0684775721873296,0.0,1,1.2165765001554973,13,8,True
0.7,2,incident,140,21,834.0670570594198,834.0670570594198,821.339956965907,762.4200812834416,834.0670570594198,0.0,-1.5495532617854857,0,0.13298200065037236,9,6,True
0.7,2,incident,164,35,644.8937601608347,646.1500847594451,600.2444416313563,486.25964537181306,600.2444416313563,6.923515358303833,0.0,1,0.21483250020537525,11,8,True
0.7,2,incident,92,71,695.4838216018379,695.4838216018379,662.3234299940938,662.291481921393,662.3234299940938,4.7679601707152806,0.0,1,0.19089950001216494,11,8,True
0.7,2,incident,75,171,492.27775690252673,489.0268152721025,492.27775690252673,489.0268152721025,489.0268152721025,0.6603876744055133,0.6603876744055133,0,0.1678039989201352,8,5,True
0.7,2,incident,2,185,752.1174237886041,741.9612190060838,645.4861107538896,645.4861107538896,645.4861107538896,14.177482087515777,0.0,1,0.5959354966762476,13,9,True
0.7,2,incident,50,136,672.1899009403386,643.282074424737,610.1451347714068,610.6686194513522,610.1451347714068,9.230243727574047,0.0,1,0.4431555025803391,12,8,True
0.7,2,incident,127,189,665.0750867563888,664.1084303496204,574.7447271109918,569.6425022812696,573.9643707734722,13.699312723811245,0.13577442309773602,1,0.3475465018709656,14,12,True
0.7,2,incident,128,106,631.8141935066092,632.6159617147866,587.1507637689174,525.6503687409293,564.2283969025023,10.69710008080088,3.9040001786383773,0,0.6008749987813644,10,7,True
0.7,2,incident,37,34,506.7460763310718,506.7460763310718,506.7460763310718,510.18881381220604,506.7460763310718,0.0,0.0,0,0.21637500321958214,9,7,True
0.7,2,incident,200,205,598.9465786224499,598.9465786224499,565.7861870147058,566.6849662502841,598.9465786224499,0.0,-5.860940469881469,0,0.18108400399796665,10,7,True
0.7,2,incident,31,184,593.2912151678593,612.5099635187636,504.99142643453047,464.7852408001893,447.6932782695752,24.540720168440412,11.346360584674928,0,1.6810199958854355,9,6,True
0.7,2,incident,18,154,663.6828920541311,662.9025353355477,596.2855731455079,600.507986096605,600.507986096605,9.518838998847277,-0.7081192538037043,1,0.996140999632189,14,9,True
0.7,2,incident,69,136,666.7599176907901,665.312995750262,644.9120572007268,492.75692686857747,644.9120572007268,3.2767207371627234,0.0,2,0.20923633079898232,9,6,True
0.7,2,incident,183,19,506.15329694019783,485.7494839762071,428.9394175816898,419.0180229148396,428.9394175816898,15.255038310583382,0.0,1,0.3223254971089773,10,7,True
0.7,2,incident,152,154,729.032564885113,636.6178755176982,728.4764203683953,478.13339007759515,727.8274060042287,0.16530933444299217,0.0890920208286818,1,0.729445499018766,12,5,True
0.7,2,incident,184,31,445.9405703947755,445.9405703947755,445.9405703947755,445.9405703947755,445.9405703947755,0.0,0.0,0,0.17387299885740504,8,5,True
0.7,2,incident,76,124,619.0382084909854,636.1377148307547,567.4143866137019,442.26081534225295,567.4143866137019,8.339359536970365,0.0,1,0.1702664994809311,9,6,True
0.7,2,incident,89,29,1330.5234764797312,1316.8637064078193,1361.2363261988094,1341.7178688950225,1361.2363261988094,-2.3083282829655496,0.0,1,0.6128589993750211,14,10,True
0.7,2,incident,158,120,790.945871976137,688.6954957242186,625.2500810183041,683.4763889686295,662.8524864827087,16.194962263775857,-6.0139785033156805,1,0.4520954971667379,10,9,True
0.7,2,incident,5,148,1114.5372605703674,1101.8328604264464,978.033286868486,911.5837814974458,1042.3785075265519,6.474323972523637,-6.579041993968268,0,0.27417099772719666,9,5,True
0.7,2,incident,89,25,858.1359036455672,728.9617600553488,850.183619736491,727.7856368873134,746.5259404861037,13.006094102964067,12.192387249535033,0,0.9315389979747124,10,7,True
0.7,2,incident,16,82,1044.5179437073314,753.9938398024487,822.864505658311,895.3688228217783,938.8413687637416,10.117257973425476,-14.094284333317585,1,0.285138998151524,14,10,True
0.7,2,incident,64,197,1233.4669717168424,1085.4246087255544,1038.4592466924623,959.0430928534423,1009.525739616832,18.15542995758616,2.7861957190698465,0,0.33326300035696477,13,9,True
0.5,0,peak_hour,18,160,429.59065972763057,534.3229611781188,429.59065972763057,429.59065972763057,429.59065972763057,0.0,0.0,0,1.1949039981118403,0,0,
0.5,0,peak_hour,135,90,441.01243208201464,441.01243208201464,441.01243208201464,441.1198057268021,441.1198057268021,-0.02434707889765109,-0.02434707889765109,0,0.2036320001934655,0,0,
0.5,0,peak_hour,89,177,510.39133194450386,698.0729183313426,510.39133194450386,510.39133194450386,510.39133194450386,0.0,0.0,0,0.2408599975751713,0,0,
0.5,0,peak_hour,152,157,400.42090321670366,398.2050029322493,400.42090321670366,398.5116755063358,494.55852557345975,-23.509667352658102,-23.509667352658102,0,0.7475669990526512,0,0,
0.5,0,peak_hour,14,200,607.0960201440404,632.2631124788571,607.0960201440404,607.0960201440404,607.0960201440404,0.0,0.0,0,0.26284699561074376,0,0,
0.5,0,peak_hour,92,184,363.10190800185524,361.9732371839424,363.10190800185524,361.9732371839424,362.51063735352466,0.1628387610476443,0.1628387610476443,0,0.12612999853445217,0,0,
0.5,0,peak_hour,75,200,601.7519479274109,634.646490089127,601.7519479274109,601.7519479274109,601.7519479274109,0.0,0.0,0,0.18513300165068358,0,0,
0.5,0,peak_hour,187,76,533.4763106988225,616.8443187396902,533.4763106988225,533.4763106988225,533.4763106988225,0.0,0.0,0,0.1986799979931675,0,0,
0.5,0,peak_hour,33,172,473.7454681419132,485.86685156946714,473.7454681419132,485.86685156946714,485.86685156946714,-2.5586278376647016,-2.5586278376647016,0,0.1675849998719059,0,0,
0.5,0,peak_hour,130,144,641.2449000798423,703.1104573736568,641.2449000798423,758.6895040008851,758.6895040008851,-18.315093641511943,-18.315093641511943,0,0.1578700030222535,0,0,
0.5,0,peak_hour,90,166,827.2557991727372,807.9403747742389,827.2557991727372,827.2557991727372,796.7057384803265,3.6929400462300714,3.6929400462300714,0,0.208265999390278,0,0,
0.5,0,peak_hour,131,28,694.4301093869859,694.4419927147837,694.4301093869859,691.828411662253,691.828411662253,0.37465220611324423,0.37465220611324423,0,0.26566100132185966,0,0,
0.5,0,peak_hour,50,23,485.56158489803903,485.56158489803903,485.56158489803903,482.79015305041054,482.79015305041054,0.5707683502619864,0.5707683502619864,0,0.6510419989353977,0,0,
0.5,0,peak_hour,16,158,544.8776522391307,559.8741586809602,544.8776522391307,526.9166795964128,526.7266737410555,3.3312025963049234,3.3312025963049234,0,0.19803800387308002,0,0,
0.5,0,peak_hour,189,60,552.1545319004167,531.9936554763992,552.1545319004167,539.4532107261981,552.1545319004167,0.0,0.0,0,0.15777200314914808,0,0,
0.5,0,peak_hour,104,162,688.6458073807886,688.6458073807886,688.6458073807886,556.2055066796563,556.2055066796563,19.23199114576168,19.23199114576168,0,0.19716800306923687,0,0,
0.5,0,peak_hour,86,168,518.2040381758329,488.1946205949128,518.2040381758329,529.5709562963559,532.1945329762988,-2.6998042797417776,-2.6998042797417776,0,0.14116099919192493,0,0,
0.5,0,peak_hour,66,34,427.90294693064345,427.90294693064345,427.90294693064345,427.90294693064345,427.90294693064345,0.0,0.0,0,0.21339100203476846,0,0,
0.5,0,peak_hour,148,33,740.0084102308774,621.5740981636383,740.0084102308774,686.5680861519364,686.5680861519364,7.221583341501211,7.221583341501211,0,0.1865619997261092,0,0,
0.5,0,peak_hour,34,78,821.7346412464469,611.227434949669,821.7346412464469,611.227434949669,611.227434949669,25.61741902196923,25.61741902196923,0,0.23049899755278602,0,0,
0.5,0,peak_hour,125,74,693.5999496123642,666.6768035970148,693.5999496123642,693.5999496123642,693.5999496123642,0.0,0.0,0,0.41609699837863445,0,0,
0.5,0,peak_hour,198,18,415.9584614990473,415.6952448447166,415.9584614990473,416.4691714435579,416.4691714435579,-0.12277907334066297,-0.12277907334066297,0,0.3963659983128309,0,0,
0.5,0,peak_hour,158,200,609.63857258191,609.63857258191,609.63857258191,609.63857258191,609.63857258191,0.0,0.0,0,0.21276299958117306,0,0,
0.5,0,peak_hour,54,148,573.3700409477401,618.4766452887958,573.3700409477401,616.5729309904159,573.3700409477401,0.0,0.0,0,0.25652900512795895,0,0,
0.5,0,peak_hour,92,186,764.2018107925746,729.858471761316,764.2018107925746,717.4098070650062,712.2144540225956,6.802830879982014,6.802830879982014,1,0.16586249694228172,0,0,
0.5,0,peak_hour,130,17,616.71658809656,710.626202020489,616.71658809656,636.806047062607,616.71658809656,0.0,0.0,1,0.334281001414638,0,0,
0.5,0,peak_hour,162,8,424.4370992316197,420.8883428701667,424.4370992316197,424.3975346748763,424.4370992316197,0.0,0.0,1,0.17292949632974342,0,0,
0.5,0,peak_hour,140,21,330.045587826276,330.045587826276,330.045587826276,330.045587826276,330.045587826276,0.0,0.0,0,0.12033499660901725,0,0,
0.5,0,peak_hour,164,35,414.3660265950163,524.0907703446031,414.3660265950163,414.1553124885744,414.1553124885744,0.05085216762904538,0.05085216762904538,1,0.10310349898645654,0,0,
0.5,0,peak_hour,92,71,463.79647697078514,463.79647697078514,463.79647697078514,463.79647697078514,463.79647697078514,0.0,0.0,0,0.18580700270831585,0,0,
0.5,0,peak_hour,75,171,386.4423597114434,432.70284886484103,386.4423597114434,386.4423597114434,386.4423597114434,0.0,0.0,0,0.17510299949208274,0,0,
0.5,0,peak_hour,2,185,490.7464695978283,490.89281460867204,490.7464695978283,490.89281460867204,490.89281460867204,-0.02982089936656348,-0.02982089936656348,0,0.20981499983463436,0,0,
0.5,0,peak_hour,50,136,491.1860116590151,485.60251151057474,491.1860116590151,487.0275239174571,487.0275239174571,0.8466217772595837,0.8466217772595837,0,0.9241630032192916,0,0,
0.5,0,peak_hour,127,189,568.2976814224307,618.3540548105552,568.2976814224307,568.7707761007388,568.7707761007388,-0.08324768757174747,-0.08324768757174747,0,0.44884100498165935,0,0,
0.5,0,peak_hour,128,106,582.137120921378,582.137120921378,582.137120921378,582.137120921378,582.137120921378,0.0,0.0,0,0.5748519979533739,0,0,
0.5,0,peak_hour,37,34,384.93627522970826,366.52197298826155,384.93627522970826,376.0816151275285,376.0816151275285,2.3002924566919036,2.3002924566919036,0,0.19179499940946698,0,0,
0.5,0,peak_hour,200,205,404.6834679539757,404.6834679539757,404.6834679539757,404.6834679539757,404.6834679539757,0.0,0.0,0,0.1865820013335906,0,0,
0.5,0,peak_hour,31,184,683.3832480631589,681.5318653831024,683.3832480631589,426.2976440815746,426.2976440815746,37.61953555493421,37.61953555493421,0,2.9655719990842044,0,0,
0.5,0,peak_hour,18,154,569.3297902957406,555.0932719071634,569.3297902957406,569.3297902957406,569.3297902957406,0.0,0.0,0,0.8105849992716685,0,0,
0.5,0,peak_hour,69,136,825.9946749275229,800.0075454456883,825.9946749275229,825.9946749275229,825.9946749275229,0.0,0.0,0,0.18797499797074124,0,0,
0.5,0,peak_hour,183,19,365.62191188344315,369.32221292269963,365.62191188344315,378.5767260443434,378.5767260443434,-3.5432269620181067,-3.5432269620181067,0,0.36685400118585676,0,0,
0.5,0,peak_hour,152,154,376.81429171162813,375.3221069769367,376.81429171162813,371.31467632542854,371.31467632542854,1.4595028657799394,1.4595028657799394,0,0.6661440056632273,0,0,
0.5,0,peak_hour,184,31,349.75297822698565,326.01137368692,349.75297822698565,349.75297822698565,349.75297822698565,0.0,0.0,0,0.1871209969976917,0,0,
0.5,0,peak_hour,76,124,862.5710468320194,911.3347231937352,862.5710468320194,810.9039089511932,888.4065607956624,-2.9951751868474497,-2.9951751868474497,1,0.16189099915209226,0,0,
0.5,0,peak_hour,89,29,804.8068700786948,869.692584148963,804.8068700786948,754.4310542575364,749.0090207039675,6.933073194227498,6.933073194227498,0,0.2799869980663061,0,0,
0.5,0,peak_hour,158,120,617.2372122365447,617.2372122365447,617.2372122365447,614.6236311840139,614.6236311840139,0.42343219117663466,0.42343219117663466,0,0.16817300638649613,0,0,
0.5,0,peak_hour,5,148,453.0577263438428,439.22068422097703,453.0577263438428,453.0577263438428,453.0577263438428,0.0,0.0,0,0.1726990012684837,0,0,
0.5,0,peak_hour,89,25,597.0293013858269,597.0293013858269,597.0293013858269,581.5058925797314,581.5058925797314,2.6001083648763164,2.6001083648763164,0,0.9638959963922389,0,0,
0.5,0,peak_hour,16,82,625.9396601598056,581.4107650005341,625.9396601598056,596.2543145749279,625.9396601598056,0.0,0.0,0,0.21642800129484385,0,0,
0.5,0,peak_hour,64,197,516.7204830254032,518.0824960114384,516.7204830254032,516.7204830254032,516.7204830254032,0.0,0.0,0,0.19476799934636801,0,0,
0.5,0,off_peak,18,160,460.8620622477061,459.25803775242485,460.8620622477061,461.00123922175766,461.00123922175766,-0.030199269033509675,-0.030199269033509675,1,0.7843824969313573,0,0,
0.5,0,off_peak,135,90,371.09297295466865,371.09297295466865,371.09297295466865,371.09297295466865,371.09297295466865,0.0,0.0,0,0.23919399973237887,0,0,
0.5,0,off_peak,89,177,450.53693273129204,450.53693273129204,450.53693273129204,450.53693273129204,450.53693273129204,0.0,0.0,0,0.22150499717099592,0,0,
0.5,0,off_peak,152,157,377.1946760243137,377.1946760243137,377.1946760243137,374.30478416288344,374.30478416288344,0.7661539372427386,0.7661539372427386,0,0.8183160025510006,0,0,
0.5,0,off_peak,14,200,486.1354666910935,487.1577015774018,486.1354666910935,486.1354666910935,486.1354666910935,0.0,0.0,0,0.17978799587581307,0,0,
0.5,0,off_peak,92,184,346.1327197404894,346.8313905418299,346.1327197404894,346.90764314025654,346.90764314025654,-0.22388042377159265,-0.22388042377159265,0,0.1553390029584989,0,0,
0.5,0,off_peak,75,200,449.1201459538004,449.1201459538004,449.1201459538004,449.1201459538004,449.1201459538004,0.0,0.0,0,0.1812129994505085,0,0,
0.5,0,off_peak,187,76,328.40870311536617,328.84373507331446,328.40870311536617,328.40870311536617,328.40870311536617,0.0,0.0,0,0.25250099861295894,0,0,
0.5,0,off_peak,33,172,393.19758630923315,393.19758630923315,393.19758630923315,393.19758630923315,393.19758630923315,0.0,0.0,0,0.17263500194530934,0,0,
0.5,0,off_peak,130,144,334.6940279477832,334.6940279477832,334.6940279477832,334.6940279477832,334.6940279477832,0.0,0.0,0,0.14646999625256285,0,0,
0.5,0,off_peak,90,166,468.6241420428807,420.6915952638841,468.6241420428807,468.6241420428807,468.6241420428807,0.0,0.0,0,0.2112220026901923,0,0,
0.5,0,off_peak,131,28,424.2812430621394,426.21681900473646,424.2812430621394,424.5272991409437,424.2812430621394,0.0,0.0,0,0.22310199710773304,0,0,
0.5,0,off_peak,50,23,410.85081037206396,410.52563892233263,410.85081037206396,410.52563892233263,410.52563892233263,0.07914587035543522,0.07914587035543522,0,0.7116780034266412,0,0,
0.5,0,off_peak,16,158,461.0199266950922,446.28287230990526,461.0199266950922,461.0199266950922,461.0199266950922,0.0,0.0,0,0.18554000416770577,0,0,
0.5,0,off_peak,189,60,645.347422113689,645.347422113689,645.347422113689,645.347422113689,645.347422113689,0.0,0.0,0,0.16717299877200276,0,0,
0.5,0,off_peak,104,162,385.134239939415,385.134239939415,385.134239939415,385.35264326780435,385.134239939415,0.0,0.0,0,0.2138540003215894,0,0,
0.5,0,off_peak,86,168,375.7970102156827,375.7970102156827,375.7970102156827,375.7970102156827,375.7970102156827,0.0,0.0,0,0.14688499504700303,0,0,
0.5,0,off_peak,66,34,428.2565541522773,420.31699432864616,428.2565541522773,420.31699432864616,420.31699432864616,1.8539260512538587,1.8539260512538587,0,0.18041200382867828,0,0,
0.5,0,off_peak,148,33,369.8155093822752,369.8155093822752,369.8155093822752,369.8155093822752,369.8155093822752,0.0,0.0,0,0.18886200268752873,0,0,
0.5,0,off_peak,34,78,464.1826397126729,462.7979517426997,464.1826397126729,462.64311534962616,463.1613092721898,0.22002771174624217,0.22002771174624217,1,0.14402699889615178,0,0,
0.5,0,off_peak,125,74,345.71599154791176,348.0027035044814,345.71599154791176,345.71599154791176,345.71599154791176,0.0,0.0,0,0.41828300163615495,0,0,
0.5,0,off_peak,198,18,408.05608751065375,407.7400562232391,408.05608751065375,407.6486171656824,407.6486171656824,0.09985645538511695,0.09985645538511695,0,0.37107599928276613,0,0,
0.5,0,off_peak,158,200,486.4215610844868,486.4215610844868,486.4215610844868,486.4215610844868,486.4215610844868,0.0,0.0,0,0.19948800036218017,0,0,
0.5,0,off_peak,54,148,349.22232202210625,349.22232202210625,349.22232202210625,349.22232202210625,349.22232202210625,0.0,0.0,0,0.32754099811427295,0,0,
0.5,0,off_peak,92,186,639.019682179211,639.019682179211,639.019682179211,633.1065722829006,633.1065722829006,0.9253408089317803,0.9253408089317803,0,0.2111630019498989,0,0,
0.5,0,off_peak,130,17,339.05155803974947,401.1616676186185,339.05155803974947,339.05155803974947,339.05155803974947,0.0,0.0,0,0.22057200112612918,0,0,
0.5,0,off_peak,162,8,432.5613720586565,423.45735877872175,432.5613720586565,423.45735877872175,423.3809384332039,2.122342450913007,2.122342450913007,0,0.22252499911701307,0,0,
0.5,0,off_peak,140,21,309.4903906178253,309.4903906178253,309.4903906178253,309.4903906178253,309.4903906178253,0.0,0.0,0,0.14480800018645823,0,0,
0.5,0,off_peak,164,35,418.271034309131,418.271034309131,418.271034309131,415.51948601452324,415.51948601452324,0.6578385948127025,0.6578385948127025,1,0.11591350266826339,0,0,
0.5,0,off_peak,92,71,481.9858112974302,481.9858112974302,481.9858112974302,474.4650845676067,474.4650845676067,1.5603626815442684,1.5603626815442684,0,0.15298399375751615,0,0,
0.5,0,off_peak,75,171,293.8167254997655,293.8167254997655,293.8167254997655,290.66071199867446,290.66071199867446,1.0741435824399803,1.0741435824399803,0,0.18027800251729786,0,0,
0.5,0,off_peak,2,185,471.78320433918856,471.78320433918856,471.78320433918856,471.78320433918856,471.78320433918856,0.0,0.0,0,0.25589900178601965,0,0,
0.5,0,off_peak,50,136,423.8090508903166,422.4251451086552,423.8090508903166,422.9183944459562,422.9183944459562,0.2101551258731597,0.2101551258731597,0,0.4093890020158142,0,0,
0.5,0,off_peak,127,189,409.8271368210814,408.8933267725141,409.8271368210814,407.7708011462465,407.7708011462465,0.5017568360126967,0.5017568360126967,0,0.39786999695934355,0,0,
0.5,0,off_peak,128,106,381.2424362356456,337.3233748646876,381.2424362356456,385.1786828434487,385.1786828434487,-1.0324786103743544,-1.0324786103743544,0,0.8047439987421967,0,0,
0.5,0,off_peak,37,34,333.8882973087119,333.8882973087119,333.8882973087119,333.8882973087119,333.8882973087119,0.0,0.0,0,0.24237000616267323,0,0,
0.5,0,off_peak,200,205,382.0432067363669,382.0432067363669,382.0432067363669,382.0432067363669,382.0432067363669,0.0,0.0,0,0.1980439992621541,0,0,
0.5,0,off_peak,31,184,448.6468213275166,451.267714457086,448.6468213275166,448.3060322113653,448.3060322113653,0.07595932924319865,0.07595932924319865,0,1.3916050011175685,0,0,
0.5,0,off_peak,18,154,419.4458099198507,419.4458099198507,419.4458099198507,419.4458099198507,419.4458099198507,0.0,0.0,0,1.1531449999893084,0,0,
0.5,0,off_peak,69,136,349.811825945089,352.26932376259697,349.811825945089,349.811825945089,352.26932376259697,-0.7025199365025764,-0.7025199365025764,0,0.24972199753392488,0,0,
0.5,0,off_peak,183,19,346.45318146463626,344.5092690458383,346.45318146463626,344.3942420089652,344.3942420089652,0.5942908207587724,0.5942908207587724,0,0.36941500002285466,0,0,
0.5,0,off_peak,152,154,374.4118177638966,374.4118177638966,374.4118177638966,374.4118177638966,374.4118177638966,0.0,0.0,0,0.699379997968208,0,0,
0.5,0,off_peak,184,31,271.99881707356485,271.99881707356485,271.99881707356485,271.99881707356485,271.99881707356485,0.0,0.0,0,0.2015450008912012,0,0,
0.5,0,off_peak,76,124,417.4351172993041,490.53377592038146,417.4351172993041,417.4351172993041,417.4351172993041,0.0,0.0,0,0.19940900529036298,0,0,
0.5,0,off_peak,89,29,548.7527949578208,544.9274055690853,548.7527949578208,544.9274055690853,548.7527949578208,0.0,0.0,0,0.5109630001243204,0,0,
0.5,0,off_peak,158,120,378.93291325323196,378.93291325323196,378.93291325323196,378.93291325323196,378.93291325323196,0.0,0.0,0,0.17365800158586353,0,0,
0.5,0,off_peak,5,148,386.42605843026644,386.42605843026644,386.42605843026644,386.42605843026644,386.42605843026644,0.0,0.0,0,0.1498480050940998,0,0,
0.5,0,off_peak,89,25,359.19726279689945,359.19726279689945,359.19726279689945,359.19726279689945,359.19726279689945,0.0,0.0,0,0.14685699716210365,0,0,
0.5,0,off_peak,16,82,433.71692646410725,433.71692646410725,433.71692646410725,433.71692646410725,433.71692646410725,0.0,0.0,0,0.211468999623321,0,0,
0.5,0,off_peak,64,197,453.370305471036,454.77354555761036,453.370305471036,454.77354555761036,454.77354555761036,-0.30951301169062395,-0.30951301169062395,0,0.17641999875195324,0,0,
0.5,0,incident,18,160,888.5768891637464,670.1083921351017,596.5155118491222,599.3089027064184,605.4070075620352,31.86779726717929,-1.4905724220566476,0,0.8739760014577769,14,6,True
0.5,0,incident,135,90,742.5742755948817,847.4888020924452,712.5829893910335,712.5829893910335,699.0579581856416,5.860197267725012,1.898028918280837,1,0.27314700491842814,11,5,True
0.5,0,incident,89,177,913.2856197222916,827.6023566955208,746.8725609011152,879.3585257703908,847.4022782880651,7.213881398270572,-13.460089799745617,1,0.7148949989641551,12,6,True
0.5,0,incident,152,157,550.8628977532553,533.3806391020885,456.0504009823438,417.01004945392685,484.9179193417096,11.97121437666402,-6.329896497664397,0,0.7522060041083023,10,6,True
0.5,0,incident,14,200,963.4678924866847,919.8052442392591,837.1386969454232,870.1621285675774,903.8655570266641,6.186229548987732,-7.970824945103577,0,0.262790999840945,15,8,True
0.5,0,incident,92,184,526.8051107043132,528.056418924877,489.7110269981358,493.13475961809036,489.7110269981358,7.041329507336087,0.0,1,0.18560299940872937,10,6,True
0.5,0,incident,75,200,891.3604964786804,918.8590857010272,779.3755262013408,854.7530983520837,776.4918919999069,12.886885265003542,0.36999291156711867,1,0.209699497645488,12,6,True
0.5,0,incident,187,76,578.0820294483877,578.0820294483877,546.3868146009656,546.3868146009656,578.0820294483877,0.0,-5.800874764990365,0,0.2061099949060008,8,2,True
0.5,0,incident,33,172,764.0637120901696,762.5323607412647,634.844613849746,634.844613849746,674.2447112455737,11.755433404746753,-6.206258434942459,1,0.17726499936543405,10,5,True
0.5,0,incident,130,144,609.3695769233575,609.3695769233575,609.3695769233575,609.3695769233575,609.3695769233575,0.0,0.0,0,0.17972900241147727,8,4,True
0.5,0,incident,90,166,603.3097017052193,529.5619641354651,529.5619641354651,529.5619641354651,529.5619641354651,12.223860707247121,0.0,0,0.18845199520001188,8,2,True
0.5,0,incident,131,28,1012.2756096138561,908.4087868163415,835.9856211694811,999.4944868153051,1012.2756096138561,0.0,-21.08768189071943,0,0.5685969954356551,11,4,True
0.5,0,incident,50,23,639.691292576634,639.691292576634,544.2378962245527,544.2378962245527,544.2378962245527,14.921790785614943,0.0,1,0.7159800006775185,12,8,True
0.5,0,incident,16,158,788.7105801394122,714.1460195578431,678.1419482097705,678.1419482097705,678.1419482097705,14.0189107023387,0.0,1,0.21385950094554573,10,4,True
0.5,0,incident,189,60,722.6633070149845,722.6633070149845,722.6633070149845,722.6633070149845,722.6633070149845,0.0,0.0,0,0.13436200242722407,11,5,True
0.5,0,incident,104,162,608.3003419001041,605.4050286650571,565.4141336016148,565.4141336016148,605.4050286650571,0.47596771456729325,-7.072850267945277,0,0.20414699974935502,10,4,True
0.5,0,incident,86,168,1094.0253774554008,1031.3969602981097,1093.2050078964025,839.7165440903792,1093.2050078964025,0.0749863372371042,0.0,1,0.1734570032567717,10,7,True
0.5,0,incident,66,34,1016.231056757642,1065.2837996252001,813.7089970428693,876.6796321341681,905.8348277294845,10.863300062919217,-11.321717102970853,1,0.2183264987252187,12,7,True
0.5,0,incident,148,33,1214.2859149689702,969.7973239230731,1213.9501370280223,1253.037769638154,1272.9238313674646,-4.8290040817934345,-4.857999726728561,1,0.2141425029549282,9,4,True
0.5,0,incident,34,78,1279.3440960837156,1225.2088289200258,1128.4653275068304,1131.765753145776,1128.4653275068304,11.79344705140315,0.0,1,0.3095210013270844,13,7,True
0.5,0,incident,125,74,554.6168270140083,504.6190411078676,479.55510424741624,461.8551133738637,477.96661226978915,13.820391126049113,0.33124284645452085,1,0.5224790038482752,10,7,True
0.5,0,incident,198,18,637.5846174691561,637.5846174691561,626.3678812159676,626.882323818082,637.5846174691561,0.0,-1.7907585285844272,0,0.3771210031118244,13,5,True
0.5,0,incident,158,200,811.5610213373265,811.5610213373265,811.5610213373265,798.0305170245788,811.5610213373265,0.0,0.0,0,0.20314800349297002,12,6,True
0.5,0,incident,54,148,633.5332608926038,935.9736011720302,522.2519546466722,528.7068999019052,631.2519259033548,0.36009711408596745,-20.871146634659556,0,0.2765629978966899,11,9,True
0.5,0,incident,92,186,1181.988241149755,1113.7950180035089,1177.6029874922885,1167.9669284399135,1177.6029874922885,0.3710065383730636,0.0,2,0.35529099841369316,18,8,True
0.5,0,incident,130,17,583.2421312182211,570.7086088585888,570.7086088585888,570.7086088585888,533.1087384666989,8.595639798312964,6.588278117459845,0,0.26818100013770163,10,3,True
0.5,0,incident,162,8,1171.9085144521032,1130.9632891622987,914.1253855611476,870.7747045965276,914.1253855611476,21.996864577050683,0.0,0,0.7321310040424578,12,6,True
0.5,0,incident,140,21,827.3581296309494,874.7304890489111,790.5284020162655,710.3117797646989,822.6304720274787,0.5714161055720199,-4.0608370210780445,0,0.17038000078173354,9,4,True
0.5,0,incident,164,35,646.1500847594451,646.1500847594451,634.9333485062566,514.798393904359,646.1500847594451,0.0,-1.7666005856483984,0,0.20767500245710835,10,4,True
0.5,0,incident,92,71,695.4838216018379,695.4838216018379,662.3234299940938,662.3234299940938,662.3234299940938,4.7679601707152806,0.0,1,0.2213019979535602,11,5,True
0.5,0,incident,75,171,492.27775690252673,492.27775690252673,492.27775690252673,492.27775690252673,492.27775690252673,0.0,0.0,0,0.14877399371471256,8,3,True
0.5,0,incident,2,185,751.9708634988833,751.9708634988833,672.6786612693328,672.6786612693328,751.9708634988833,0.0,-11.787530479995832,0,0.2532660000724718,12,5,True
0.5,0,incident,50,136,635.8274687106264,630.2164105427698,537.6824400198797,510.75105854049815,537.6824400198797,15.435795639620883,0.0,2,0.5063550027747018,11,7,True
0.5,0,incident,127,189,673.1910099570971,641.8406463399731,566.5166117871204,558.6856725567079,558.6856725567079,17.00933846512399,1.3822964883075832,1,0.4842074995394796,13,7,True
0.5,0,incident,128,106,654.4978717524093,664.9884780430675,637.9995906390811,608.254524193379,654.4978717524093,0.0,-2.5859391377981806,0,0.587775997701101,10,7,True
0.5,0,incident,37,34,506.7460763310718,506.7460763310718,506.7460763310718,511.5508683021295,506.7460763310718,0.0,0.0,0,0.21939099679002538,9,7,True
0.5,0,incident,200,205,598.9465786224499,598.9465786224499,565.7861870147058,566.6849662502841,565.7861870147058,5.536452296632455,0.0,1,0.2305710040673148,10,5,True
0.5,0,incident,31,184,594.2724474611358,743.8685364012632,489.8658233593743,449.27608981374823,433.61600603312314,27.03413932689842,11.482698862415901,0,3.246486005082261,8,4,True
0.5,0,incident,18,154,656.1519518750296,656.1519518750296,557.5125847314322,557.5125847314322,557.5125847314322,15.033006739021971,0.0,1,1.0953099990729243,11,6,True
0.5,0,incident,69,136,704.8742373085084,475.7269058715484,704.0157780929792,622.1563626145352,722.3246841243106,-2.4756823121291704,-2.600638593772161,1,0.19638800222310238,9,4,True
0.5,0,incident,183,19,525.139961525354,504.12991148222005,460.0563044936831,460.0563044936831,460.0563044936831,12.39358300644744,0.0,1,0.28367500271997415,10,7,True
0.5,0,incident,152,154,643.9680563142832,643.9680563142832,701.4495493711397,459.78672126445326,701.4495493711397,-8.926140434022264,0.0,1,0.6826280005043373,9,7,True
0.5,0,incident,184,31,414.4089128150856,414.4089128150856,414.4089128150856,414.4089128150856,414.4089128150856,0.0,0.0,0,0.1985910057555884,8,4,True
0.5,0,incident,76,124,646.0659755867462,636.1377148307547,594.4421537094628,594.4421537094628,594.4421537094628,7.990487632536213,0.0,1,0.17671399837126955,10,5,True
0.5,0,incident,89,29,1403.205737121499,1289.0346230172017,985.854301947876,923.5797522888147,985.854301947876,29.742711573412407,0.0,1,0.7392930019705091,12,6,True
0.5,0,incident,158,120,903.2358883579018,645.3353899106775,769.0865039298178,890.0660610051443,769.0865039298178,14.852087495324154,0.0,1,0.5782074986200314,10,4,True
0.5,0,incident,5,148,1359.9318722761602,1005.0436858173686,983.362092667231,988.7324657304233,908.5126628810525,33.19425175612315,7.6115838046146305,0,0.41892300214385614,13,5,True
0.5,0,incident,89,25,934.208492117625,959.7670183159036,698.7387673708668,514.0008688933088,700.9829295180007,24.96504415957067,-0.321173269887113,0,0.8415829943260178,8,4,True
0.5,0,incident,16,82,917.9033987781912,828.725938487265,940.0616909869713,902.2623446311014,942.0334531474915,-2.628822858856333,-0.20974816646874553,2,0.3397693338532311,14,4,True
0.5,0,incident,64,197,1275.3725394385851,1000.0388837273287,1029.6097338710201,929.732490192579,1097.4921685135619,13.947326402631003,-6.593025727070819,0,0.3389630001038313,12,5,True
0.5,1,peak_hour,18,160,429.75572226943524,545.9978853441581,429.75572226943524,429.75572226943524,429.75572226943524,0.0,0.0,0,0.7483189983759075,0,0,
0.5,1,peak_hour,135,90,441.01243208201464,441.01243208201464,441.01243208201464,441.01243208201464,441.01243208201464,0.0,0.0,0,0.2353080053580925,0,0,
0.5,1,peak_hour,89,177,550.8387471754278,698.0729183313426,550.8387471754278,511.6628093691929,511.6628093691929,7.112051940267437,7.112051940267437,0,0.22921000345377252,0,0,
0.5,1,peak_hour,152,157,397.71066773534767,406.59277638884356,397.71066773534767,407.93408950922975,407.5760300815094,-2.4805375230031554,-2.4805375230031554,1,0.5863920014235191,0,0,
0.5,1,peak_hour,14,200,630.7390765353629,630.7390765353629,630.7390765353629,630.7390765353629,630.7390765353629,0.0,0.0,0,0.2175089975935407,0,0,
0.5,1,peak_hour,92,184,360.8510023074765,360.8510023074765,360.8510023074765,360.8510023074765,360.8510023074765,0.0,0.0,0,0.1505879990872927,0,0,
0.5,1,peak_hour,75,200,612.591295075461,601.7519479274109,612.591295075461,609.5790010698046,609.5790010698046,0.4917298090703865,0.4917298090703865,0,0.20549100008793175,0,0,
0.5,1,peak_hour,187,76,458.0617560513057,569.3635308341114,458.0617560513057,453.9888341161717,446.50446664107466,2.523085426266526,2.523085426266526,0,0.47226100286934525,0,0,
0.5,1,peak_hour,33,172,485.22419821421056,485.86685156946714,485.22419821421056,485.22419821421056,485.22419821421056,0.0,0.0,0,0.19017700105905533,0,0,
0.5,1,peak_hour,130,144,612.7205304948743,703.1104573736568,612.7205304948743,609.3644512102353,609.3644512102353,0.5477341002313751,0.5477341002313751,0,0.21322699467418715,0,0,
0.5,1,peak_hour,90,166,731.8413495771255,807.9403747742389,731.8413495771255,731.8413495771255,731.8413495771255,0.0,0.0,0,0.2300650012330152,0,0,
0.5,1,peak_hour,131,28,660.6329033033196,696.744863621538,660.6329033033196,660.6329033033196,660.6329033033196,0.0,0.0,0,0.8287910022772849,0,0,
0.5,1,peak_hour,50,23,513.9375188364756,513.9375188364756,513.9375188364756,513.8720597240718,545.5220184860896,-6.145591339803206,-6.145591339803206,0,0.44891599827678874,0,0,
0.5,1,peak_hour,16,158,530.8483807543797,529.9296353664614,530.8483807543797,530.8483807543797,530.8483807543797,0.0,0.0,0,0.18782999541144818,0,0,
0.5,1,peak_hour,189,60,618.5727286497721,531.9936554763992,618.5727286497721,531.9936554763992,531.9936554763992,13.996587493011322,13.996587493011322,0,0.13417399895843118,0,0,
0.5,1,peak_hour,104,162,556.5297624206944,649.7995746992185,556.5297624206944,566.1059560417433,566.1059560417433,-1.7206974842452403,-1.7206974842452403,0,0.23507500009145588,0,0,
0.5,1,peak_hour,86,168,518.2040381758329,488.1946205949128,518.2040381758329,528.309578791586,528.309578791586,-1.9501084266587914,-1.9501084266587914,0,0.20925800345139578,0,0,
0.5,1,peak_hour,66,34,427.90294693064345,427.90294693064345,427.90294693064345,427.90294693064345,427.90294693064345,0.0,0.0,0,0.1803920022211969,0,0,
0.5,1,peak_hour,148,33,651.373820728627,621.5740981636383,651.373820728627,651.373820728627,651.373820728627,0.0,0.0,0,0.18999500025529414,0,0,
0.5,1,peak_hour,34,78,630.7129270694992,610.499221306984,630.7129270694992,629.3485271860674,629.3485271860674,0.21632660833055514,0.21632660833055514,1,0.20939450041623786,0,0,
0.5,1,peak_hour,125,74,667.3627372490156,665.8528488734744,667.3627372490156,720.3530174691787,720.1008596996759,-7.9024673550183415,-7.9024673550183415,2,0.451661333499942,0,0,
0.5,1,peak_hour,198,18,414.5793365071434,413.98076824595637,414.5793365071434,413.385175791634,413.385175791634,0.2880415424392015,0.2880415424392015,0,0.37189900467637926,0,0,
0.5,1,peak_hour,158,200,609.63857258191,609.63857258191,609.63857258191,609.63857258191,609.63857258191,0.0,0.0,0,0.21474400273291394,0,0,
0.5,1,peak_hour,54,148,529.797573216483,618.4766452887958,529.797573216483,615.9333980879718,620.3910258033017,-17.099635250650888,-17.099635250650888,0,0.2934059957624413,0,0,
0.5,1,peak_hour,92,186,744.1478511295187,728.7362368848501,744.1478511295187,699.1269935910068,744.1478511295187,0.0,0.0,0,0.24920899886637926,0,0,
0.5,1,peak_hour,130,17,616.2059595938543,751.8176787391442,616.2059595938543,580.4349005699366,648.3631873764549,-5.218584351861123,-5.218584351861123,1,0.1858770010585431,0,0,
0.5,1,peak_hour,162,8,417.6343676067589,421.0427267345902,417.6343676067589,417.5948030500154,417.4404191855919,0.046439765548601915,0.046439765548601915,1,0.1513559982413426,0,0,
0.5,1,peak_hour,140,21,329.923191630116,330.045587826276,329.923191630116,329.923191630116,329.923191630116,0.0,0.0,0,0.14301700139185414,0,0,
0.5,1,peak_hour,164,35,414.1553124885744,523.8800562381613,414.1553124885744,414.1553124885744,414.1553124885744,0.0,0.0,0,0.1619079994270578,0,0,
0.5,1,peak_hour,92,71,463.0798421809935,463.0798421809935,463.0798421809935,463.0798421809935,463.0798421809935,0.0,0.0,0,0.17420200310880318,0,0,
0.5,1,peak_hour,75,171,386.4423597114434,386.4423597114434,386.4423597114434,386.4423597114434,386.4423597114434,0.0,0.0,0,0.18320899835089222,0,0,
0.5,1,peak_hour,2,185,496.8148911574846,491.3641938778813,496.8148911574846,489.461014553426,495.44942403545525,0.27484424205725644,0.27484424205725644,0,0.48993900418281555,0,0,
0.5,1,peak_hour,50,136,494.3092248301288,494.3092248301288,494.3092248301288,494.3092248301288,497.4375251476105,-0.6328630258835877,-0.6328630258835877,1,0.23691999740549363,0,0,
0.5,1,peak_hour,127,189,523.7707690031317,554.1359456324651,523.7707690031317,522.1011128490134,524.8805725243941,-0.211887258117636,-0.211887258117636,0,0.4449519983609207,0,0,
0.5,1,peak_hour,128,106,498.315415597124,470.6245108381835,498.315415597124,496.0313740572361,496.0313740572361,0.45835257517589484,0.45835257517589484,0,0.6191319989738986,0,0,
0.5,1,peak_hour,37,34,357.6986524262037,366.52197298826155,357.6986524262037,397.7584736050899,397.7584736050899,-11.199321246297082,-11.199321246297082,0,0.2345079992664978,0,0,
0.5,1,peak_hour,200,205,404.6834679539757,404.6834679539757,404.6834679539757,404.6834679539757,404.6834679539757,0.0,0.0,0,0.18221500067738816,0,0,
0.5,1,peak_hour,31,184,648.6502731029964,673.097355253683,648.6502731029964,551.690777191045,434.09121999278165,33.07777118227557,33.07777118227557,0,1.930209000420291,0,0,
0.5,1,peak_hour,18,154,564.8576865660023,580.4854483657266,564.8576865660023,545.4824077565881,539.9982296833574,4.401012409652335,4.401012409652335,0,0.7147150026867166,0,0,
0.5,1,peak_hour,69,136,636.3158593276553,800.0075454456883,636.3158593276553,655.153698382269,708.2336088454664,-11.30220918802824,-11.30220918802824,0,0.36939699930371717,0,0,
0.5,1,peak_hour,183,19,372.75117677191474,371.7320543906756,372.75117677191474,382.9772389768174,382.9772389768174,-2.7434017226885716,-2.7434017226885716,0,0.31095899612409994,0,0,
0.5,1,peak_hour,152,154,378.59665285808956,372.8053622241399,378.59665285808956,374.5790760117238,374.5790760117238,1.0611760077740695,1.0611760077740695,0,0.7763100002193823,0,0,
0.5,1,peak_hour,184,31,315.30296335176445,326.01137368692,315.30296335176445,349.75297822698565,349.75297822698565,-10.926004154546243,-10.926004154546243,0,0.2013039993471466,0,0,
0.5,1,peak_hour,76,124,856.1681524821857,911.3347231937352,856.1681524821857,772.0499572052088,772.0499572052088,9.824961957893803,9.824961957893803,1,0.2245505020255223,0,0,
0.5,1,peak_hour,89,29,805.7084149759238,873.4735821560032,805.7084149759238,819.5936798662229,804.4912537515065,0.15106721014619828,0.15106721014619828,1,0.47158550296444446,0,0,
0.5,1,peak_hour,158,120,614.3628697479655,617.2372122365447,614.3628697479655,614.3628697479655,614.3628697479655,0.0,0.0,0,0.5719420005334541,0,0,
0.5,1,peak_hour,5,148,442.76716503605314,439.22068422097703,442.76716503605314,439.22068422097703,439.22068422097703,0.8009809884586473,0.8009809884586473,1,0.11486299990792759,0,0,
0.5,1,peak_hour,89,25,571.0534502733761,597.0293013858269,571.0534502733761,571.0534502733761,571.0534502733761,0.0,0.0,0,0.658968994684983,0,0,
0.5,1,peak_hour,16,82,696.9059544463977,684.1983298495854,696.9059544463977,642.2265575923254,647.1222487741705,7.143532833174586,7.143532833174586,0,0.3300820026197471,0,0,
0.5,1,peak_hour,64,197,530.2694184812373,518.0824960114384,530.2694184812373,518.0824960114384,518.0824960114384,2.298251048439467,2.298251048439467,0,0.21009999909438193,0,0,
0.5,1,off_peak,18,160,463.21065780028897,467.51574056584735,463.21065780028897,462.45513356174746,462.45513356174746,0.16310597043025118,0.16310597043025118,1,0.43391550207161345,0,0,
0.5,1,off_peak,135,90,371.09297295466865,371.09297295466865,371.09297295466865,371.09297295466865,371.09297295466865,0.0,0.0,0,0.23855899780755863,0,0,
0.5,1,off_peak,89,177,440.9501915615443,450.53693273129204,440.9501915615443,451.0020131980052,440.9501915615443,0.0,0.0,0,0.135580005007796,0,0,
0.5,1,off_peak,152,157,377.4982057604309,390.83759209161417,377.4982057604309,377.4982057604309,377.4982057604309,0.0,0.0,0,0.951386995438952,0,0,
0.5,1,off_peak,14,200,485.9278997276883,485.9278997276883,485.9278997276883,485.9278997276883,485.9278997276883,0.0,0.0,0,0.22703400463797152,0,0,
0.5,1,off_peak,92,184,346.05646714206273,346.05646714206273,346.05646714206273,346.05646714206273,346.05646714206273,0.0,0.0,0,0.14908600132912397,0,0,
0.5,1,off_peak,75,200,449.1201459538004,445.6398364965783,449.1201459538004,449.1201459538004,449.1201459538004,0.0,0.0,0,0.15530300152022392,0,0,
0.5,1,off_peak,187,76,327.0131651959378,324.9579813709309,327.0131651959378,327.0131651959378,327.0131651959378,0.0,0.0,0,0.22282399731921032,0,0,
0.5,1,off_peak,33,172,393.19758630923315,393.19758630923315,393.19758630923315,393.19758630923315,393.19758630923315,0.0,0.0,0,0.1910740029416047,0,0,
0.5,1,off_peak,130,144,334.6940279477832,334.6940279477832,334.6940279477832,334.6940279477832,334.6940279477832,0.0,0.0,0,0.17110699991462752,0,0,
0.5,1,off_peak,90,166,420.6915952638841,420.6915952638841,420.6915952638841,399.88058332460884,399.88058332460884,4.946857073819431,4.946857073819431,0,0.17708600353216752,0,0,
0.5,1,off_peak,131,28,424.2812430621394,425.7248134291657,424.2812430621394,424.2812430621394,424.2812430621394,0.0,0.0,0,0.207267003133893,0,0,
0.5,1,off_peak,50,23,412.7218973732131,420.2417470624507,412.7218973732131,412.7218973732131,412.7218973732131,0.0,0.0,0,0.35905499680666253,0,0,
0.5,1,off_peak,16,158,444.69005898200817,440.9186376549823,444.69005898200817,444.69005898200817,444.69005898200817,0.0,0.0,0,0.20039300579810515,0,0,
0.5,1,off_peak,189,60,645.347422113689,645.347422113689,645.347422113689,645.347422113689,645.347422113689,0.0,0.0,0,0.15296000492526218,0,0,
0.5,1,off_peak,104,162,385.134239939415,383.2848777965789,385.134239939415,385.134239939415,385.35264326780435,-0.0567083644455241,-0.0567083644455241,0,0.24359999952139333,0,0,
0.5,1,off_peak,86,168,375.7970102156827,375.7970102156827,375.7970102156827,375.7970102156827,375.7970102156827,0.0,0.0,0,0.16119799693115056,0,0,
0.5,1,off_peak,66,34,420.31699432864616,420.31699432864616,420.31699432864616,420.31699432864616,420.31699432864616,0.0,0.0,0,0.238615000853315,0,0,
0.5,1,off_peak,148,33,371.6980244528412,369.8155093822752,371.6980244528412,369.8155093822752,369.8155093822752,0.5064635663149302,0.5064635663149302,0,0.16696799866622314,0,0,
0.5,1,off_peak,34,78,463.1613092721898,461.7766213022166,463.1613092721898,462.64311534962616,463.1613092721898,0.0,0.0,0,0.2253279963042587,0,0,
0.5,1,off_peak,125,74,344.377549200912,346.16226095241296,344.377549200912,345.61539251954053,345.61539251954053,-0.35944367497266727,-0.35944367497266727,0,0.5255889991531149,0,0,
0.5,1,off_peak,198,18,405.99842628779527,406.368800355911,405.99842628779527,405.76028234014063,407.3389260529585,-0.3301736357502613,-0.3301736357502613,1,0.22644199634669349,0,0,
0.5,1,off_peak,158,200,486.4215610844868,486.4215610844868,486.4215610844868,486.4215610844868,486.4215610844868,0.0,0.0,0,0.17122500139521435,0,0,
0.5,1,off_peak,54,148,349.22232202210625,349.22232202210625,349.22232202210625,349.22232202210625,349.22232202210625,0.0,0.0,0,0.18598199676489457,0,0,
0.5,1,off_peak,92,186,633.1065722829006,633.1065722829006,633.1065722829006,633.1065722829006,633.1065722829006,0.0,0.0,0,0.2337400001124479,0,0,
0.5,1,off_peak,130,17,339.05155803974947,339.05155803974947,339.05155803974947,339.05155803974947,339.05155803974947,0.0,0.0,0,0.1951160011230968,0,0,
0.5,1,off_peak,162,8,421.63449673232185,421.7109170778397,421.63449673232185,421.63449673232185,421.63449673232185,0.0,0.0,0,0.24393600324401632,0,0,
0.5,1,off_peak,140,21,309.4903906178253,309.4903906178253,309.4903906178253,309.4903906178253,309.4903906178253,0.0,0.0,0,0.12133499694755301,0,0,
0.5,1,off_peak,164,35,415.51948601452324,415.51948601452324,415.51948601452324,415.51948601452324,415.51948601452324,0.0,0.0,0,0.22935499873710796,0,0,
0.5,1,off_peak,92,71,474.4650845676067,474.4650845676067,474.4650845676067,474.4650845676067,474.4650845676067,0.0,0.0,0,0.1944980031112209,0,0,
0.5,1,off_peak,75,171,290.66071199867446,290.66071199867446,290.66071199867446,290.66071199867446,290.66071199867446,0.0,0.0,0,0.1631600025575608,0,0,
0.5,1,off_peak,2,185,469.6549636725006,470.15113985236366,469.6549636725006,469.6549636725006,469.6549636725006,0.0,0.0,0,0.25267300225095823,0,0,
0.5,1,off_peak,50,136,421.8669213286712,434.7295936780072,421.8669213286712,426.461851425811,426.461851425811,-1.0891894729902174,-1.0891894729902174,0,0.30768099531996995,0,0,
0.5,1,off_peak,127,189,400.9530820967565,408.97876906271256,400.9530820967565,400.9530820967565,400.9530820967565,0.0,0.0,0,0.387357002182398,0,0,
0.5,1,off_peak,128,106,347.3768712227607,338.9793410863676,347.3768712227607,345.6513665705408,345.6513665705408,0.4967241043268551,0.4967241043268551,0,0.5215700002736412,0,0,
0.5,1,off_peak,37,34,333.8882973087119,333.8882973087119,333.8882973087119,333.8882973087119,333.8882973087119,0.0,0.0,0,0.19752499792957678,0,0,
0.5,1,off_peak,200,205,382.0432067363669,382.0432067363669,382.0432067363669,382.0432067363669,382.0432067363669,0.0,0.0,0,0.1976790008484386,0,0,
0.5,1,off_peak,31,184,446.81785638457006,442.46607357419447,446.81785638457006,445.8562510206515,445.8562510206515,0.21521193707418415,0.21521193707418415,0,1.88507599523291,0,0,
0.5,1,off_peak,18,154,408.3236150090297,404.43810581747766,408.3236150090297,407.8907431841478,407.8907431841478,0.10601194958374215,0.10601194958374215,0,0.6741059987689368,0,0,
0.5,1,off_peak,69,136,348.04518648948135,352.26932376259697,348.04518648948135,348.04518648948135,363.3238460776321,-4.389849416467216,-4.389849416467216,0,0.20180399587843567,0,0,
0.5,1,off_peak,183,19,348.08811023711974,346.05199919809803,348.08811023711974,344.5092690458383,344.5092690458383,1.0281423254714115,1.0281423254714115,0,0.3102350019617006,0,0,
0.5,1,off_peak,152,154,363.5690920158476,359.68358282429557,363.5690920158476,359.7876073305502,359.7876073305502,1.0401007039213837,1.0401007039213837,0,0.8958749967860058,0,0,
0.5,1,off_peak,184,31,271.99881707356485,271.99881707356485,271.99881707356485,271.99881707356485,271.99881707356485,0.0,0.0,0,0.218568995478563,0,0,
0.5,1,off_peak,76,124,417.4351172993041,490.53377592038146,417.4351172993041,417.4351172993041,417.4351172993041,0.0,0.0,0,0.20646500342991203,0,0,
0.5,1,off_peak,89,29,547.4880344437477,547.4880344437477,547.4880344437477,547.4880344437477,558.5097593256406,-2.0131444321136858,-2.0131444321136858,0,0.31077099993126467,0,0,
0.5,1,off_peak,158,120,378.93291325323196,378.93291325323196,378.93291325323196,378.93291325323196,378.93291325323196,0.0,0.0,0,0.16536699695279822,0,0,
0.5,1,off_peak,5,148,386.42605843026644,386.42605843026644,386.42605843026644,386.42605843026644,386.42605843026644,0.0,0.0,0,0.18252099835081026,0,0,
0.5,1,off_peak,89,25,359.19726279689945,359.19726279689945,359.19726279689945,359.19726279689945,359.19726279689945,0.0,0.0,0,0.12837299436796457,0,0,
0.5,1,off_peak,16,82,446.7065756840289,440.9569371865816,446.7065756840289,446.8316095873529,446.8316095873529,-0.027990164042810496,-0.027990164042810496,0,0.17115400260081515,0,0,
0.5,1,off_peak,64,197,453.370305471036,454.77354555761036,453.370305471036,453.05036549861296,453.370305471036,0.0,0.0,1,0.18010199710261077,0,0,
0.5,1,incident,18,160,884.0741940988672,704.4086896290733,848.1179550470794,680.3160799608693,848.1179550470794,4.067106504385403,0.0,1,0.7324460020754486,12,8,True
0.5,1,incident,135,90,759.1896289675155,880.3617836507021,730.5588770576251,730.3435043621829,758.9742562720734,0.028368761535253452,-3.8895399271436077,0,0.21185299556236714,10,2,True
0.5,1,incident,89,177,972.2244860041257,980.1057520912299,825.1674294163556,793.7488941445978,972.2244860041257,0.0,-17.82148099226167,0,0.17575699894223362,10,5,True
0.5,1,incident,152,157,549.033515470541,415.3926396560868,486.58686833046625,421.4858174053113,486.58686833046625,11.37392260772201,0.0,2,0.5241626689288145,11,6,True
0.5,1,incident,14,200,965.5334116697663,917.7397250561775,712.2883934429277,718.9760234409811,712.2883934429277,26.22850904650558,0.0,1,0.25756899776752107,13,9,True
0.5,1,incident,92,184,527.0360186611005,527.0360186611005,521.1479574481658,504.59947443892224,527.0360186611005,0.0,-1.1298252499666144,0,0.14412200107472017,9,5,True
0.5,1,incident,75,200,889.2790187593735,846.8851051032304,796.1406673410833,726.6715753988162,798.2221450603902,10.239404256497139,-0.2614459736441486,1,0.1660940033616498,13,8,True
0.5,1,incident,187,76,565.2015541099468,565.2015541099468,455.4273810467727,354.5342035543704,455.4273810467727,19.422128666302292,0.0,1,0.24554450283176266,8,6,True
0.5,1,incident,33,172,977.0239232745372,893.6795328808217,754.7351147446676,834.6120851044938,754.7351147446676,22.75162390956193,0.0,2,0.171224002163702,10,7,True
0.5,1,incident,130,144,609.3695769233575,609.3695769233575,609.3695769233575,609.3695769233575,609.3695769233575,0.0,0.0,0,0.1495260003139265,8,4,True
0.5,1,incident,90,166,565.9564613171575,496.6337189128914,496.6337189128914,496.6337189128914,496.6337189128914,12.24877656541466,0.0,0,0.19686399900820106,8,5,True
0.5,1,incident,131,28,980.5492054411411,915.5207902147365,913.9457511999426,916.6723708315565,895.759515662367,8.647163172257931,1.9898594105501821,1,0.2201569986937102,11,5,True
0.5,1,incident,50,23,646.025944182698,620.0367409089073,613.3801725833222,614.1339696508641,620.0367409089073,4.022934915821417,-1.0852271760839935,0,0.33117400016635656,12,4,True
0.5,1,incident,16,158,941.5069413211513,941.5069413211513,948.3544655602589,948.3544655602589,948.3544655602589,-0.7272940791598295,0.0,1,0.17144950106739998,11,5,True
0.5,1,incident,189,60,722.6633070149845,722.6633070149845,722.6633070149845,722.6633070149845,722.6633070149845,0.0,0.0,0,0.15653800073778257,11,5,True
0.5,1,incident,104,162,603.1969662850927,565.4141336016148,565.4141336016148,567.8588885304684,565.4141336016148,6.263763711573499,0.0,0,0.29711699608014897,9,6,True
0.5,1,incident,86,168,1117.7024678776022,1015.6607308487355,915.2515590691265,840.5694114153657,1034.0502991243893,7.484296685150873,-12.979900321184838,0,0.18409500626148656,10,6,True
0.5,1,incident,66,34,952.9327661019728,1123.5947978676859,669.3743243041985,669.3743243041985,731.9580749535836,23.188906815776637,-9.349589366822476,0,0.2138050040230155,12,6,True
0.5,1,incident,148,33,1050.7574226527774,969.7973239230731,823.7954507260414,975.6274232578389,975.6274232578389,7.150080292106127,-18.4307855060358,1,0.24232249779743142,11,6,True
0.5,1,incident,34,78,1264.592742473879,1272.0090786983153,1081.6116078609896,1093.4833606379923,1018.1516751357295,19.487781248534244,5.867164540768872,1,0.6587239986401983,12,7,True
0.5,1,incident,125,74,556.8139639116993,525.0747153888119,494.61730149089607,493.1828301786093,494.61730149089607,11.170097456583628,0.0,1,0.48257549860863946,13,5,True
0.5,1,incident,198,18,636.0967267481684,636.0967267481684,606.167947586101,606.4486230448941,605.9863551950764,4.733615232862653,0.029957438651745508,1,0.21405499865068123,11,5,True
0.5,1,incident,158,200,811.5610213373265,811.5610213373265,762.880400051916,762.880400051916,762.880400051916,5.998393220659161,0.0,1,0.16031349878176115,12,8,True
0.5,1,incident,54,148,679.4922422282206,930.8051645747103,683.1444021848434,692.6133741247903,763.9805319588962,-12.434033014654881,-11.832949156213731,0,0.3494200063869357,13,9,True
0.5,1,incident,92,186,1237.8243273152646,1058.734976629318,1034.6343704817768,992.7709258841239,1001.2433187740052,19.112648161826275,3.22732867382157,2,0.4116079968904766,17,10,True
0.5,1,incident,130,17,570.21962784986,523.4016183651046,523.4016183651046,523.4016183651046,523.4016183651046,8.210522261622796,0.0,0,0.20226500055287033,9,4,True
0.5,1,incident,162,8,1078.7380675843308,907.0460853635699,1046.2083281049045,1021.0016591526714,1030.827638852027,4.4413403190259135,1.4701363810339823,1,0.580351501412224,12,4,True
0.5,1,incident,140,21,758.9923660875027,767.3195060063574,666.0194156716994,676.5879798693173,666.0194156716994,12.249523785735224,0.0,1,0.19621849787654355,11,8,True
0.5,1,incident,164,35,644.8937601608347,644.8937601608347,615.0823247546722,479.5846037431349,614.9007323636475,4.65084788379826,0.029523266027369568,1,0.13652849520440213,11,7,True
0.5,1,incident,92,71,694.7300245342961,694.7300245342961,677.1713059377552,677.925103005297,694.7300245342961,0.0,-2.592950770739681,0,0.2193809996242635,12,6,True
0.5,1,incident,75,171,492.27775690252673,489.0268152721025,492.27775690252673,489.0268152721025,489.0268152721025,0.6603876744055133,0.6603876744055133,0,0.15326299762818962,8,4,True
0.5,1,incident,2,185,752.1174237886041,741.9612190060838,645.4861107538896,645.4861107538896,645.4861107538896,14.177482087515777,0.0,1,0.6161745041026734,13,7,True
0.5,1,incident,50,136,669.8920207274978,645.3691537719901,624.519451408818,624.9658193625669,624.519451408818,6.773116847907145,0.0,1,0.623673498921562,12,5,True
0.5,1,incident,127,189,662.6060594498479,576.1247548864719,584.3373416360305,579.0365855612996,576.2967046251006,13.025741855788143,1.3760265582921158,1,0.35261949960840866,13,7,True
0.5,1,incident,128,106,574.6898436957122,683.9077231185597,532.0475135128825,597.8611365955335,607.4562508415643,-5.701581036327017,-14.173308851833575,0,0.582329994358588,11,6,True
0.5,1,incident,37,34,506.7460763310718,506.7460763310718,506.7460763310718,511.5508683021295,506.7460763310718,0.0,0.0,0,0.22824900224804878,9,6,True
0.5,1,incident,200,205,598.9465786224499,598.9465786224499,565.7861870147058,565.7861870147058,598.9465786224499,0.0,-5.860940469881469,0,0.15979399904608727,10,3,True
0.5,1,incident,31,184,897.7398418768902,818.7339104201592,896.6370622192841,403.3153599329997,403.3153599329997,55.07436106547362,55.01910673480908,0,1.464458997361362,13,5,True
0.5,1,incident,18,154,666.9819968797905,665.9752658785847,583.1050255524792,582.4751157356731,599.4719434107658,10.121720493932905,-2.8068559077808106,0,0.8744810038479045,13,6,True
0.5,1,incident,69,136,644.480749709373,460.77981672542285,627.6491660343257,627.6491660343257,619.3554496107331,3.8985338367313602,1.3213936817593173,0,0.23575700470246375,11,6,True
0.5,1,incident,183,19,525.7508739265384,525.9953375140376,476.40498712557036,476.40498712557036,476.40498712557036,9.385792634528832,0.0,1,0.31105749803828076,13,5,True
0.5,1,incident,152,154,718.6927212376573,627.4921070566267,648.2706454100366,480.4852129812113,647.62163104587,9.888939750133568,0.10011472349733487,1,0.7857929995225277,13,6,True
0.5,1,incident,184,31,445.9405703947755,445.9405703947755,445.9405703947755,445.9405703947755,445.9405703947755,0.0,0.0,0,0.15907199849607423,8,3,True
0.5,1,incident,76,124,649.2981901089695,685.2608213340075,596.3780686816148,442.26081534225295,596.3780686816148,8.150357144607677,0.0,1,0.18117499712388963,10,6,True
0.5,1,incident,89,29,1210.4580077228504,1094.9115205206042,1100.1202029049039,1188.8069377827537,1100.1202029049039,9.115376503272287,0.0,1,0.6286419957177714,15,8,True
0.5,1,incident,158,120,799.8263695203042,728.9699865899722,628.2165005347489,628.2165005347489,728.9699865899722,8.858970600435201,-16.038019690578043,0,0.17522900452604517,10,7,True
0.5,1,incident,5,148,1234.485983480764,950.4248830664741,981.8124680589361,836.0895869209263,925.0495812270901,25.06601179716801,5.781438785766026,0,0.6043280009180307,13,8,True
0.5,1,incident,89,25,858.1359036455672,728.9617600553488,705.7425279472258,694.4160993495077,705.7425279472258,17.758652802072234,0.0,1,0.6466790000558831,10,6,True
0.5,1,incident,16,82,978.9107080839376,938.7298462236356,862.4790755661321,791.0396950761165,817.0239462829379,16.53743905997998,5.270287775197028,1,0.3102830014540814,11,5,True
0.5,1,incident,64,197,1012.2937203489075,934.3595041732482,929.8938013435805,837.5591098660022,913.0170837374915,9.807097941613067,1.81490806602908,0,0.3925679993699305,13,9,True
0.5,2,peak_hour,18,160,549.8528318117293,534.3316427722042,549.8528318117293,542.0078837438008,542.0078837438008,1.4267359580707997,1.4267359580707997,0,1.3671170017914847,0,0,
0.5,2,peak_hour,135,90,441.01243208201464,441.01243208201464,441.01243208201464,441.01243208201464,441.01243208201464,0.0,0.0,0,0.23879900254542008,0,0,
0.5,2,peak_hour,89,177,957.7701288533099,698.0729183313426,957.7701288533099,957.7701288533099,957.7701288533099,0.0,0.0,0,0.7687010001973249,0,0,
0.5,2,peak_hour,152,157,400.1155481869939,398.00859743312446,400.1155481869939,397.75788488127876,396.69855777847573,0.8540009064884573,0.8540009064884573,1,0.4368270019767806,0,0,
0.5,2,peak_hour,14,200,670.615333297104,630.7390765353629,670.615333297104,607.1382906518976,607.1382906518976,9.46549228648252,9.46549228648252,0,0.2502160059520975,0,0,
0.5,2,peak_hour,92,184,362.23215387228237,362.23215387228237,362.23215387228237,362.23215387228237,362.23215387228237,0.0,0.0,0,0.1744620021781884,0,0,
0.5,2,peak_hour,75,200,601.7519479274109,601.7519479274109,601.7519479274109,601.7519479274109,601.7519479274109,0.0,0.0,0,0.18522000027587637,0,0,
0.5,2,peak_hour,187,76,476.8158011351846,569.3635308341114,476.8158011351846,473.309640215145,461.92374780487586,3.1232298289725935,3.1232298289725935,0,0.6283509937929921,0,0,
0.5,2,peak_hour,33,172,485.86685156946714,485.86685156946714,485.86685156946714,485.86685156946714,485.86685156946714,0.0,0.0,0,0.17183499585371464,0,0,
0.5,2,peak_hour,130,144,701.122811058249,703.1104573736568,701.122811058249,698.8037333463396,698.8037333463396,0.33076626167804,0.33076626167804,0,0.21212000137893483,0,0,
0.5,2,peak_hour,90,166,783.6291822518332,808.2258144637906,783.6291822518332,809.7977004386751,809.7977004386751,-3.3394006731148203,-3.3394006731148203,0,0.2173510001739487,0,0,
0.5,2,peak_hour,131,28,751.199696789175,696.7167592038724,751.199696789175,751.199696789175,751.199696789175,0.0,0.0,0,0.660448000417091,0,0,
0.5,2,peak_hour,50,23,485.78052665431784,483.7789882021868,485.78052665431784,483.7789882021868,483.7789882021868,0.4120252546795388,0.4120252546795388,0,0.5491450065164827,0,0,
0.5,2,peak_hour,16,158,537.7348502829307,537.7348502829307,537.7348502829307,537.7348502829307,537.7348502829307,0.0,0.0,0,0.1878080001915805,0,0,
0.5,2,peak_hour,189,60,618.5727286497721,531.9936554763992,618.5727286497721,531.9936554763992,618.5727286497721,0.0,0.0,1,0.10517550254007801,0,0,
0.5,2,peak_hour,104,162,613.7674698743635,649.7995746992185,613.7674698743635,613.7674698743635,613.7674698743635,0.0,0.0,0,0.23765999503666535,0,0,
0.5,2,peak_hour,86,168,473.25824966346664,488.1946205949128,473.25824966346664,516.1321721219546,516.1321721219546,-9.059307997055628,-9.059307997055628,0,0.19596000493038446,0,0,
0.5,2,peak_hour,66,34,427.90294693064345,427.90294693064345,427.90294693064345,427.90294693064345,427.90294693064345,0.0,0.0,0,0.20220599981257692,0,0,
0.5,2,peak_hour,148,33,621.353865011794,621.5740981636383,621.353865011794,621.353865011794,621.353865011794,0.0,0.0,0,0.18554100097389892,0,0,
0.5,2,peak_hour,34,78,649.8497846763516,611.9650935405276,649.8497846763516,612.7184411920686,612.7184411920686,5.713834852276796,5.713834852276796,0,0.18109400116372854,0,0,
0.5,2,peak_hour,125,74,662.1114825300226,662.1114825300226,662.1114825300226,657.9448889747707,657.9448889747707,0.6292888229835168,0.6292888229835168,0,0.5861410027137026,0,0,
0.5,2,peak_hour,198,18,414.5793365071434,413.98076824595637,414.5793365071434,413.385175791634,413.385175791634,0.2880415424392015,0.2880415424392015,0,0.40939000609796494,0,0,
0.5,2,peak_hour,158,200,609.63857258191,609.63857258191,609.63857258191,609.63857258191,609.63857258191,0.0,0.0,0,0.19258000247646123,0,0,
0.5,2,peak_hour,54,148,573.3700409477401,618.4766452887958,573.3700409477401,552.3883134979745,595.9607812292318,-3.9399931402329234,-3.9399931402329234,1,0.24597149968030863,0,0,
0.5,2,peak_hour,92,186,728.7362368848501,728.7362368848501,728.7362368848501,699.1269935910068,699.1269935910068,4.063094682983624,4.063094682983624,1,0.14959399777580984,0,0,
0.5,2,peak_hour,130,17,751.8176787391442,751.8176787391442,751.8176787391442,751.8176787391442,751.8176787391442,0.0,0.0,0,0.18792699847836047,0,0,
0.5,2,peak_hour,162,8,421.0427267345902,421.0427267345902,421.0427267345902,420.8487783134232,420.8487783134232,0.04606383363302295,0.04606383363302295,1,0.13880899859941565,0,0,
0.5,2,peak_hour,140,21,330.045587826276,330.045587826276,330.045587826276,330.045587826276,330.045587826276,0.0,0.0,0,0.16048499674070626,0,0,
0.5,2,peak_hour,164,35,414.1553124885744,523.8800562381613,414.1553124885744,414.1553124885744,414.1553124885744,0.0,0.0,0,0.16834399866638705,0,0,
0.5,2,peak_hour,92,71,463.0798421809935,463.0798421809935,463.0798421809935,463.0798421809935,463.0798421809935,0.0,0.0,0,0.18610100232763216,0,0,
0.5,2,peak_hour,75,171,386.4423597114434,386.4423597114434,386.4423597114434,386.4423597114434,386.4423597114434,0.0,0.0,0,0.1534609982627444,0,0,
0.5,2,peak_hour,2,185,493.19480531594814,491.3641938778813,493.19480531594814,490.7464695978283,491.21784886703756,0.4008469731639035,0.4008469731639035,0,0.309962997562252,0,0,
0.5,2,peak_hour,50,136,490.4351464647603,487.3043772933883,490.4351464647603,488.9380981071676,488.9380981071676,0.3052489953837878,0.3052489953837878,0,0.261145003605634,0,0,
0.5,2,peak_hour,127,189,611.4531232088192,552.0730101518951,611.4531232088192,612.5629267300815,610.8205552354472,0.10345322468097089,0.10345322468097089,0,0.370935995306354,0,0,
0.5,2,peak_hour,128,106,580.8255154194842,512.5222498923804,580.8255154194842,635.6653361315001,635.6653361315001,-9.441703102937803,-9.441703102937803,0,0.5674029962392524,0,0,
0.5,2,peak_hour,37,34,357.6986524262037,366.52197298826155,357.6986524262037,366.52197298826155,366.52197298826155,-2.466691026709469,-2.466691026709469,0,0.22803400497650728,0,0,
0.5,2,peak_hour,200,205,404.6834679539757,404.6834679539757,404.6834679539757,404.6834679539757,404.6834679539757,0.0,0.0,0,0.1755840057739988,0,0,
0.5,2,peak_hour,31,184,678.0926911644807,682.4574953379871,678.0926911644807,433.1984932717153,433.1984932717153,36.11515078745525,36.11515078745525,0,2.5643450062489137,0,0,
0.5,2,peak_hour,18,154,567.0065469488061,579.6227710334279,567.0065469488061,547.995669540417,539.9982296833574,4.763316651419055,4.763316651419055,0,0.5872780020581558,0,0,
0.5,2,peak_hour,69,136,807.4353752701244,819.0940135021706,807.4353752701244,889.2317705637694,849.8906317630037,-5.258037707188159,-5.258037707188159,1,0.20458449944271706,0,0,
0.5,2,peak_hour,183,19,363.8697846354252,363.8697846354252,363.8697846354252,363.8697846354252,363.8697846354252,0.0,0.0,0,0.33408700255677104,0,0,
0.5,2,peak_hour,152,154,373.70927471097514,373.3980377934119,373.70927471097514,373.7454717551978,373.7454717551978,-0.009685883298094566,-0.009685883298094566,0,0.6514679989777505,0,0,
0.5,2,peak_hour,184,31,315.30296335176445,326.01137368692,315.30296335176445,315.30296335176445,315.30296335176445,0.0,0.0,0,0.15233700105454773,0,0,
0.5,2,peak_hour,76,124,885.3354205027302,911.3347231937352,885.3354205027302,815.0345543365656,815.0345543365656,7.940591163318063,7.940591163318063,0,0.2054150027106516,0,0,
0.5,2,peak_hour,89,29,783.475543525702,879.0803327047015,783.475543525702,910.4580834059441,910.4580834059441,-16.207594599419213,-16.207594599419213,0,0.4389419991639443,0,0,
0.5,2,peak_hour,158,120,701.7709025913981,617.2372122365447,701.7709025913981,701.7709025913981,701.7709025913981,0.0,0.0,0,0.5029750027460977,0,0,
0.5,2,peak_hour,5,148,439.22068422097703,439.22068422097703,439.22068422097703,439.22068422097703,439.22068422097703,0.0,0.0,1,0.12194900045869872,0,0,
0.5,2,peak_hour,89,25,693.4776823197606,597.0293013858269,693.4776823197606,678.6114938531723,678.6114938531723,2.143715485819124,2.143715485819124,0,0.5978209956083447,0,0,
0.5,2,peak_hour,16,82,670.7235461818802,708.884533170195,670.7235461818802,654.2191280162431,654.2191280162431,2.4606886487867023,2.4606886487867023,0,0.2726890015765093,0,0,
0.5,2,peak_hour,64,197,530.7126860793542,518.0824960114384,530.7126860793542,518.0824960114384,518.0824960114384,2.379854561461772,2.379854561461772,0,0.17468399892095476,0,0,
0.5,2,off_peak,18,160,459.39728062120065,456.67701386124224,459.39728062120065,458.46415506314696,458.46415506314696,0.20311952147211432,0.20311952147211432,0,1.2354209975455888,0,0,
0.5,2,off_peak,135,90,371.09297295466865,371.09297295466865,371.09297295466865,371.09297295466865,371.09297295466865,0.0,0.0,0,0.22511000133818015,0,0,
0.5,2,off_peak,89,177,451.0020131980052,450.53693273129204,451.0020131980052,451.0020131980052,451.0020131980052,0.0,0.0,0,0.1578559968038462,0,0,
0.5,2,off_peak,152,157,378.07392350093016,378.06742268119376,378.07392350093016,378.07392350093016,378.07392350093016,0.0,0.0,0,0.7302819940377958,0,0,
0.5,2,off_peak,14,200,485.9278997276883,485.9278997276883,485.9278997276883,485.9278997276883,485.9278997276883,0.0,0.0,0,0.23308100207941607,0,0,
0.5,2,off_peak,92,184,346.18300609854725,346.18300609854725,346.18300609854725,346.18300609854725,346.18300609854725,0.0,0.0,0,0.18087599892169237,0,0,
0.5,2,off_peak,75,200,449.1201459538004,445.6398364965783,449.1201459538004,449.1201459538004,449.1201459538004,0.0,0.0,0,0.16157800564542413,0,0,
0.5,2,off_peak,187,76,325.2609179415583,324.9579813709309,325.2609179415583,328.84373507331446,328.84373507331446,-1.1015209433799518,-1.1015209433799518,0,0.17348200344713405,0,0,
0.5,2,off_peak,33,172,393.19758630923315,393.19758630923315,393.19758630923315,393.19758630923315,393.19758630923315,0.0,0.0,0,0.1971220044652,0,0,
0.5,2,off_peak,130,144,334.6940279477832,334.6940279477832,334.6940279477832,334.6940279477832,334.6940279477832,0.0,0.0,0,0.17544499860377982,0,0,
0.5,2,off_peak,90,166,422.50829722546564,422.50829722546564,422.50829722546564,422.50829722546564,422.50829722546564,0.0,0.0,0,0.19622500258265063,0,0,
0.5,2,off_peak,131,28,425.57051126052176,424.2812430621394,425.57051126052176,426.21681900473646,425.57051126052176,0.0,0.0,1,0.15313800031435676,0,0,
0.5,2,off_peak,50,23,410.1946300762572,409.0832052961176,410.1946300762572,408.40217674734197,408.40217674734197,0.4369763028302032,0.4369763028302032,0,0.4950719958287664,0,0,
0.5,2,off_peak,16,158,449.5674304679016,445.7960091408757,449.5674304679016,445.7960091408757,445.7960091408757,0.8389000339950513,0.8389000339950513,0,0.18980200547957793,0,0,
0.5,2,off_peak,189,60,645.347422113689,645.347422113689,645.347422113689,463.88370111515593,463.88370111515593,28.11876437100963,28.11876437100963,0,0.19488599355099723,0,0,
0.5,2,off_peak,104,162,384.8591124476504,383.2848777965789,384.8591124476504,384.8591124476504,384.8591124476504,0.0,0.0,0,0.20354799926280975,0,0,
0.5,2,off_peak,86,168,375.7970102156827,375.7970102156827,375.7970102156827,375.7970102156827,375.7970102156827,0.0,0.0,0,0.1634680011193268,0,0,
0.5,2,off_peak,66,34,420.31699432864616,420.31699432864616,420.31699432864616,420.31699432864616,420.31699432864616,0.0,0.0,0,0.20991999917896464,0,0,
0.5,2,off_peak,148,33,369.8155093822752,369.8155093822752,369.8155093822752,369.8155093822752,369.8155093822752,0.0,0.0,0,0.19640399841591716,0,0,
0.5,2,off_peak,34,78,465.48313135020254,463.8456985372546,465.48313135020254,464.71219258466414,465.48313135020254,0.0,0.0,1,0.12718899961328134,0,0,
0.5,2,off_peak,125,74,348.32694669233405,345.03343982510404,348.32694669233405,346.68046221340745,346.68046221340745,0.47268363661249607,0.47268363661249607,0,0.5210579984122887,0,0,
0.5,2,off_peak,198,18,405.35281199516925,406.368800355911,405.35281199516925,405.35281199516925,406.93145570798714,-0.3894493059139569,-0.3894493059139569,0,0.40432300011161715,0,0,
0.5,2,off_peak,158,200,486.4215610844868,486.4215610844868,486.4215610844868,486.4215610844868,486.4215610844868,0.0,0.0,0,0.19702700228663161,0,0,
0.5,2,off_peak,54,148,349.22232202210625,349.22232202210625,349.22232202210625,349.22232202210625,349.22232202210625,0.0,0.0,0,0.15725000412203372,0,0,
0.5,2,off_peak,92,186,633.1065722829006,633.1065722829006,633.1065722829006,633.1065722829006,633.1065722829006,0.0,0.0,0,0.24500699510099366,0,0,
0.5,2,off_peak,130,17,339.05155803974947,339.05155803974947,339.05155803974947,339.05155803974947,339.05155803974947,0.0,0.0,0,0.18842900317395106,0,0,
0.5,2,off_peak,162,8,421.92246595587847,421.7109170778397,421.92246595587847,421.63449673232185,421.92246595587847,0.0,0.0,0,0.2605240006232634,0,0,
0.5,2,off_peak,140,21,309.4903906178253,309.4903906178253,309.4903906178253,309.4903906178253,309.4903906178253,0.0,0.0,0,0.19428899395279586,0,0,
0.5,2,off_peak,164,35,415.51948601452324,415.51948601452324,415.51948601452324,415.51948601452324,415.51948601452324,0.0,0.0,0,0.17327299428870901,0,0,
0.5,2,off_peak,92,71,474.4650845676067,474.4650845676067,474.4650845676067,474.4650845676067,474.4650845676067,0.0,0.0,0,0.18881799769587815,0,0,
0.5,2,off_peak,75,171,290.66071199867446,290.66071199867446,290.66071199867446,290.66071199867446,290.66071199867446,0.0,0.0,0,0.19136299670208246,0,0,
0.5,2,off_peak,2,185,469.6549636725006,470.15113985236366,469.6549636725006,469.6549636725006,469.6549636725006,0.0,0.0,0,0.2689419998205267,0,0,
0.5,2,off_peak,50,136,423.60806370198827,424.05780479135785,423.60806370198827,424.82725448920894,424.82725448920894,-0.2878110432001547,-0.2878110432001547,0,0.30795799830229953,0,0,
0.5,2,off_peak,127,189,401.1052264917357,403.23050254212393,401.1052264917357,403.0438967442342,403.0438967442342,-0.48333208456420157,-0.48333208456420157,0,0.48830999730853364,0,0,
0.5,2,off_peak,128,106,378.10677251301473,336.49418227137716,378.10677251301473,378.2876411658455,378.2876411658455,-0.04783533805244286,-0.04783533805244286,0,0.5218289952608757,0,0,
0.5,2,off_peak,37,34,333.8882973087119,333.8882973087119,333.8882973087119,333.8882973087119,333.8882973087119,0.0,0.0,0,0.22158300271257758,0,0,
0.5,2,off_peak,200,205,382.0432067363669,382.0432067363669,382.0432067363669,382.0432067363669,382.0432067363669,0.0,0.0,0,0.1473340016673319,0,0,
0.5,2,off_peak,31,184,454.3324946692846,447.8684877226005,454.3324946692846,457.39952939612397,457.39952939612397,-0.6750639152658279,-0.6750639152658279,0,3.356056993652601,0,0,
0.5,2,off_peak,18,154,444.6075529388039,403.8561531230413,444.6075529388039,405.8866691803714,405.8866691803714,8.70900269293492,8.70900269293492,0,1.239632001670543,0,0,
0.5,2,off_peak,69,136,354.2164360106525,354.2164360106525,354.2164360106525,354.2164360106525,354.2164360106525,0.0,0.0,0,0.24387399753322825,0,0,
0.5,2,off_peak,183,19,345.57543133068054,345.4080579209044,345.57543133068054,349.9099689736319,349.9099689736319,-1.2542956616622618,-1.2542956616622618,0,0.2819700021063909,0,0,
0.5,2,off_peak,152,154,399.93259517219303,358.8221609670871,399.93259517219303,360.8526770244172,360.8526770244172,9.771626173893077,9.771626173893077,0,0.731405001715757,0,0,
0.5,2,off_peak,184,31,271.99881707356485,271.99881707356485,271.99881707356485,271.99881707356485,271.99881707356485,0.0,0.0,0,0.2716779999900609,0,0,
0.5,2,off_peak,76,124,490.53377592038146,490.53377592038146,490.53377592038146,490.53377592038146,490.53377592038146,0.0,0.0,0,0.3045530029339716,0,0,
0.5,2,off_peak,89,29,554.1259792704303,542.2178019774208,554.1259792704303,541.9200376729946,563.0783759039746,-1.6155886871305147,-1.6155886871305147,0,0.783485003921669,0,0,
0.5,2,off_peak,158,120,378.93291325323196,378.93291325323196,378.93291325323196,378.93291325323196,378.93291325323196,0.0,0.0,0,0.151601001562085,0,0,
0.5,2,off_peak,5,148,386.42605843026644,386.42605843026644,386.42605843026644,386.42605843026644,386.42605843026644,0.0,0.0,0,0.17891999596031383,0,0,
0.5,2,off_peak,89,25,359.19726279689945,359.19726279689945,359.19726279689945,359.19726279689945,359.19726279689945,0.0,0.0,0,0.1502899976912886,0,0,
0.5,2,off_peak,16,82,446.7065756840289,446.8316095873529,446.7065756840289,446.7065756840289,446.7065756840289,0.0,0.0,0,0.19202799740014598,0,0,
0.5,2,off_peak,64,197,453.370305471036,454.77354555761036,453.370305471036,453.05036549861296,453.370305471036,0.0,0.0,1,0.1785200001904741,0,0,
0.5,2,incident,18,160,971.0898074404486,865.20607289757,821.694819276849,799.4849470420577,815.4542183199659,16.026899667570337,0.7594791655587266,0,1.2496400013333187,13,6,True
0.5,2,incident,135,90,974.9546496949229,974.9546496949229,772.8433790518354,772.8433790518354,950.8649068773286,2.470857780424173,-23.03461899924656,1,0.20696650244644843,10,5,True
0.5,2,incident,89,177,1236.0580957996192,716.1788293565155,934.5888700241932,956.8688439180645,1176.1662782387143,4.845388559358954,-25.848521843435556,1,0.354512500052806,16,6,True
0.5,2,incident,152,157,558.3549146804019,512.0865479566526,558.3549146804019,479.7187938838277,558.3549146804019,0.0,0.0,0,0.7009109976934269,11,3,True
0.5,2,incident,14,200,1089.0501694198326,848.9323673217943,808.8068681361264,845.4051377272315,843.2545269980658,22.569726292105443,-4.259071011763678,0,0.3029139988939278,13,6,True
0.5,2,incident,92,184,530.8418797649965,530.8418797649965,527.8255109680898,527.8255109680898,526.8051107043132,0.7604466065244194,0.1933215129949147,1,0.1626820012461394,11,4,True
0.5,2,incident,75,200,1017.8109381990014,777.0610585584822,753.5952891643817,809.3690994615982,774.1774243570484,23.93701076479471,-2.731192125084674,0,0.3818460027105175,13,5,True
0.5,2,incident,187,76,565.2015541099468,565.2015541099468,453.87894632466646,413.29541948084983,453.87894632466646,19.696090178057982,0.0,1,0.2766459983831737,8,5,True
0.5,2,incident,33,172,834.0341172986608,911.8453633022152,707.3041686499732,552.0621792756604,707.3041686499732,15.19481589783774,0.0,2,0.19647799975549182,10,7,True
0.5,2,incident,130,144,609.3695769233575,609.3695769233575,609.3695769233575,609.3695769233575,609.3695769233575,0.0,0.0,0,0.1868050021585077,8,4,True
0.5,2,incident,90,166,593.378092883267,593.378092883267,548.0282494347263,548.0282494347263,593.378092883267,0.0,-8.27509229593869,0,0.20235300326021388,8,3,True
0.5,2,incident,131,28,1300.5081231808686,714.7640400567409,1029.9984974067143,1349.2020887359406,1033.9710758230913,20.494839102262844,-0.3856877875432833,1,0.5404779985838104,16,7,True
0.5,2,incident,50,23,635.8970132329035,609.1747309781379,574.2459612121332,574.9997582796751,609.1747309781379,4.202297179996091,-6.082545133147487,0,0.5456950020743534,12,4,True
0.5,2,incident,16,158,879.1341145785461,908.5843376469966,621.8706435959491,621.8706435959491,621.8706435959491,29.263279255853725,0.0,1,0.20429299911484122,10,6,True
0.5,2,incident,189,60,722.6633070149845,722.6633070149845,722.6633070149845,722.6633070149845,722.6633070149845,0.0,0.0,0,0.17623299936531112,11,5,True
0.5,2,incident,104,162,605.4050286650571,565.4141336016148,540.1625439211967,540.1625439211967,565.4141336016148,6.605643027383476,-4.674813158481789,0,0.2178979993914254,9,5,True
0.5,2,incident,86,168,1104.7688225695192,1106.1404294684075,1059.5441810240927,1035.6851677721904,1059.5441810240927,4.09358416181958,0.0,1,0.1890440034912899,10,7,True
0.5,2,incident,66,34,1202.1676744424167,1158.6770555762432,1144.074814203897,1097.9465629158733,1144.074814203897,4.832342565313451,0.0,1,0.2007100010814611,12,7,True
0.5,2,incident,148,33,1199.1101208599976,969.7973239230731,954.995811129355,952.8818103238663,954.995811129355,20.35795591113555,0.0,1,0.22081900169723667,10,6,True
0.5,2,incident,34,78,1274.8407762093914,1249.6525082342505,1194.7814989707035,1232.6041662859807,1220.8187677714122,4.237549460773294,-2.179249412812272,0,1.415576996805612,13,6,True
0.5,2,incident,125,74,546.8343308520708,546.8343308520708,513.024326343928,505.3583431693689,549.9113073375102,-0.5626889739429533,-7.190103685035271,0,0.4413540009409189,12,3,True
0.5,2,incident,198,18,636.0967267481684,636.0967267481684,637.235707590874,637.5163830496671,637.235707590874,-0.17905780596108745,0.0,1,0.25124100284301676,11,5,True
0.5,2,incident,158,200,811.5610213373265,811.5610213373265,785.4343914944048,785.4343914944048,811.5610213373265,0.0,-3.3263923920127607,0,0.2112749934894964,12,7,True
0.5,2,incident,54,148,717.7372405539627,974.5169415393934,625.3857315321302,508.35926025616385,625.3857315321302,12.86703598527978,0.0,1,0.5594454996753484,10,8,True
0.5,2,incident,92,186,1304.279492479049,1109.012140681215,1199.3015319090807,949.6103866357253,1210.230920674484,7.2107682706723,-0.9113128328957896,1,0.3520634963933844,16,10,True
0.5,2,incident,130,17,567.4509663474771,567.4509663474771,567.4509663474771,551.6362269338777,567.4509663474771,0.0,0.0,0,0.19080300262430683,8,4,True
0.5,2,incident,162,8,1016.9009022164465,935.2619135467698,971.3961887679776,878.9373219529697,996.7652014945974,1.9801045193254527,-2.6116030740037486,1,1.2897854976472445,13,6,True
0.5,2,incident,140,21,827.3581296309494,874.7304890489111,780.0418705336791,699.8252482821126,780.0418705336791,5.718957414291213,0.0,1,0.15061199883348309,9,6,True
0.5,2,incident,164,35,644.8937601608347,644.8937601608347,646.1500847594451,514.798393904359,646.1500847594451,-0.19481109544261255,0.0,1,0.11827750131487846,11,5,True
0.5,2,incident,92,71,694.7300245342961,694.7300245342961,673.4978624669417,674.2516595344835,694.7300245342961,0.0,-3.1525210769910403,0,0.19991299632238224,12,5,True
0.5,2,incident,75,171,492.27775690252673,489.0268152721025,492.27775690252673,489.0268152721025,489.0268152721025,0.6603876744055133,0.6603876744055133,0,0.1777260040398687,8,3,True
0.5,2,incident,2,185,784.0486812031646,773.8924764206442,675.6858078064314,675.3073604232769,675.6858078064314,13.820936887546905,0.0,1,0.7088245001796167,13,8,True
0.5,2,incident,50,136,672.9656240908023,643.128708840339,647.777276363515,648.223644317264,672.9656240908023,0.0,-3.8884271873026033,0,0.34770100319292396,13,3,True
0.5,2,incident,127,189,667.1678264666598,604.5902064198913,630.6813001489109,621.3864268226487,615.8268761219779,7.69535764585428,2.355297996535759,1,0.3911459971277509,14,9,True
0.5,2,incident,128,106,716.7724807191425,655.9510866217363,676.4384712241963,705.4443071804864,675.4449822604672,5.765776389351776,0.14687055896319648,1,0.4647095011023339,10,5,True
0.5,2,incident,37,34,506.7460763310718,506.7460763310718,506.7460763310718,511.5508683021295,506.7460763310718,0.0,0.0,0,0.22855399583932012,9,6,True
0.5,2,incident,200,205,598.9465786224499,598.9465786224499,598.9465786224499,598.9465786224499,598.9465786224499,0.0,0.0,0,0.1764090047799982,10,3,True
0.5,2,incident,31,184,590.9686234296595,640.4976595753614,584.817287554856,580.3671561836373,584.817287554856,1.0408904349446717,0.0,0,2.296249003848061,9,3,True
0.5,2,incident,18,154,666.6790817234241,615.3895912272587,583.8633330633426,577.0293316065798,629.6599984005666,5.552759091699709,-7.843730329312455,0,1.1924179998459294,12,4,True
0.5,2,incident,69,136,626.2360214304512,475.14513877985235,593.5962334893131,530.6769225863235,593.5962334893131,5.21205852492836,0.0,1,0.25599400032660924,9,5,True
0.5,2,incident,183,19,525.7124862260765,505.07931587193474,442.87135922317765,439.9237108059509,442.87135922317765,15.757877009463689,0.0,1,0.2747465005086269,11,4,True
0.5,2,incident,152,154,772.3039052337879,772.3039052337879,785.2518077796084,785.2518077796084,802.1769504050353,-3.8680427444173584,-2.1553777346001604,1,0.39471499621868134,10,2,True
0.5,2,incident,184,31,414.4089128150856,414.4089128150856,414.4089128150856,412.4969252180798,414.4089128150856,0.0,0.0,0,0.18871200154535472,8,4,True
0.5,2,incident,76,124,685.2608213340075,685.2608213340075,640.011640918968,640.011640918968,685.2608213340075,0.0,-7.070055843057456,0,0.20577100076479837,9,4,True
0.5,2,incident,89,29,1347.6026456448055,1321.1421863803632,1281.5478871525765,1273.2437571650726,1347.6026456448055,0.0,-5.154294986119761,0,0.368562999938149,12,5,True
0.5,2,incident,158,120,907.0812229453725,678.7976509815938,749.8202164156199,933.5634885483679,785.3564041049682,13.419395723478114,-4.739294421697854,1,0.9244119974027853,10,6,True
0.5,2,incident,5,148,1161.3736437741627,950.4248830664741,907.549508292538,708.9625549814011,887.171752064585,23.610135564855145,2.245360285224734,0,0.6733759946655482,14,6,True
0.5,2,incident,89,25,927.5701970999706,739.191272366972,757.1732601697707,626.6416583511725,684.662303873876,26.18754828319638,9.576534210893369,1,0.8968565016402863,9,5,True
0.5,2,incident,16,82,1056.7945424524771,816.6796643639207,981.2301620967808,954.7903935601864,981.2301620967808,7.150337867977247,0.0,1,0.26750349934445694,11,6,True
0.5,2,incident,64,197,1144.3911942073826,931.0267467499373,912.5571448930808,833.0298254527759,899.2955437391473,21.417121322572836,1.4532351456726893,0,0.4488659978960641,12,7,True
0.3,0,peak_hour,18,160,540.1539439542491,537.9622348723038,540.1539439542491,542.0764528962986,542.0764528962986,-0.35591870865101477,-0.35591870865101477,0,0.7844049978302792,0,0,
0.3,0,peak_hour,135,90,436.05592730818495,441.1198057268021,436.05592730818495,439.11950632905763,435.9014367895499,0.0354290605768687,0.0354290605768687,0,0.8050100004766136,0,0,
0.3,0,peak_hour,89,177,491.77739266742674,698.0729183313426,491.77739266742674,491.77739266742674,491.77739266742674,0.0,0.0,0,0.21998100419295952,0,0,
0.3,0,peak_hour,152,157,409.8817579370681,397.71066773534767,409.8817579370681,507.5595381825701,507.5595381825701,-23.830721507859636,-23.830721507859636,0,1.014054003462661,0,0,
0.3,0,peak_hour,14,200,670.5730627892467,630.6968060275057,670.5730627892467,630.6968060275057,630.6968060275057,5.946593887305266,5.946593887305266,0,0.18396799714537337,0,0,
0.3,0,peak_hour,92,184,363.35438874874825,361.3884024770587,363.35438874874825,365.41376334879067,361.9732371839424,0.3801114304858165,0.3801114304858165,0,0.1822359990910627,0,0,
0.3,0,peak_hour,75,200,634.646490089127,601.7519479274109,634.646490089127,601.7519479274109,601.7519479274109,5.183128351831986,5.183128351831986,0,0.18591200205264613,0,0,
0.3,0,peak_hour,187,76,431.80435550213934,563.6086267229656,431.80435550213934,532.9462768680265,514.2482511385293,-19.092881900303464,-19.092881900303464,0,0.4029629999422468,0,0,
0.3,0,peak_hour,33,172,485.86685156946714,485.86685156946714,485.86685156946714,485.86685156946714,485.86685156946714,0.0,0.0,0,0.16853399574756622,0,0,
0.3,0,peak_hour,130,144,703.1104573736568,703.1104573736568,703.1104573736568,658.1419037360283,658.1419037360283,6.3956599089139505,6.3956599089139505,0,0.20206499902997166,0,0,
0.3,0,peak_hour,90,166,807.9403747742389,807.9403747742389,807.9403747742389,807.9403747742389,807.9403747742389,0.0,0.0,0,0.19220900139771402,0,0,
0.3,0,peak_hour,131,28,762.0873089978513,696.7167592038724,762.0873089978513,696.7167592038724,762.0873089978513,0.0,0.0,1,0.6368579997797497,0,0,
0.3,0,peak_hour,50,23,472.7963961215208,485.3705609611694,472.7963961215208,486.367825498256,486.367825498256,-2.870459565272793,-2.870459565272793,0,0.4379009988042526,0,0,
0.3,0,peak_hour,16,158,514.528129424561,537.7348502829307,514.528129424561,514.9470908908517,514.9470908908517,-0.08142634820747004,-0.08142634820747004,0,0.1935379987116903,0,0,
0.3,0,peak_hour,189,60,567.572640673436,531.9936554763992,567.572640673436,549.7402188935664,531.9936554763992,6.268622313228775,6.268622313228775,0,0.1675080056884326,0,0,
0.3,0,peak_hour,104,162,668.2991170611804,703.1991137577922,668.2991170611804,668.2991170611804,668.2991170611804,0.0,0.0,0,0.2430929962429218,0,0,
0.3,0,peak_hour,86,168,591.5298600834103,488.1946205949128,591.5298600834103,591.5298600834103,591.5298600834103,0.0,0.0,0,0.3101600013906136,0,0,
0.3,0,peak_hour,66,34,427.90294693064345,427.90294693064345,427.90294693064345,427.90294693064345,427.90294693064345,0.0,0.0,0,0.24757700157351792,0,0,
0.3,0,peak_hour,148,33,621.5740981636383,621.5740981636383,621.5740981636383,621.5740981636383,621.5740981636383,0.0,0.0,0,0.19291699572931975,0,0,
0.3,0,peak_hour,34,78,690.4731534252295,635.706625328044,690.4731534252295,635.706625328044,635.706625328044,7.931738956902996,7.931738956902996,0,0.23671400413149968,0,0,
0.3,0,peak_hour,125,74,684.7170297286779,684.3986686550957,684.7170297286779,687.6295140154161,688.2780507482066,-0.520071922402724,-0.520071922402724,1,0.4285429968149401,0,0,
0.3,0,peak_hour,198,18,428.65161346542084,413.98076824595637,428.65161346542084,428.65161346542084,428.65161346542084,0.0,0.0,1,0.39902549906400964,0,0,
0.3,0,peak_hour,158,200,609.63857258191,609.63857258191,609.63857258191,609.63857258191,609.63857258191,0.0,0.0,0,0.2165969999623485,0,0,
0.3,0,peak_hour,54,148,530.9757492606906,618.8330338189036,530.9757492606906,530.9757492606906,530.9757492606906,0.0,0.0,0,0.25443400227231905,0,0,
0.3,0,peak_hour,92,186,758.0508164248735,732.1300865989394,758.0508164248735,712.8788333690292,712.8788333690292,5.9589650294006455,5.9589650294006455,1,0.15423349759657867,0,0,
0.3,0,peak_hour,130,17,737.9757403064293,706.8384096250273,737.9757403064293,737.9757403064293,737.9757403064293,0.0,0.0,0,0.25760500284377486,0,0,
0.3,0,peak_hour,162,8,421.5793703899146,421.5793703899146,421.5793703899146,429.84056134972576,429.68617748530227,-1.9229610518868105,-1.9229610518868105,0,0.2276619998156093,0,0,
0.3,0,peak_hour,140,21,330.045587826276,330.045587826276,330.045587826276,330.045587826276,330.045587826276,0.0,0.0,0,0.1417500025127083,0,0,
0.3,0,peak_hour,164,35,524.0907703446031,523.8800562381613,524.0907703446031,524.0907703446031,524.0907703446031,0.0,0.0,0,0.2878849991247989,0,0,
0.3,0,peak_hour,92,71,463.79647697078514,463.0798421809935,463.79647697078514,463.0798421809935,463.0798421809935,0.15451492742510717,0.15451492742510717,0,0.2178290014853701,0,0,
0.3,0,peak_hour,75,171,432.70284886484103,386.4423597114434,432.70284886484103,432.70284886484103,432.70284886484103,0.0,0.0,0,0.16886200319277123,0,0,
0.3,0,peak_hour,2,185,493.4364297037709,495.3691733507084,493.4364297037709,491.3641938778813,497.3526033599106,-0.7936531274131317,-0.7936531274131317,0,0.5424929986475036,0,0,
0.3,0,peak_hour,50,136,490.93343706041617,490.39268238247905,490.93343706041617,492.31519132452866,492.31519132452866,-0.281454502750124,-0.281454502750124,0,0.39681800262769684,0,0,
0.3,0,peak_hour,127,189,617.8773209385215,615.0239825109992,617.8773209385215,618.446852625099,618.446852625099,-0.09217552858429029,-0.09217552858429029,0,0.5174739999347366,0,0,
0.3,0,peak_hour,128,106,324.0445921722601,523.1620086864975,324.0445921722601,324.6981556228885,324.6981556228885,-0.20168935585291586,-0.20168935585291586,0,0.6189449995872565,0,0,
0.3,0,peak_hour,37,34,367.70015020882204,366.52197298826155,367.70015020882204,358.8768296467642,358.8768296467642,2.399596670560774,2.399596670560774,0,0.20612299704225734,0,0,
0.3,0,peak_hour,200,205,404.6834679539757,404.6834679539757,404.6834679539757,404.6834679539757,404.6834679539757,0.0,0.0,0,0.19973400048911572,0,0,
0.3,0,peak_hour,31,184,442.1658708245966,687.5658815378545,442.1658708245966,439.6588769593497,439.6588769593497,0.5669804095398853,0.5669804095398853,0,1.1106540041510016,0,0,
0.3,0,peak_hour,18,154,556.1683545512874,585.0015315503535,556.1683545512874,558.0683695792046,560.6373149781949,-0.8035265563631454,-0.8035265563631454,0,0.6763010023860261,0,0,
0.3,0,peak_hour,69,136,820.4034645398751,825.4475237981101,820.4034645398751,825.4529368549962,825.4529368549962,-0.6154864689598898,-0.6154864689598898,0,0.2644720007083379,0,0,
0.3,0,peak_hour,183,19,368.63919477312606,368.63919477312606,368.63919477312606,369.65831715436525,369.65831715436525,-0.27645524287410356,-0.27645524287410356,0,0.3669159996206872,0,0,
0.3,0,peak_hour,152,154,385.70442705811104,374.8902225281033,385.70442705811104,382.0197503030855,382.0197503030855,0.9553109833687182,0.9553109833687182,0,0.8794359964667819,0,0,
0.3,0,peak_hour,184,31,315.30296335176445,326.01137368692,315.30296335176445,315.30296335176445,315.30296335176445,0.0,0.0,0,0.182071999006439,0,0,
0.3,0,peak_hour,76,124,849.4534032056673,911.3347231937352,849.4534032056673,812.4138062406832,812.4138062406832,4.360403622518202,4.360403622518202,1,0.21576100334641524,0,0,
0.3,0,peak_hour,89,29,884.0029587665923,893.9650825577182,884.0029587665923,882.3353779676486,850.1924385206318,3.8247066834634564,3.8247066834634564,1,0.7388114972854964,0,0,
0.3,0,peak_hour,158,120,617.2372122365447,617.2372122365447,617.2372122365447,617.2372122365447,617.2372122365447,0.0,0.0,0,0.8674439959577285,0,0,
0.3,0,peak_hour,5,148,442.544214470322,439.22068422097703,442.544214470322,439.22068422097703,439.22068422097703,0.751005242114142,0.751005242114142,0,0.18869499763241038,0,0,
0.3,0,peak_hour,89,25,597.0293013858269,597.0293013858269,597.0293013858269,597.0293013858269,597.0293013858269,0.0,0.0,0,0.9071530002984218,0,0,
0.3,0,peak_hour,16,82,652.176904618566,691.0269388797575,652.176904618566,676.8109790669363,658.2912468521145,-0.9375281752923279,-0.9375281752923279,0,0.35918499634135514,0,0,
0.3,0,peak_hour,64,197,529.4786696642027,530.4259479939061,529.4786696642027,530.4259479939061,530.4259479939061,-0.17890774151566405,-0.17890774151566405,0,0.20780300110345706,0,0,
0.3,0,off_peak,18,160,456.901052822616,460.8131630824384,456.901052822616,456.901052822616,456.901052822616,0.0,0.0,1,0.4912899967166595,0,0,
0.3,0,off_peak,135,90,371.09297295466865,372.61305045070566,371.09297295466865,371.09297295466865,371.09297295466865,0.0,0.0,0,0.2533709994168021,0,0,
0.3,0,off_peak,89,177,450.53693273129204,450.53693273129204,450.53693273129204,440.9501915615443,440.9501915615443,2.12784801273228,2.12784801273228,0,0.165707002452109,0,0,
0.3,0,off_peak,152,157,371.308744266079,378.294071318486,371.308744266079,371.40159914239814,371.40159914239814,-0.02500745747388758,-0.02500745747388758,0,0.9497279970673844,0,0,
0.3,0,off_peak,14,200,486.1354666910935,486.1354666910935,486.1354666910935,486.1354666910935,486.1354666910935,0.0,0.0,0,0.185958000656683,0,0,
0.3,0,off_peak,92,184,346.05646714206273,346.1567129895652,346.05646714206273,346.9316363893323,346.9316363893323,-0.2528978159250261,-0.2528978159250261,0,0.16401400353061035,0,0,
0.3,0,off_peak,75,200,449.1201459538004,445.6398364965783,449.1201459538004,445.6398364965783,445.6398364965783,0.7749172439884431,0.7749172439884431,0,0.19029699615202844,0,0,
0.3,0,off_peak,187,76,328.40870311536617,326.97281045392407,328.40870311536617,328.40870311536617,328.40870311536617,0.0,0.0,0,0.23386500106425956,0,0,
0.3,0,off_peak,33,172,393.19758630923315,393.19758630923315,393.19758630923315,393.19758630923315,393.19758630923315,0.0,0.0,0,0.17706099606584758,0,0,
0.3,0,off_peak,130,144,334.6940279477832,334.6940279477832,334.6940279477832,334.6940279477832,334.6940279477832,0.0,0.0,0,0.1924110038089566,0,0,
0.3,0,off_peak,90,166,402.89770054709095,420.6915952638841,402.89770054709095,402.89770054709095,402.89770054709095,0.0,0.0,0,0.2357970006414689,0,0,
0.3,0,off_peak,131,28,424.2812430621394,424.2812430621394,424.2812430621394,425.57051126052176,424.2812430621394,0.0,0.0,0,0.23936000070534647,0,0,
0.3,0,off_peak,50,23,413.38829934307,411.7016816182237,413.38829934307,413.38829934307,413.38829934307,0.0,0.0,0,0.31730299815535545,0,0,
0.3,0,off_peak,16,158,449.5674304679016,445.7960091408757,449.5674304679016,449.5674304679016,449.5674304679016,0.0,0.0,0,0.16311099898302928,0,0,
0.3,0,off_peak,189,60,645.347422113689,645.347422113689,645.347422113689,645.347422113689,645.347422113689,0.0,0.0,0,0.17425999976694584,0,0,
0.3,0,off_peak,104,162,390.0708617314332,385.35264326780435,390.0708617314332,385.35264326780435,385.35264326780435,1.2095798293381266,1.2095798293381266,0,0.23601300199516118,0,0,
0.3,0,off_peak,86,168,375.7970102156827,375.7970102156827,375.7970102156827,375.7970102156827,375.7970102156827,0.0,0.0,0,0.1421410051989369,0,0,
0.3,0,off_peak,66,34,420.31699432864616,420.31699432864616,420.31699432864616,420.31699432864616,420.31699432864616,0.0,0.0,0,0.2112849979312159,0,0,
0.3,0,off_peak,148,33,369.8155093822752,369.8155093822752,369.8155093822752,369.8155093822752,369.8155093822752,0.0,0.0,0,0.24037099501583725,0,0,
0.3,0,off_peak,34,78,465.73352302514724,465.5194342346656,465.73352302514724,465.73352302514724,465.73352302514724,0.0,0.0,0,0.2083389990730211,0,0,
0.3,0,off_peak,125,74,344.5430365980087,347.4322462968113,344.5430365980087,344.5430365980087,344.5430365980087,0.0,0.0,0,0.6265259944484569,0,0,
0.3,0,off_peak,198,18,408.43735153375945,406.368800355911,408.43735153375945,406.85870782094156,406.85870782094156,0.3865081650563514,0.3865081650563514,0,0.4499499991652556,0,0,
0.3,0,off_peak,158,200,486.4215610844868,486.4215610844868,486.4215610844868,486.4215610844868,486.4215610844868,0.0,0.0,0,0.2115199968102388,0,0,
0.3,0,off_peak,54,148,349.6611935006451,349.6611935006451,349.6611935006451,349.6611935006451,349.6611935006451,0.0,0.0,0,0.22216599609237164,0,0,
0.3,0,off_peak,92,186,633.1065722829006,638.5029229571026,633.1065722829006,633.1065722829006,633.1065722829006,0.0,0.0,0,0.22279599943431094,0,0,
0.3,0,off_peak,130,17,339.05155803974947,376.54889138793305,339.05155803974947,376.54889138793305,376.54889138793305,-11.059478258993137,-11.059478258993137,0,0.22108999837655574,0,0,
0.3,0,off_peak,162,8,421.7109170778397,430.89135070329235,421.7109170778397,421.7109170778397,421.7109170778397,0.0,0.0,0,0.26933600020129234,0,0,
0.3,0,off_peak,140,21,309.4903906178253,309.4903906178253,309.4903906178253,309.4903906178253,309.4903906178253,0.0,0.0,0,0.20708100055344403,0,0,
0.3,0,off_peak,164,35,415.51948601452324,415.51948601452324,415.51948601452324,415.51948601452324,415.51948601452324,0.0,0.0,0,0.21533000108320266,0,0,
0.3,0,off_peak,92,71,474.4650845676067,474.4650845676067,474.4650845676067,474.4650845676067,474.4650845676067,0.0,0.0,0,0.2519350018701516,0,0,
0.3,0,off_peak,75,171,293.8167254997655,290.66071199867446,293.8167254997655,293.8167254997655,293.8167254997655,0.0,0.0,0,0.2728649997152388,0,0,
0.3,0,off_peak,2,185,470.15113985236366,471.2710114491553,470.15113985236366,470.15113985236366,470.15113985236366,0.0,0.0,0,0.2836909989127889,0,0,
0.3,0,off_peak,50,136,422.74269903216054,423.4955584117405,422.74269903216054,421.8669213286712,421.8669213286712,0.20716566022178,0.20716566022178,0,0.3548540043993853,0,0,
0.3,0,off_peak,127,189,404.4086437150743,402.10301105434013,404.4086437150743,402.3539066666963,402.3539066666963,0.5080843548501561,0.5080843548501561,0,0.5393009996623732,0,0,
0.3,0,off_peak,128,106,336.6788802374431,336.93532431094746,336.6788802374431,337.1436815102924,337.1436815102924,-0.13805477567275418,-0.13805477567275418,0,0.5835760021000169,0,0,
0.3,0,off_peak,37,34,333.8882973087119,333.8882973087119,333.8882973087119,333.8882973087119,333.8882973087119,0.0,0.0,0,0.24300099903484806,0,0,
0.3,0,off_peak,200,205,382.0432067363669,382.0432067363669,382.0432067363669,382.0432067363669,382.0432067363669,0.0,0.0,0,0.1981410023290664,0,0,
0.3,0,off_peak,31,184,481.42714980339764,458.03261055552554,481.42714980339764,478.4586477316431,455.53495931333504,5.378215686555339,5.378215686555339,0,1.1078739989898168,0,0,
0.3,0,off_peak,18,154,411.0124143976627,406.9252968206847,411.0124143976627,411.71735850206016,411.71735850206016,-0.17151406617012635,-0.17151406617012635,0,0.8122850049403496,0,0,
0.3,0,off_peak,69,136,368.53060694901285,363.3238460776321,368.53060694901285,363.3238460776321,363.3238460776321,1.4128435395058339,1.4128435395058339,0,0.25503199867671356,0,0,
0.3,0,off_peak,183,19,344.99746064635747,348.6805143613038,344.99746064635747,348.6805143613038,348.6805143613038,-1.0675596591482324,-1.0675596591482324,1,0.23716199575574137,0,0,
0.3,0,off_peak,152,154,363.1887477068372,359.1016301298591,363.1887477068372,363.89369181123465,363.89369181123465,-0.19409855312105262,-0.19409855312105262,0,0.898457998118829,0,0,
0.3,0,off_peak,184,31,271.99881707356485,271.99881707356485,271.99881707356485,271.99881707356485,271.99881707356485,0.0,0.0,0,0.18255900067742914,0,0,
0.3,0,off_peak,76,124,411.5890311821977,490.53377592038146,411.5890311821977,411.5890311821977,411.5890311821977,0.0,0.0,0,0.3365969969308935,0,0,
0.3,0,off_peak,89,29,574.0435592847563,572.2183092509525,574.0435592847563,561.5738337937518,612.9028520600659,-6.769397922298327,-6.769397922298327,0,0.9243570020771585,0,0,
0.3,0,off_peak,158,120,378.93291325323196,378.93291325323196,378.93291325323196,378.93291325323196,378.93291325323196,0.0,0.0,0,0.17041499813785776,0,0,
0.3,0,off_peak,5,148,386.42605843026644,386.42605843026644,386.42605843026644,386.42605843026644,386.42605843026644,0.0,0.0,0,0.17228700016858056,0,0,
0.3,0,off_peak,89,25,359.19726279689945,359.19726279689945,359.19726279689945,359.19726279689945,359.19726279689945,0.0,0.0,0,0.16161300300154835,0,0,
0.3,0,off_peak,16,82,449.2027913157122,449.2027913157122,449.2027913157122,449.2027913157122,449.2027913157122,0.0,0.0,0,0.2158819988835603,0,0,
0.3,0,off_peak,64,197,453.79674072070975,454.9258290149419,453.79674072070975,455.7423298055412,454.9258290149419,-0.248809255976352,-0.248809255976352,0,0.21558700245805085,0,0,
0.3,0,incident,18,160,921.5987070493861,921.5987070493861,771.5968894930053,797.615592648718,918.4089339331159,0.3461130198937303,-19.02703943461679,0,0.6404650048352778,13,3,True
0.3,0,incident,135,90,727.0432176626753,857.6191937114488,740.6969677469953,739.9911709403531,739.2066038960405,-1.6729935632256567,0.2012110101500793,1,0.652916500257561,10,5,True
0.3,0,incident,89,177,1072.7638364534291,851.2868654041121,868.4725959637359,880.995574946929,872.3102778417898,18.685711784836197,-0.4418886555418896,0,0.8417299977736548,11,2,True
0.3,0,incident,152,157,551.2436627320931,549.7574459025432,551.2436627320931,533.9395519661382,549.7574459025432,0.2696115946592227,0.2696115946592227,0,0.7448110045515932,12,4,True
0.3,0,incident,14,200,964.6607127646995,918.0716854160308,865.0829512522195,963.530052160883,918.9325453341922,4.740336869265795,-6.224789657919481,0,0.3257329954067245,14,5,True
0.3,0,incident,92,184,530.9326486902472,530.9326486902472,511.83376030955094,511.83376030955094,530.9326486902472,0.0,-3.7314631940545504,0,0.15180199989117682,10,2,True
0.3,0,incident,75,200,891.3604964786804,846.8851051032304,792.5843488835234,889.2790187593735,807.5916278038986,9.397866408227722,-1.8934614267257879,1,0.23574700026074424,12,4,True
0.3,0,incident,187,76,568.8780685765789,568.8780685765789,485.57416117208857,485.57416117208857,568.8780685765789,0.0,-17.15575375827448,0,0.24645299708936363,9,1,True
0.3,0,incident,33,172,742.1890831328983,832.7230273867123,748.3852411344658,748.3852411344658,739.619941749143,0.3461572585938031,1.1712282529831322,0,0.19381700258236378,10,3,True
0.3,0,incident,130,144,609.3695769233575,609.3695769233575,609.3695769233575,609.3695769233575,609.3695769233575,0.0,0.0,0,0.19234499632148072,8,4,True
0.3,0,incident,90,166,594.3593543362773,529.5619641354651,579.6327041993496,556.3278427420785,571.3471520873735,3.8717658064962386,1.4294486925855947,0,0.294858000415843,9,2,True
0.3,0,incident,131,28,980.2330768916721,885.5392242297473,976.8952424025277,947.4832753048814,1004.9701789926186,-2.5235938966054925,-2.8738942899388804,0,1.044534998072777,12,3,True
0.3,0,incident,50,23,646.7797412502398,609.5206709910265,584.6822570178346,583.9284599502927,609.5206709910265,5.760704592755288,-4.248190136618813,0,0.4052789954585023,11,2,True
0.3,0,incident,16,158,827.6283114054796,872.4073597691564,776.642005978893,776.642005978893,792.8291581632458,4.204683764761246,-2.0842488636640457,0,0.20450499869184569,10,3,True
0.3,0,incident,189,60,722.6633070149845,722.6633070149845,722.6633070149845,722.6633070149845,722.6633070149845,0.0,0.0,0,0.1368060038657859,11,1,True
0.3,0,incident,104,162,599.6724383254203,573.1716132056451,574.4208486450021,535.8240647216642,573.1716132056451,4.419216796719637,0.21747738479614867,0,0.34114000300178304,9,3,True
0.3,0,incident,86,168,1079.954661299077,1067.2255815262486,756.768122612816,742.6642828872311,1079.954661299077,0.0,-42.70615120129901,0,0.16169299487955868,9,4,True
0.3,0,incident,66,34,1271.9195592016254,1123.5947978676859,1105.9793920731313,1124.9347380530025,1234.4257615082245,2.947812023343322,-11.613812188156924,0,0.30675500602228567,13,3,True
0.3,0,incident,148,33,1370.662678390167,926.9314065433254,1236.1785065116594,1241.1405311580033,1248.1148667168823,8.940771030346886,-0.9655854831925338,0,0.2947370012407191,12,2,True
0.3,0,incident,34,78,1298.2084107917353,1266.336745963411,1133.3512157127234,1104.2643618186808,1203.5624298315338,7.290507454229172,-6.1950093797408705,1,0.17446300262236036,12,4,True
0.3,0,incident,125,74,543.3415562716259,538.5901469175845,510.8661407629244,509.59459930204673,509.7590958210718,6.180727401193963,0.21669961140883398,1,0.6536714972753543,11,6,True
0.3,0,incident,198,18,636.0967267481684,636.0967267481684,626.0189713376855,626.6603431569592,636.0967267481684,0.0,-1.6098162950155763,0,0.40428000647807494,11,3,True
0.3,0,incident,158,200,811.5610213373265,811.5610213373265,785.4343914944048,785.4343914944048,811.5610213373265,0.0,-3.3263923920127607,0,0.21095300326123834,12,2,True
0.3,0,incident,54,148,740.6441331556732,979.7352087198658,710.574311064978,710.574311064978,740.6441331556732,0.0,-4.2317631840120775,0,0.19555899780243635,9,3,True
0.3,0,incident,92,186,1298.4663898548931,1013.1380254397558,1188.339708080399,1037.574120426803,1188.339708080399,8.481288590519542,0.0,1,0.4195904948574025,19,4,True
0.3,0,incident,130,17,573.8450493016858,552.876051680841,552.876051680841,537.0613122672414,552.876051680841,3.654121900391411,0.0,0,0.308356000459753,8,2,True
0.3,0,incident,162,8,1006.1228587533432,867.6526511316538,961.9877625642624,988.5526044481609,1041.4552892834106,-3.511741157918506,-8.260762746848311,0,2.1400319965323433,11,3,True
0.3,0,incident,140,21,832.4332836107242,854.8719711439214,785.9995117227074,785.9995117227074,832.4332836107242,0.0,-5.907608235817594,0,0.2009430027101189,9,4,True
0.3,0,incident,164,35,646.1500847594451,621.5447543583632,634.9333485062566,634.9333485062566,621.5447543583632,3.80798996726004,2.1086613546746897,0,0.2055849981843494,10,2,True
0.3,0,incident,92,71,694.7300245342961,694.7300245342961,677.1713059377552,677.925103005297,694.7300245342961,0.0,-2.592950770739681,0,0.16038899775594473,12,2,True
0.3,0,incident,75,171,489.0268152721025,489.0268152721025,489.0268152721025,489.0268152721025,489.0268152721025,0.0,0.0,0,0.18741100211627781,8,2,True
0.3,0,incident,2,185,751.9708634988833,728.4938472369588,667.2414185610319,667.2414185610319,738.1835801683629,1.8334863755716322,-10.632157961705138,0,0.48140299622900784,12,3,True
0.3,0,incident,50,136,644.3369934048227,592.2480155913686,564.7560015348671,579.0251913493388,592.2480155913686,8.084120320052422,-4.86794544578278,0,0.3790100017795339,12,1,True
0.3,0,incident,127,189,669.2771961606234,617.0655303285589,560.2426497150349,555.2941386223853,559.6788195003421,16.375632890079547,0.10064035913359098,1,0.42008200034615584,14,5,True
0.3,0,incident,128,106,697.4942277282432,691.2019360205571,670.1878658126793,670.1878658126793,663.1515291834625,4.9237251262474,1.0499051069336356,0,0.5865720013389364,12,3,True
0.3,0,incident,37,34,506.7460763310718,506.7460763310718,468.80328918797807,468.80328918797807,468.80328918797807,7.4875344704799645,0.0,1,0.18414200167171657,9,6,True
0.3,0,incident,200,205,598.9465786224499,598.9465786224499,565.7861870147058,565.7861870147058,598.9465786224499,0.0,-5.860940469881469,0,0.19301800057291985,10,2,True
0.3,0,incident,31,184,537.1187406301548,699.698103587267,494.21249939181234,476.02150630849803,466.6077982616081,13.12762654414596,5.585593477335185,0,1.358948000415694,9,4,True
0.3,0,incident,18,154,688.2838733038589,628.183849653806,628.183849653806,628.183849653806,628.183849653806,8.731865728825575,0.0,0,0.6441579971578903,13,3,True
0.3,0,incident,69,136,692.1659831029374,524.143552861097,692.1659831029374,692.1659831029374,692.1659831029374,0.0,0.0,0,0.3123079950455576,10,1,True
0.3,0,incident,183,19,506.6548059890829,506.2369560062011,485.55976642041105,468.32227361643163,485.55976642041105,4.1635921182057,0.0,2,0.24135200025436157,11,4,True
0.3,0,incident,152,154,843.014481061521,502.6482073795911,843.014481061521,455.9027114607076,840.8198674355564,0.26032929152073053,0.26032929152073053,0,0.8775089954724535,13,5,True
0.3,0,incident,184,31,445.9405703947755,445.9405703947755,445.9405703947755,445.9405703947755,445.9405703947755,0.0,0.0,0,0.2027649970841594,8,3,True
0.3,0,incident,76,124,644.2544238740769,519.9500474002873,603.3576518498488,603.3576518498488,682.9354402304215,-6.003997011575817,-13.189157067386681,0,0.19539699860615656,12,3,True
0.3,0,incident,89,29,1165.0509257023539,1103.1051655400377,1229.4863405036654,1103.027058840991,1042.415047167139,10.526224719428773,15.215402332968718,1,0.38947599750827067,14,5,True
0.3,0,incident,158,120,903.4224504631773,605.8369489722504,826.565416071205,715.3109371049131,903.4224504631773,0.0,-9.298360770679922,1,0.5069770013506059,10,1,True
0.3,0,incident,5,148,1150.2000621510383,1146.0215500683817,1178.6580570643623,1117.6006650386303,1178.184746431981,-2.433027540322624,0.040156738380947854,0,0.24945400218712166,8,2,True
0.3,0,incident,89,25,858.1359036455672,728.9617600553488,858.1359036455672,745.9488202379586,746.5259404861037,13.006094102964067,13.006094102964067,0,0.8673850024933927,10,2,True
0.3,0,incident,16,82,1138.0612342070062,806.6427088757575,1079.9041130576616,1103.6643851147796,1073.1482354839832,5.703823025678757,0.6255997631632004,0,0.2737800023169257,12,4,True
0.3,0,incident,64,197,1550.5814932364365,1121.6445881852176,1558.9043732018488,1458.358618612859,1123.53638027501,27.540965426465945,27.92781907671682,0,0.3060709932469763,11,4,True
0.3,1,peak_hour,18,160,543.3795752738099,537.4810518324747,543.3795752738099,543.4249221514807,543.4249221514807,-0.008345340850904208,-0.008345340850904208,0,1.0600180030451156,0,0,
0.3,1,peak_hour,135,90,436.4991092776323,443.11540058161626,436.4991092776323,439.6628922114459,436.62323182626614,-0.02843592254730495,-0.02843592254730495,0,0.631630995485466,0,0,
0.3,1,peak_hour,89,177,1041.5390988349398,698.0729183313426,1041.5390988349398,1010.9346602464747,1041.675117184036,-0.013059360829413398,-0.013059360829413398,0,0.8151479996740818,0,0,
0.3,1,peak_hour,152,157,436.5784127494302,398.434750044667,436.5784127494302,412.8217323015734,413.17979172929375,5.359546037281014,5.359546037281014,1,0.6271220008784439,0,0,
0.3,1,peak_hour,14,200,667.628001064307,630.7390765353629,667.628001064307,630.7390765353629,630.7390765353629,5.525371085415414,5.525371085415414,0,0.2244040006189607,0,0,
0.3,1,peak_hour,92,184,364.22414287832123,361.9732371839424,364.22414287832123,362.51063735352466,362.51063735352466,0.47045358148293204,0.47045358148293204,0,0.1279989955946803,0,0,
0.3,1,peak_hour,75,200,634.646490089127,634.646490089127,634.646490089127,601.7519479274109,601.7519479274109,5.183128351831986,5.183128351831986,0,0.20378099725348875,0,0,
0.3,1,peak_hour,187,76,499.5697500950376,540.7884440180507,499.5697500950376,499.5697500950376,499.5697500950376,0.0,0.0,0,0.27156100259162486,0,0,
0.3,1,peak_hour,33,172,600.7020589027504,485.86685156946714,600.7020589027504,599.1130238351095,600.7020589027504,0.0,0.0,0,0.198969995835796,0,0,
0.3,1,peak_hour,130,144,698.7039365312581,703.1104573736568,698.7039365312581,672.1917185706068,672.1917185706068,3.794485271153939,3.794485271153939,1,0.18034300228464417,0,0,
0.3,1,peak_hour,90,166,758.0533144885435,807.9403747742389,758.0533144885435,775.4514147007214,775.4514147007214,-2.2951024525123804,-2.2951024525123804,0,0.21134300186531618,0,0,
0.3,1,peak_hour,131,28,766.3772306426303,694.4301093869859,766.3772306426303,760.9844845373486,760.9844845373486,0.7036673180855906,0.7036673180855906,0,1.110754004912451,0,0,
0.3,1,peak_hour,50,23,471.9430572951445,470.6330828689029,471.9430572951445,470.6330828689029,470.6330828689029,0.27757044117769575,0.27757044117769575,0,0.5331069987732917,0,0,
0.3,1,peak_hour,16,158,607.6345589753572,530.8483807543797,607.6345589753572,607.6345589753572,607.6345589753572,0.0,0.0,0,0.21353500051191077,0,0,
0.3,1,peak_hour,189,60,531.9936554763992,531.9936554763992,531.9936554763992,531.9936554763992,531.9936554763992,0.0,0.0,0,0.17046900029527023,0,0,
0.3,1,peak_hour,104,162,658.178434547249,703.1991137577922,658.178434547249,676.3853588733795,631.9743942004941,3.981297315640598,3.981297315640598,0,0.27569200028665364,0,0,
0.3,1,peak_hour,86,168,612.491989827061,488.1946205949128,612.491989827061,593.6754792308542,530.5537725000426,13.377843088226182,13.377843088226182,0,0.1807529988582246,0,0,
0.3,1,peak_hour,66,34,427.90294693064345,427.90294693064345,427.90294693064345,427.90294693064345,427.90294693064345,0.0,0.0,0,0.20056599896633998,0,0,
0.3,1,peak_hour,148,33,621.5740981636383,621.5740981636383,621.5740981636383,643.1065729037409,643.1065729037409,-3.4641846891171335,-3.4641846891171335,0,0.21261800429783762,0,0,
0.3,1,peak_hour,34,78,678.2076439274227,635.706625328044,678.2076439274227,634.978411685359,634.978411685359,6.374040845621883,6.374040845621883,0,0.24833699717419222,0,0,
0.3,1,peak_hour,125,74,717.5820031327032,716.3498658290689,717.5820031327032,693.8920438217864,693.8920438217864,3.3013591767205765,3.3013591767205765,0,0.6470660009654239,0,0,
0.3,1,peak_hour,198,18,424.5714945622053,414.9045028136495,424.5714945622053,424.5714945622053,424.5714945622053,0.0,0.0,0,0.45192299876362085,0,0,
0.3,1,peak_hour,158,200,609.63857258191,609.63857258191,609.63857258191,609.63857258191,609.63857258191,0.0,0.0,0,0.21541900059673935,0,0,
0.3,1,peak_hour,54,148,593.136456113128,618.4766452887958,593.136456113128,593.136456113128,593.136456113128,0.0,0.0,0,0.16684499860275537,0,0,
0.3,1,peak_hour,92,186,812.8253841428706,729.858471761316,812.8253841428706,733.2523214754056,813.4730581334829,-0.07968181152405046,-0.07968181152405046,0,0.2335820026928559,0,0,
0.3,1,peak_hour,130,17,669.4955955139376,718.0853733342644,669.4955955139376,669.4955955139376,669.4955955139376,0.0,0.0,0,0.22557399643119425,0,0,
0.3,1,peak_hour,162,8,429.6466129285588,420.8487783134232,429.6466129285588,463.6189421939732,463.6189421939732,-7.907039935413924,-7.907039935413924,0,0.21518200082937256,0,0,
0.3,1,peak_hour,140,21,330.045587826276,330.045587826276,330.045587826276,330.045587826276,330.045587826276,0.0,0.0,0,0.12336200597928837,0,0,
0.3,1,peak_hour,164,35,524.0907703446031,524.0907703446031,524.0907703446031,524.0907703446031,524.0907703446031,0.0,0.0,0,0.21806699805893004,0,0,
0.3,1,peak_hour,92,71,463.79647697078514,463.79647697078514,463.79647697078514,463.79647697078514,463.79647697078514,0.0,0.0,0,0.21671799913747236,0,0,
0.3,1,peak_hour,75,171,432.70284886484103,432.70284886484103,432.70284886484103,432.70284886484103,432.70284886484103,0.0,0.0,0,0.17512500198790804,0,0,
0.3,1,peak_hour,2,185,490.7464695978283,492.17375534901623,490.7464695978283,490.7464695978283,490.7464695978283,0.0,0.0,0,0.2276090017403476,0,0,
0.3,1,peak_hour,50,136,491.33466421383673,489.46974165569554,491.33466421383673,491.3800110915074,491.3800110915074,-0.009229325951027477,-0.009229325951027477,0,0.3795810043811798,0,0,
0.3,1,peak_hour,127,189,568.9635412866872,570.1228267344811,568.9635412866872,569.684266745949,569.684266745949,-0.12667339942940226,-0.12667339942940226,0,0.4645529988920316,0,0,
0.3,1,peak_hour,128,106,636.7074281803172,598.1230184167462,636.7074281803172,613.669108703556,616.2207388477644,3.217598605862477,3.217598605862477,1,0.3871235021506436,0,0,
0.3,1,peak_hour,37,34,366.52197298826155,366.52197298826155,366.52197298826155,357.6986524262037,357.6986524262037,2.4073101238982035,2.4073101238982035,0,0.16683000285411254,0,0,
0.3,1,peak_hour,200,205,392.6374886719695,404.6834679539757,392.6374886719695,404.6834679539757,404.6834679539757,-3.0679646313829383,-3.0679646313829383,0,0.24020000273594633,0,0,
0.3,1,peak_hour,31,184,446.5095216458342,644.664339898902,446.5095216458342,444.64381445195284,444.64381445195284,0.4178426446550012,0.4178426446550012,0,1.147707000200171,0,0,
0.3,1,peak_hour,18,154,554.8599574815497,552.8497395151383,554.8599574815497,549.1986219256606,559.3289179084574,-0.8054213259849887,-0.8054213259849887,0,0.9557599987601861,0,0,
0.3,1,peak_hour,69,136,935.449932898444,864.709100995471,935.449932898444,935.449932898444,935.449932898444,0.0,0.0,0,0.2624219996505417,0,0,
0.3,1,peak_hour,183,19,367.54326419254784,373.75995976020874,367.54326419254784,370.66979964293006,370.66979964293006,-0.8506578014022038,-0.8506578014022038,0,0.4069759961566888,0,0,
0.3,1,peak_hour,152,154,381.8799849793054,381.4777258859192,381.8799849793054,380.38780024461397,380.38780024461397,0.3907470392228815,0.3907470392228815,0,0.8636010024929419,0,0,
0.3,1,peak_hour,184,31,326.01137368692,326.01137368692,326.01137368692,320.99778733112163,320.99778733112163,1.5378562714235595,1.5378562714235595,0,0.20522900013020262,0,0,
0.3,1,peak_hour,76,124,868.544113886493,875.954562897517,868.544113886493,790.5442222845919,790.5442222845919,8.98053309611107,8.98053309611107,0,0.18158100283471867,0,0,
0.3,1,peak_hour,89,29,927.5013118186756,962.6547057170804,927.5013118186756,829.0051044915077,927.5013118186756,0.0,0.0,0,0.7417950037051924,0,0,
0.3,1,peak_hour,158,120,719.0026053571092,617.2372122365447,719.0026053571092,713.6815426109393,713.6815426109393,0.7400616780139582,0.7400616780139582,0,0.7352070024353452,0,0,
0.3,1,peak_hour,5,148,439.1502753552909,439.22068422097703,439.1502753552909,439.1502753552909,439.1502753552909,0.0,0.0,0,0.23579999833600596,0,0,
0.3,1,peak_hour,89,25,693.4776823197606,597.0293013858269,693.4776823197606,693.4776823197606,693.4776823197606,0.0,0.0,0,0.9559459940646775,0,0,
0.3,1,peak_hour,16,82,641.224077728751,654.3524929580497,641.224077728751,654.3524929580497,641.224077728751,0.0,0.0,0,0.2782989977276884,0,0,
0.3,1,peak_hour,64,197,612.0909979567904,530.4259479939061,612.0909979567904,612.0909979567904,612.0909979567904,0.0,0.0,0,0.24174999998649582,0,0,
0.3,1,off_peak,18,160,460.8667854924355,461.0076446367645,460.8667854924355,457.7150213653069,458.3455031104602,0.5470740051881423,0.5470740051881423,0,1.0377250000601634,0,0,
0.3,1,off_peak,135,90,372.61305045070566,388.00611683895227,372.61305045070566,386.0078024917517,386.0078024917517,-3.59481559350753,-3.59481559350753,0,0.21895800455240533,0,0,
0.3,1,off_peak,89,177,451.0020131980052,450.53693273129204,451.0020131980052,440.9501915615443,450.53693273129204,0.10312159438387895,0.10312159438387895,0,0.18763200205285102,0,0,
0.3,1,off_peak,152,157,393.1262864567209,377.01888305401224,393.1262864567209,396.0522224221228,396.0522224221228,-0.7442738036608004,-0.7442738036608004,1,0.5668880003213417,0,0,
0.3,1,off_peak,14,200,485.9278997276883,485.9278997276883,485.9278997276883,485.9278997276883,485.9278997276883,0.0,0.0,0,0.2396830022917129,0,0,
0.3,1,off_peak,92,184,346.8313905418299,346.8313905418299,346.8313905418299,346.90764314025654,346.90764314025654,-0.02198549511551971,-0.02198549511551971,0,0.17113599460572004,0,0,
0.3,1,off_peak,75,200,449.1201459538004,449.1201459538004,449.1201459538004,445.6398364965783,445.6398364965783,0.7749172439884431,0.7749172439884431,0,0.18506399646867067,0,0,
0.3,1,off_peak,187,76,328.40870311536617,328.40870311536617,328.40870311536617,328.40870311536617,328.40870311536617,0.0,0.0,0,0.21921600273344666,0,0,
0.3,1,off_peak,33,172,393.19758630923315,393.19758630923315,393.19758630923315,393.19758630923315,393.19758630923315,0.0,0.0,0,0.17511699843453243,0,0,
0.3,1,off_peak,130,144,334.6940279477832,334.6940279477832,334.6940279477832,334.6940279477832,334.6940279477832,0.0,0.0,0,0.17717000446282327,0,0,
0.3,1,off_peak,90,166,420.6915952638841,420.6915952638841,420.6915952638841,420.6915952638841,420.6915952638841,0.0,0.0,0,0.20864999532932416,0,0,
0.3,1,off_peak,131,28,425.57051126052176,425.57051126052176,425.57051126052176,424.2812430621394,425.57051126052176,0.0,0.0,0,0.22895800066180527,0,0,
0.3,1,off_peak,50,23,412.8689076425878,412.21881209753565,412.8689076425878,412.7567888542741,412.7567888542741,0.027156026098920927,0.027156026098920927,0,0.5744820009567775,0,0,
0.3,1,off_peak,16,158,444.69005898200817,444.69005898200817,444.69005898200817,444.69005898200817,444.69005898200817,0.0,0.0,0,0.214131003303919,0,0,
0.3,1,off_peak,189,60,645.347422113689,645.347422113689,645.347422113689,645.347422113689,645.347422113689,0.0,0.0,0,0.17309099348494783,0,0,
0.3,1,off_peak,104,162,385.134239939415,385.35264326780435,385.134239939415,385.134239939415,385.35264326780435,-0.0567083644455241,-0.0567083644455241,1,0.15618449833709747,0,0,
0.3,1,off_peak,86,168,375.7970102156827,375.7970102156827,375.7970102156827,375.7970102156827,375.7970102156827,0.0,0.0,0,0.13439000031212345,0,0,
0.3,1,off_peak,66,34,420.43793328686127,420.31699432864616,420.43793328686127,420.43793328686127,420.43793328686127,0.0,0.0,0,0.23667300411034375,0,0,
0.3,1,off_peak,148,33,371.6980244528412,369.8155093822752,371.6980244528412,371.6980244528412,371.6980244528412,0.0,0.0,0,0.1979549997486174,0,0,
0.3,1,off_peak,34,78,464.71219258466414,465.5194342346656,464.71219258466414,464.71219258466414,464.71219258466414,0.0,0.0,0,0.19886399968527257,0,0,
0.3,1,off_peak,125,74,343.5573549231709,343.5573549231709,343.5573549231709,343.5573549231709,343.5573549231709,0.0,0.0,0,0.5703099959646352,0,0,
0.3,1,off_peak,198,18,408.43735153375945,407.9474440687289,408.43735153375945,408.02988118878807,406.4512374759702,0.48627140743397884,0.48627140743397884,0,0.4664650041377172,0,0,
0.3,1,off_peak,158,200,486.4215610844868,486.4215610844868,486.4215610844868,486.4215610844868,486.4215610844868,0.0,0.0,0,0.2087579996441491,0,0,
0.3,1,off_peak,54,148,349.22232202210625,349.22232202210625,349.22232202210625,349.22232202210625,349.22232202210625,0.0,0.0,0,0.1612210035091266,0,0,
0.3,1,off_peak,92,186,639.019682179211,639.019682179211,639.019682179211,633.1065722829006,633.1065722829006,0.9253408089317803,0.9253408089317803,0,0.23740000324323773,0,0,
0.3,1,off_peak,130,17,339.05155803974947,347.21023455104324,339.05155803974947,339.05155803974947,339.05155803974947,0.0,0.0,0,0.20018500072183087,0,0,
0.3,1,off_peak,162,8,423.3809384332039,423.3809384332039,423.3809384332039,423.3809384332039,423.3809384332039,0.0,0.0,0,0.25126899708993733,0,0,
0.3,1,off_peak,140,21,309.4903906178253,309.4903906178253,309.4903906178253,309.4903906178253,309.4903906178253,0.0,0.0,0,0.13700000272365287,0,0,
0.3,1,off_peak,164,35,418.271034309131,418.271034309131,418.271034309131,418.271034309131,418.271034309131,0.0,0.0,0,0.1776349963620305,0,0,
0.3,1,off_peak,92,71,481.9858112974302,481.9858112974302,481.9858112974302,474.4650845676067,474.4650845676067,1.5603626815442684,1.5603626815442684,0,0.20715299615403637,0,0,
0.3,1,off_peak,75,171,293.8167254997655,293.8167254997655,293.8167254997655,293.8167254997655,293.8167254997655,0.0,0.0,0,0.17605500033823773,0,0,
0.3,1,off_peak,2,185,471.28702815932553,472.6763637455561,471.28702815932553,471.28702815932553,471.28702815932553,0.0,0.0,0,0.25100800121435896,0,0,
0.3,1,off_peak,50,136,426.36326931278825,426.36326931278825,426.36326931278825,426.52369291841796,426.52369291841796,-0.037626037976556316,-0.037626037976556316,0,0.32818500039866194,0,0,
0.3,1,off_peak,127,189,401.56693723015354,408.3487885513023,401.56693723015354,401.40115080557877,401.40115080557877,0.041284879108400646,0.041284879108400646,0,0.4052340009366162,0,0,
0.3,1,off_peak,128,106,347.032016838342,347.2775029407385,347.032016838342,347.0465524757748,347.0465524757748,-0.004188558037159847,-0.004188558037159847,0,0.5306110033416189,0,0,
0.3,1,off_peak,37,34,333.8882973087119,333.8882973087119,333.8882973087119,333.8882973087119,333.8882973087119,0.0,0.0,0,0.2323400040040724,0,0,
0.3,1,off_peak,200,205,382.0432067363669,382.0432067363669,382.0432067363669,382.0432067363669,382.0432067363669,0.0,0.0,0,0.16335200052708387,0,0,
0.3,1,off_peak,31,184,461.1938322313979,445.4808768760509,461.1938322313979,470.3615449883243,456.94050448021784,0.92224298200198,0.92224298200198,1,0.6747705047018826,0,0,
0.3,1,off_peak,18,154,408.3236150090297,407.91820376030375,408.3236150090297,408.29854806931417,408.29854806931417,0.0061389884871069925,0.0061389884871069925,0,1.036405999911949,0,0,
0.3,1,off_peak,69,136,377.4654542208881,379.23209367649577,377.4654542208881,352.4497965550448,377.4654542208881,0.0,0.0,1,0.14041649774299003,0,0,
0.3,1,off_peak,183,19,345.16483405613366,344.3942420089652,345.16483405613366,344.7919008207511,344.7919008207511,0.1080449682547648,0.1080449682547648,0,0.37527600215980783,0,0,
0.3,1,off_peak,152,154,363.5690920158476,363.1636807671216,363.5690920158476,363.26455591335997,363.26455591335997,0.08376292407011628,0.08376292407011628,0,0.8559699999750592,0,0,
0.3,1,off_peak,184,31,271.99881707356485,271.99881707356485,271.99881707356485,271.99881707356485,271.99881707356485,0.0,0.0,0,0.2373730021645315,0,0,
0.3,1,off_peak,76,124,415.992176200207,454.87557886637353,415.992176200207,415.992176200207,415.992176200207,0.0,0.0,0,0.21339300292311236,0,0,
0.3,1,off_peak,89,29,553.8465862352083,597.3846664715791,553.8465862352083,553.8465862352083,553.8465862352083,0.0,0.0,0,0.5340330026228912,0,0,
0.3,1,off_peak,158,120,378.93291325323196,378.93291325323196,378.93291325323196,378.93291325323196,378.93291325323196,0.0,0.0,0,0.1389860044582747,0,0,
0.3,1,off_peak,5,148,386.42605843026644,386.42605843026644,386.42605843026644,386.42605843026644,386.42605843026644,0.0,0.0,0,0.2162849996238947,0,0,
0.3,1,off_peak,89,25,359.19726279689945,359.19726279689945,359.19726279689945,359.19726279689945,359.19726279689945,0.0,0.0,0,0.17641400336287916,0,0,
0.3,1,off_peak,16,82,449.0777574123882,445.76123787031446,449.0777574123882,449.0777574123882,449.0777574123882,0.0,0.0,0,0.20731599943246692,0,0,
0.3,1,off_peak,64,197,454.9258290149419,454.9258290149419,454.9258290149419,454.9258290149419,454.9258290149419,0.0,0.0,0,0.33049500052584335,0,0,
0.3,1,incident,18,160,903.9604553038578,904.5400079261291,774.4788118494015,715.1449023548437,744.0766725751647,17.68703285531994,3.9254965802923127,0,0.740411996957846,13,4,True
0.3,1,incident,135,90,886.5235153710478,819.7189153108536,858.0270583360393,884.2743297628429,837.7070300730384,5.506507661850079,2.3682269767118203,1,0.6657369995082263,12,4,True
0.3,1,incident,89,177,1451.102574167268,692.0318431754347,1243.279230638516,1191.567631307055,1270.8953451315992,12.418641675905143,-2.2212318691192356,1,0.9281865022785496,13,5,True
0.3,1,incident,152,157,560.5996503324727,495.35217575928147,560.5996503324727,565.2498985668618,559.7877174386722,0.14483292904642397,0.14483292904642397,0,0.8226419959100895,11,3,True
0.3,1,incident,14,200,938.9499935861722,823.1080134069279,907.8382351302903,924.8453108940797,907.8382351302903,3.313462768880318,0.0,1,0.36766750054084696,17,7,True
0.3,1,incident,92,184,528.056418924877,528.056418924877,495.58609003961374,486.9391123578624,520.1549135973848,1.4963373314502288,-4.95752888379237,0,0.15443500160472468,8,1,True
0.3,1,incident,75,200,925.258962884298,809.9115857025065,894.147204428416,800.4607338469968,802.5422115663038,13.2629627207772,10.24495658079821,1,0.23715799761703238,14,4,True
0.3,1,incident,187,76,571.3897398864935,571.3897398864935,571.3897398864935,571.3897398864935,571.3897398864935,0.0,0.0,0,0.23841299844207242,9,0,False
0.3,1,incident,33,172,1009.5900067507246,825.8897872947159,814.8798338035597,800.4659522223249,667.705234735598,33.86372386108023,18.06089597051442,1,0.1998904990614392,10,0,False
0.3,1,incident,130,144,609.3695769233575,609.3695769233575,609.3695769233575,609.3695769233575,609.3695769233575,0.0,0.0,0,0.22522299695992842,8,4,True
0.3,1,incident,90,166,574.1250240162409,432.0532243764505,520.4514510288557,407.59459033751347,407.59459033751347,29.005952834763843,21.684416571082828,1,0.17596600082470104,9,2,True
0.3,1,incident,131,28,1478.7903035813413,751.0695089654641,1211.7951613642708,1187.1310861543998,1304.8828765301232,11.760114103402506,-7.681802843729116,0,0.7872139976825565,13,5,True
0.3,1,incident,50,23,639.9412769534861,643.4308988890448,576.0763591188696,576.7982081137108,640.695074021028,-0.1177915997434045,-11.217039873150684,0,0.876499994774349,13,3,True
0.3,1,incident,16,158,906.1173416924552,880.9306104358501,743.3181809188063,742.8763503455957,815.0645548441013,10.048675006957108,-9.652175308911476,1,0.21200700211920775,12,4,True
0.3,1,incident,189,60,722.6633070149845,722.6633070149845,722.6633070149845,722.6633070149845,722.6633070149845,0.0,0.0,0,0.18485300097381696,11,2,True
0.3,1,incident,104,162,599.6724383254203,573.1716132056451,574.4208486450021,569.2752715126591,573.1716132056451,4.419216796719637,0.21747738479614867,0,0.22612299653701484,9,3,True
0.3,1,incident,86,168,1125.5256190163955,1067.2255815262486,1038.7829381322172,1009.6150597142512,1057.9460769353377,6.004265113051445,-1.844768343767449,0,0.6220310024218634,10,2,True
0.3,1,incident,66,34,1274.8251987311348,1194.6752556764454,1155.1644060587664,1155.1644060587664,1155.1644060587664,9.386447082429008,0.0,1,0.23755900110700168,11,1,True
0.3,1,incident,148,33,1334.8101988800327,1083.1019942454861,1320.0086860863146,1330.3778467280197,1345.1793595217378,-0.7768265968004513,-1.906856651833977,0,0.4368209993117489,8,2,True
0.3,1,incident,34,78,1297.9456724468353,1266.336745963411,1182.7695744573725,1159.5769217967504,1286.5017459809674,0.8816953366233162,-8.770277301999824,1,0.6310624994512182,13,2,True
0.3,1,incident,125,74,565.8181556695869,532.3445796678345,528.0463897927494,511.9144517745025,539.9815523005386,4.566237952982141,-2.260248860421821,0,0.7821990002412349,10,4,True
0.3,1,incident,198,18,637.235707590874,637.235707590874,569.6580768191542,569.3753945926954,637.235707590874,0.0,-11.862840802514107,0,0.45225900248624384,10,4,True
0.3,1,incident,158,200,811.5610213373265,811.5610213373265,780.3116689415289,780.3116689415289,811.5610213373265,0.0,-4.004727039156862,0,0.30761600646656007,12,4,True
0.3,1,incident,54,148,836.8482658863,845.1750068545882,784.8084626611595,759.6565279244917,862.2362950809659,-3.03376731835341,-9.865825370595648,0,0.19812599930446595,9,1,True
0.3,1,incident,92,186,1390.9429626857025,1059.4346549914371,1346.740547164098,1355.7931836162163,1187.2255584950578,14.645992657908621,11.844522614614906,1,0.2653285009728279,17,2,True
0.3,1,incident,130,17,572.7013497853112,513.1466251419657,516.1609488714486,500.34620945784906,542.731859071048,5.233005077689773,-5.147795519536098,0,0.25758300034794956,8,3,True
0.3,1,incident,162,8,1147.7978111093355,1122.4766669456671,1147.7978111093355,904.8402321946506,927.738786692342,19.17228124039621,19.17228124039621,0,0.5903769997530617,11,0,False
0.3,1,incident,140,21,800.5567211207739,777.8046036965989,767.9295662041317,767.9295662041317,767.9295662041317,4.0755581779345285,0.0,1,0.23792899810359813,10,2,True
0.3,1,incident,164,35,644.8937601608347,646.1500847594451,599.6190278374361,599.6190278374361,646.1500847594451,-0.19481109544261255,-7.760103459329208,0,0.2128670021193102,11,3,True
0.3,1,incident,92,71,695.4838216018379,695.4838216018379,695.4838216018379,694.7300245342961,695.4838216018379,0.0,0.0,0,0.20548899919958785,11,1,True
0.3,1,incident,75,171,492.27775690252673,492.27775690252673,492.27775690252673,489.0268152721025,492.27775690252673,0.0,0.0,0,0.26045199774671346,8,3,True
0.3,1,incident,2,185,752.1174237886041,737.1836362433068,737.1836362433068,737.1836362433068,752.1174237886041,0.0,-2.0257893435345458,0,0.2528099939809181,13,2,True
0.3,1,incident,50,136,651.5667666568345,627.5724251161697,599.3124917283376,599.8359764082829,652.0464165663764,-0.07361485178302495,-8.799069861861405,0,0.4958159988746047,12,3,True
0.3,1,incident,127,189,651.9586492407495,581.3371079468527,544.3413680594571,539.0913279334379,581.3371079468527,10.832211732468071,-6.796422623414264,0,0.9248429996659979,11,3,True
0.3,1,incident,128,106,754.2085048738044,677.6559836495209,709.7146265605228,709.2799025302859,754.2085048738044,0.0,-6.269263257108208,0,0.5827479981235228,10,5,True
0.3,1,incident,37,34,500.416255344855,450.0075224692539,450.0075224692539,453.6643278321136,450.0075224692539,10.073360394910159,0.0,0,0.3038079958059825,10,2,True
0.3,1,incident,200,205,598.9465786224499,598.9465786224499,598.9465786224499,598.9465786224499,598.9465786224499,0.0,0.0,0,0.1896780013339594,10,1,True
0.3,1,incident,31,184,503.8796714405785,691.9783293445462,503.8796714405785,542.2786052335827,503.8796714405785,0.0,0.0,0,1.7818959968280979,9,1,True
0.3,1,incident,18,154,675.560583547447,647.5635928902046,649.8045762601827,649.8045762601827,649.8045762601827,3.812538492405304,0.0,0,1.049031998263672,13,3,True
0.3,1,incident,69,136,736.6057018191032,516.5709518120298,747.2707210959635,652.5202892772189,736.6057018191032,0.0,1.4271961921937455,0,0.3400450004846789,11,4,True
0.3,1,incident,183,19,511.8847850509354,507.73878340382123,501.2031885136977,501.2031885136977,501.2031885136977,2.086718896357675,0.0,1,0.3484285043668933,10,4,True
0.3,1,incident,152,154,944.7522270391715,637.3379613920756,944.7522270391715,945.1532111616649,778.1602250066024,17.633406650404414,17.633406650404414,0,0.8309850018122233,13,4,True
0.3,1,incident,184,31,414.4089128150856,414.4089128150856,414.4089128150856,414.4089128150856,414.4089128150856,0.0,0.0,0,0.17450900486437604,8,2,True
0.3,1,incident,76,124,663.4511397841542,649.2981901089695,663.4511397841542,663.4511397841542,663.4511397841542,0.0,0.0,0,0.35625500458991155,11,3,True
0.3,1,incident,89,29,1179.4864212783368,1221.4589169502183,1132.552115120772,1175.8049071655653,1169.989216266635,0.8051983338145394,-3.3055521813113864,0,0.4507830017246306,13,5,True
0.3,1,incident,158,120,815.5363483232142,645.9547394212759,834.1963440109167,803.3077728073234,798.8692819928385,2.0436938665755364,4.234861765063777,1,0.7707935001235455,11,2,True
0.3,1,incident,5,148,1192.9638379225378,1128.1099416126867,1119.4060005433744,1128.1099416126867,1119.4060005433744,6.16597377396277,0.0,0,0.2829079967341386,11,2,True
0.3,1,incident,89,25,901.2028890057254,758.4300326205025,883.9480557639298,903.4403494508994,918.2418622446173,-1.8906922566227662,-3.8796178414635425,0,0.844722002511844,9,3,True
0.3,1,incident,16,82,1116.77828996756,768.843510246638,1110.6290658219027,1041.517230146475,1110.6290658219027,0.550621748371919,0.0,2,0.3044393354988036,13,4,True
0.3,1,incident,64,197,1210.6677083454279,1061.8757631097694,1181.3712367343257,1058.510738147048,1016.58077699708,16.03139573397881,13.949083455999606,0,0.5589569991570897,16,5,True
0.3,2,peak_hour,18,160,526.4891188904414,537.9533382778095,526.4891188904414,537.3438661319523,537.9533382778095,-2.177484581548151,-2.177484581548151,0,1.3483560032909736,0,0,
0.3,2,peak_hour,135,90,438.581478240187,442.5850397085107,438.581478240187,441.62113862536665,438.581478240187,0.0,0.0,0,0.9276670025428757,0,0,
0.3,2,peak_hour,89,177,729.7835227779108,729.7835227779108,729.7835227779108,729.7835227779108,729.7835227779108,0.0,0.0,0,0.2530530036892742,0,0,
0.3,2,peak_hour,152,157,400.1155481869939,400.1155481869939,400.1155481869939,400.1155481869939,400.1155481869939,0.0,0.0,0,0.6929699957254343,0,0,
0.3,2,peak_hour,14,200,623.5323769169412,630.7390765353629,623.5323769169412,607.1382906518976,607.1382906518976,2.629227746938216,2.629227746938216,0,0.3405579991522245,0,0,
0.3,2,peak_hour,92,184,360.8510023074765,361.3884024770587,360.8510023074765,360.8510023074765,360.8510023074765,0.0,0.0,0,0.15480299771297723,0,0,
0.3,2,peak_hour,75,200,601.7519479274109,601.7519479274109,601.7519479274109,601.7519479274109,601.7519479274109,0.0,0.0,0,0.3138009997201152,0,0,
0.3,2,peak_hour,187,76,515.2451742228629,569.3635308341114,515.2451742228629,493.4756778378541,493.4756778378541,4.22507526011155,4.22507526011155,0,0.28019800083711743,0,0,
0.3,2,peak_hour,33,172,499.9273359036648,485.86685156946714,499.9273359036648,485.86685156946714,485.86685156946714,2.812505603195721,2.812505603195721,0,0.21001599816372618,0,0,
0.3,2,peak_hour,130,144,722.071969906513,703.1104573736568,722.071969906513,677.1034162688846,677.1034162688846,6.227710742386311,6.227710742386311,1,0.1814339993870817,0,0,
0.3,2,peak_hour,90,166,745.8975955598817,807.9403747742389,745.8975955598817,745.8975955598817,745.8975955598817,0.0,0.0,0,0.21769500017398968,0,0,
0.3,2,peak_hour,131,28,720.3538656282028,694.4301093869859,720.3538656282028,720.3538656282028,994.7848028080396,-38.09668418181005,-38.09668418181005,0,1.0599720044410788,0,0,
0.3,2,peak_hour,50,23,503.81755587459276,470.98531325772456,503.81755587459276,503.81755587459276,503.81755587459276,0.0,0.0,0,0.6709720037179068,0,0,
0.3,2,peak_hour,16,158,558.6720166402487,559.8741586809602,558.6720166402487,558.6720166402487,558.6720166402487,0.0,0.0,0,0.20903500262647867,0,0,
0.3,2,peak_hour,189,60,526.115221596592,531.9936554763992,526.115221596592,531.9936554763992,539.4532107261981,-2.535184039938915,-2.535184039938915,1,0.13254149598651566,0,0,
0.3,2,peak_hour,104,162,703.1991137577922,703.1991137577922,703.1991137577922,658.178434547249,658.178434547249,6.402266204512028,6.402266204512028,0,0.26204599998891354,0,0,
0.3,2,peak_hour,86,168,505.24198894506924,488.1946205949128,505.24198894506924,593.9257360229923,593.9257360229923,-17.55272701366174,-17.55272701366174,0,0.5338240007404238,0,0,
0.3,2,peak_hour,66,34,427.90294693064345,427.90294693064345,427.90294693064345,427.90294693064345,427.90294693064345,0.0,0.0,0,0.26917999639408663,0,0,
0.3,2,peak_hour,148,33,621.5740981636383,621.5740981636383,621.5740981636383,621.353865011794,621.353865011794,0.03543152015099914,0.03543152015099914,0,0.19528499979060143,0,0,
0.3,2,peak_hour,34,78,627.1482444703956,637.6476073554717,627.1482444703956,637.6476073554717,635.706625328044,-1.3646503730350992,-1.3646503730350992,0,0.2783090021694079,0,0,
0.3,2,peak_hour,125,74,687.7863631941021,695.3962325465985,687.7863631941021,661.0756476156768,661.0756476156768,3.883577373412865,3.883577373412865,0,0.5286619998514652,0,0,
0.3,2,peak_hour,198,18,414.2985331676018,413.8958857361446,414.2985331676018,414.2985331676018,414.2985331676018,0.0,0.0,0,0.4751190062961541,0,0,
0.3,2,peak_hour,158,200,609.63857258191,609.63857258191,609.63857258191,609.63857258191,609.63857258191,0.0,0.0,0,0.1997500003199093,0,0,
0.3,2,peak_hour,54,148,618.4766452887958,618.4766452887958,618.4766452887958,618.4766452887958,618.4766452887958,0.0,0.0,0,0.19059499754803255,0,0,
0.3,2,peak_hour,92,186,759.0275769415736,728.7362368848501,759.0275769415736,726.6931274281244,757.5762555390198,0.19120799383886508,0.19120799383886508,0,0.3316250003990717,0,0,
0.3,2,peak_hour,130,17,612.315415753098,706.8384096250273,612.315415753098,650.8328778133132,612.315415753098,0.0,0.0,0,0.24575000134063885,0,0,
0.3,2,peak_hour,162,8,433.1316088160379,420.8883428701667,433.1316088160379,434.12510442660744,434.12510442660744,-0.22937499603994552,-0.22937499603994552,0,0.2593930039438419,0,0,
0.3,2,peak_hour,140,21,330.045587826276,330.045587826276,330.045587826276,330.045587826276,330.045587826276,0.0,0.0,0,0.15373399946838617,0,0,
0.3,2,peak_hour,164,35,523.8800562381613,523.8800562381613,523.8800562381613,523.8800562381613,523.8800562381613,0.0,0.0,0,0.23543899442302063,0,0,
0.3,2,peak_hour,92,71,463.0798421809935,463.0798421809935,463.0798421809935,463.0798421809935,463.0798421809935,0.0,0.0,0,0.18518899742048234,0,0,
0.3,2,peak_hour,75,171,386.4423597114434,386.4423597114434,386.4423597114434,386.4423597114434,386.4423597114434,0.0,0.0,0,0.2020739993895404,0,0,
0.3,2,peak_hour,2,185,490.89281460867204,490.89281460867204,490.89281460867204,490.89281460867204,490.89281460867204,0.0,0.0,0,0.31997699989005923,0,0,
0.3,2,peak_hour,50,136,493.067992602269,486.63718843189287,493.067992602269,489.8854769042123,486.63718843189287,1.3042428766134693,1.3042428766134693,0,0.7417050001095049,0,0,
0.3,2,peak_hour,127,189,569.1362901788763,571.2220980390347,569.1362901788763,568.9586078619083,568.9586078619083,0.0312196428226635,0.0312196428226635,0,0.43413999810582027,0,0,
0.3,2,peak_hour,128,106,642.073510855376,558.2790007010715,642.073510855376,609.9465494118326,609.9465494118326,5.003626672083624,5.003626672083624,0,0.6978719975450076,0,0,
0.3,2,peak_hour,37,34,366.52197298826155,366.52197298826155,366.52197298826155,366.52197298826155,366.52197298826155,0.0,0.0,0,0.2067540044663474,0,0,
0.3,2,peak_hour,200,205,404.6834679539757,404.6834679539757,404.6834679539757,404.6834679539757,404.6834679539757,0.0,0.0,0,0.18374199862591922,0,0,
0.3,2,peak_hour,31,184,442.1658708245966,713.6588789870275,442.1658708245966,439.6588769593497,439.6588769593497,0.5669804095398853,0.5669804095398853,0,1.8866910031647421,0,0,
0.3,2,peak_hour,18,154,559.0410450080021,580.1513405304358,559.0410450080021,555.0932719071634,555.0932719071634,0.7061687395032368,0.7061687395032368,0,1.0484410013305023,0,0,
0.3,2,peak_hour,69,136,877.3282929854425,867.8136812627528,877.3282929854425,877.3282929854425,877.3282929854425,0.0,0.0,0,0.25643399567343295,0,0,
0.3,2,peak_hour,183,19,369.8822310687618,368.72636789653654,369.8822310687618,369.8822310687618,369.8822310687618,0.0,0.0,0,0.3266509957029484,0,0,
0.3,2,peak_hour,152,154,373.9127960482809,375.29096354636897,373.9127960482809,372.42061131358946,375.0367986900343,-0.30060555659835503,-0.30060555659835503,1,0.40230500235338695,0,0,
0.3,2,peak_hour,184,31,326.01137368692,326.01137368692,326.01137368692,326.01137368692,326.01137368692,0.0,0.0,0,0.2594239995232783,0,0,
0.3,2,peak_hour,76,124,949.7001227256357,911.3347231937352,949.7001227256357,864.0383636696182,864.0383636696182,9.019874485239459,9.019874485239459,0,0.26178299594903365,0,0,
0.3,2,peak_hour,89,29,835.9958971846396,955.6814453767975,835.9958971846396,878.4280715752061,878.7530794336309,-5.114520584728163,-5.114520584728163,0,1.8110780001734383,0,0,
0.3,2,peak_hour,158,120,617.2372122365447,617.2372122365447,617.2372122365447,617.2372122365447,617.2372122365447,0.0,0.0,0,1.0080510037369095,0,0,
0.3,2,peak_hour,5,148,423.5918247555575,439.22068422097703,423.5918247555575,455.2838969281818,455.2838969281818,-7.4817478337578445,-7.4817478337578445,0,0.23611199867445976,0,0,
0.3,2,peak_hour,89,25,597.0293013858269,597.0293013858269,597.0293013858269,582.1631129192385,582.1631129192385,2.4900266087578804,2.4900266087578804,0,1.3937379990238696,0,0,
0.3,2,peak_hour,16,82,540.5543571930707,599.2062073212351,540.5543571930707,544.4557492109251,544.4557492109251,-0.7217390750697297,-0.7217390750697297,0,0.27552200481295586,0,0,
0.3,2,peak_hour,64,197,520.1530954015503,518.0824960114384,520.1530954015503,520.5963629996672,520.6206691314935,-0.08989155963442323,-0.08989155963442323,0,0.28247600130271167,0,0,
0.3,2,off_peak,18,160,458.9807841497707,459.23361863723557,458.9807841497707,459.30470575454103,459.30470575454103,-0.07057411028009528,-0.07057411028009528,1,0.7478469997295178,0,0,
0.3,2,off_peak,135,90,372.61305045070566,386.0078024917517,372.61305045070566,372.61305045070566,372.61305045070566,0.0,0.0,0,0.2927229943452403,0,0,
0.3,2,off_peak,89,177,451.0020131980052,451.0020131980052,451.0020131980052,451.0020131980052,450.53693273129204,0.10312159438387895,0.10312159438387895,0,0.18671699945116416,0,0,
0.3,2,off_peak,152,157,379.0588727613947,379.0588727613947,379.0588727613947,379.0588727613947,379.0588727613947,0.0,0.0,0,0.658435994409956,0,0,
0.3,2,off_peak,14,200,485.9278997276883,485.9278997276883,485.9278997276883,485.9278997276883,485.9278997276883,0.0,0.0,0,0.24142999609466642,0,0,
0.3,2,off_peak,92,184,346.8313905418299,346.1567129895652,346.8313905418299,346.05646714206273,346.05646714206273,0.22342943023598277,0.22342943023598277,0,0.16705300367902964,0,0,
0.3,2,off_peak,75,200,449.1201459538004,445.6398364965783,449.1201459538004,449.1201459538004,449.1201459538004,0.0,0.0,0,0.27563199546420947,0,0,
0.3,2,off_peak,187,76,325.2609179415583,324.9579813709309,325.2609179415583,326.3526299748729,326.3526299748729,-0.3356419333203591,-0.3356419333203591,0,0.21724099497077987,0,0,
0.3,2,off_peak,33,172,393.19758630923315,393.19758630923315,393.19758630923315,393.19758630923315,393.19758630923315,0.0,0.0,0,0.21282299712765962,0,0,
0.3,2,off_peak,130,144,334.6940279477832,334.6940279477832,334.6940279477832,334.6940279477832,334.6940279477832,0.0,0.0,0,0.18305300181964412,0,0,
0.3,2,off_peak,90,166,422.50829722546564,420.6915952638841,422.50829722546564,422.50829722546564,422.50829722546564,0.0,0.0,0,0.20826900436077267,0,0,
0.3,2,off_peak,131,28,425.1736068851584,425.57051126052176,425.1736068851584,424.5272991409437,425.57051126052176,-0.09335113208722025,-0.09335113208722025,0,0.22127100237412378,0,0,
0.3,2,off_peak,50,23,412.4216297219744,412.0003314292453,412.4216297219744,412.4216297219744,412.4216297219744,0.0,0.0,0,0.7047039980534464,0,0,
0.3,2,off_peak,16,158,446.28287230990526,446.28287230990526,446.28287230990526,446.28287230990526,446.28287230990526,0.0,0.0,0,0.2082919963868335,0,0,
0.3,2,off_peak,189,60,645.347422113689,645.347422113689,645.347422113689,463.88370111515593,463.88370111515593,28.11876437100963,28.11876437100963,0,0.19689499458763748,0,0,
0.3,2,off_peak,104,162,385.35264326780435,385.35264326780435,385.35264326780435,385.134239939415,385.35264326780435,0.0,0.0,0,0.3020040021510795,0,0,
0.3,2,off_peak,86,168,375.7970102156827,375.7970102156827,375.7970102156827,375.7970102156827,375.7970102156827,0.0,0.0,0,0.21240899513941258,0,0,
0.3,2,off_peak,66,34,420.31699432864616,420.31699432864616,420.31699432864616,420.31699432864616,420.31699432864616,0.0,0.0,0,0.3830229979939759,0,0,
0.3,2,off_peak,148,33,369.8155093822752,369.8155093822752,369.8155093822752,369.8155093822752,369.8155093822752,0.0,0.0,0,0.24119100271491334,0,0,
0.3,2,off_peak,34,78,465.48313135020254,466.50446179068564,465.48313135020254,465.48313135020254,465.48313135020254,0.0,0.0,0,0.23963199782883748,0,0,
0.3,2,off_peak,125,74,350.4630730854521,349.92069874498503,350.4630730854521,350.6138166149316,350.6138166149316,-0.04301267125016887,-0.04301267125016887,0,0.6535220018122345,0,0,
0.3,2,off_peak,198,18,406.47744379783586,406.260030557112,406.47744379783586,406.260030557112,406.260030557112,0.05348715999897344,0.05348715999897344,0,0.4218079993734136,0,0,
0.3,2,off_peak,158,200,486.4215610844868,486.4215610844868,486.4215610844868,486.4215610844868,486.4215610844868,0.0,0.0,0,0.28643100085901096,0,0,
0.3,2,off_peak,54,148,349.22232202210625,349.22232202210625,349.22232202210625,349.22232202210625,349.22232202210625,0.0,0.0,0,0.21839799592271447,0,0,
0.3,2,off_peak,92,186,639.019682179211,633.1065722829006,639.019682179211,639.019682179211,639.019682179211,0.0,0.0,0,0.24594099522801116,0,0,
0.3,2,off_peak,130,17,339.05155803974947,376.54889138793305,339.05155803974947,339.05155803974947,339.05155803974947,0.0,0.0,0,0.23671700182603672,0,0,
0.3,2,off_peak,162,8,423.45735877872175,423.45735877872175,423.45735877872175,423.3809384332039,423.45735877872175,0.0,0.0,0,0.2708489992073737,0,0,
0.3,2,off_peak,140,21,309.4903906178253,309.4903906178253,309.4903906178253,309.4903906178253,309.4903906178253,0.0,0.0,0,0.15820100088603795,0,0,
0.3,2,off_peak,164,35,415.51948601452324,415.51948601452324,415.51948601452324,418.271034309131,418.271034309131,-0.6621947675665858,-0.6621947675665858,0,0.2033400014624931,0,0,
0.3,2,off_peak,92,71,481.9858112974302,474.4650845676067,481.9858112974302,481.9858112974302,481.9858112974302,0.0,0.0,0,0.20062599651282653,0,0,
0.3,2,off_peak,75,171,293.8167254997655,290.66071199867446,293.8167254997655,290.66071199867446,290.66071199867446,1.0741435824399803,1.0741435824399803,0,0.20016599592054263,0,0,
0.3,2,off_peak,2,185,471.78320433918856,471.78320433918856,471.78320433918856,471.78320433918856,471.28702815932553,0.1051703781100062,0.1051703781100062,0,0.3476860001683235,0,0,
0.3,2,off_peak,50,136,423.0393713187002,422.1911504267588,423.0393713187002,423.0393713187002,423.0393713187002,0.0,0.0,0,0.555967002583202,0,0,
0.3,2,off_peak,127,189,407.19541097240653,408.1330318989261,407.19541097240653,402.1789981847602,402.1789981847602,1.2319423678343666,1.2319423678343666,0,0.6795910012442619,0,0,
0.3,2,off_peak,128,106,378.24836174181,335.90145776350334,378.24836174181,377.5222767987131,377.5222767987131,0.1919598381744026,0.1919598381744026,0,0.6098070007283241,0,0,
0.3,2,off_peak,37,34,333.8882973087119,333.8882973087119,333.8882973087119,333.8882973087119,333.8882973087119,0.0,0.0,0,0.21439600095618516,0,0,
0.3,2,off_peak,200,205,382.0432067363669,382.0432067363669,382.0432067363669,382.0432067363669,382.0432067363669,0.0,0.0,0,0.2029329989454709,0,0,
0.3,2,off_peak,31,184,483.2503998248512,490.5191700258279,483.2503998248512,481.84816867353356,483.80272694351896,-0.11429418762363677,-0.11429418762363677,0,4.0475019995938055,0,0,
0.3,2,off_peak,18,154,429.9482112692061,405.08245568217626,429.9482112692061,408.1515993798197,408.1515993798197,5.069590085057661,5.069590085057661,0,1.0886559975915588,0,0,
0.3,2,off_peak,69,136,379.8913245907071,379.8913245907071,379.8913245907071,379.8913245907071,379.8913245907071,0.0,0.0,0,0.3180599960614927,0,0,
0.3,2,off_peak,183,19,353.6363021123546,351.3060674471566,353.6363021123546,350.17266320852497,350.17266320852497,0.9794353360049536,0.9794353360049536,0,0.37424699985422194,0,0,
0.3,2,off_peak,152,154,384.91421911325193,360.04846352622206,384.91421911325193,360.32793268899405,360.32793268899405,6.38747159845086,6.38747159845086,0,0.820401000964921,0,0,
0.3,2,off_peak,184,31,271.99881707356485,271.99881707356485,271.99881707356485,271.99881707356485,271.99881707356485,0.0,0.0,0,0.21895700047025457,0,0,
0.3,2,off_peak,76,124,490.53377592038146,490.53377592038146,490.53377592038146,490.53377592038146,490.53377592038146,0.0,0.0,0,0.2738859984674491,0,0,
0.3,2,off_peak,89,29,609.6672530271236,624.5231822523527,609.6672530271236,632.734495012471,624.3946497839697,-2.4156450397690823,-2.4156450397690823,0,0.7561110032838769,0,0,
0.3,2,off_peak,158,120,378.93291325323196,378.93291325323196,378.93291325323196,378.93291325323196,378.93291325323196,0.0,0.0,0,0.2067039968096651,0,0,
0.3,2,off_peak,5,148,386.42605843026644,386.42605843026644,386.42605843026644,386.42605843026644,386.42605843026644,0.0,0.0,0,0.2123950034729205,0,0,
0.3,2,off_peak,89,25,359.19726279689945,359.19726279689945,359.19726279689945,359.19726279689945,359.19726279689945,0.0,0.0,0,0.19198700465494767,0,0,
0.3,2,off_peak,16,82,431.3457447357479,431.3457447357479,431.3457447357479,431.3457447357479,431.3457447357479,0.0,0.0,0,0.36273099976824597,0,0,
0.3,2,off_peak,64,197,453.370305471036,454.77354555761036,453.370305471036,453.370305471036,453.370305471036,0.0,0.0,0,0.3049420047318563,0,0,
0.3,2,incident,18,160,902.1245047556359,882.6781604139736,875.3535503847254,770.3970523548385,732.5484384532967,18.79741270837924,16.313992428392456,0,1.2379979962133802,14,5,True
0.3,2,incident,135,90,979.0213992747761,974.9501431637777,949.3031527433532,940.4112346428803,949.0877800479111,3.0575040799964843,0.02268745182396786,1,0.716463997378014,10,4,True
0.3,2,incident,89,177,1049.0776866904262,931.949995138372,1035.2035186609128,825.601848601686,1049.0776866904262,0.0,-1.3402357873995936,1,0.18714099860517308,11,1,True
0.3,2,incident,152,157,550.1924794018068,550.1924794018068,550.1924794018068,525.2645884861784,550.1924794018068,0.0,0.0,0,0.6678409990854561,9,3,True
0.3,2,incident,14,200,999.2793755958205,880.1378742911279,985.4052075663071,985.4052075663071,999.2793755958205,0.0,-1.4079657711347953,0,0.3034510009456426,15,3,True
0.3,2,incident,92,184,527.0360186611005,519.1345133336083,492.1143593543137,492.1143593543137,492.1143593543137,6.626047949341846,0.0,1,0.24343149925698526,9,4,True
0.3,2,incident,75,200,1000.3987362406702,809.2832543381809,972.7826217475872,936.437132321344,938.518610040651,6.185546218556248,3.522268073146858,0,0.18400399858364835,12,1,True
0.3,2,incident,187,76,565.2015541099468,565.2015541099468,520.5213101589401,520.5213101589401,565.2015541099468,0.0,-8.583749229664326,0,0.27772499743150547,8,3,True
0.3,2,incident,33,172,805.6851205739691,884.8711434854758,737.960458358906,737.960458358906,737.960458358906,8.405847456487244,0.0,1,0.24668650439707562,10,3,True
0.3,2,incident,130,144,609.3695769233575,609.3695769233575,609.3695769233575,609.3695769233575,609.3695769233575,0.0,0.0,0,0.18636599997989833,8,2,True
0.3,2,incident,90,166,593.378092883267,544.4424081883614,637.1238466268977,637.1238466268977,637.1238466268977,-7.3723236951783955,0.0,1,0.21866000315640122,8,1,True
0.3,2,incident,131,28,958.3864505275974,813.5997603010474,928.3392701885139,928.3392701885139,958.3864505275974,0.0,-3.23665940933232,1,0.21754300178145058,11,2,True
0.3,2,incident,50,23,642.0313978106508,641.2776007431089,604.4210875430285,603.6672904754867,641.2776007431089,0.11740813145780034,-6.097820535994547,0,0.6627399998251349,11,4,True
0.3,2,incident,16,158,791.1265165087312,842.9173919075208,741.3974744566556,741.3974744566556,741.3974744566556,6.285852011576057,0.0,1,0.18865200399886817,9,3,True
0.3,2,incident,189,60,722.6633070149845,722.6633070149845,722.6633070149845,722.6633070149845,722.6633070149845,0.0,0.0,0,0.16437899466836825,11,5,True
0.3,2,incident,104,162,606.372123286096,599.7508869561192,599.7508869561192,599.7508869561192,599.7508869561192,1.091942732145157,0.0,0,0.23235100525198504,10,1,True
0.3,2,incident,86,168,1107.9134453695888,1014.2556667268241,852.0314477110849,809.2425363684068,807.9836832275669,27.071587893038735,5.1697345915868285,1,0.14419750004890375,10,3,True
0.3,2,incident,66,34,1036.1448079139632,1106.8673276492925,938.2575881457268,941.3846046522201,938.2575881457268,9.447252837690664,0.0,2,0.313296002180626,13,5,True
0.3,2,incident,148,33,1386.8286374531963,1083.1019942454861,1380.9887828470467,1397.2878194860875,1386.8286374531963,0.0,-0.422874876225293,0,0.22941700444789603,9,2,True
0.3,2,incident,34,78,1293.1586839533081,1073.6185082080176,1083.3971502125387,1135.6605142745466,1063.846251942238,17.732737277844382,1.804591997169754,0,0.22127800184534863,13,2,True
0.3,2,incident,125,74,544.5466634532917,528.4465694321927,490.66773180610437,468.8879380860186,537.3677141847386,1.3183350023719052,-9.5176387912724,0,0.4226119999657385,9,3,True
0.3,2,incident,198,18,635.7284068663384,635.7284068663384,635.7284068663384,637.0007004873861,635.7284068663384,0.0,0.0,0,0.40105899824993685,11,2,True
0.3,2,incident,158,200,811.5610213373265,811.5610213373265,811.5610213373265,811.5610213373265,811.5610213373265,0.0,0.0,0,0.1805279971449636,12,2,True
0.3,2,incident,54,148,1175.0505591076503,1175.0505591076503,1175.0505591076503,1175.0505591076503,1175.0505591076503,0.0,0.0,0,0.17763300274964422,9,3,True
0.3,2,incident,92,186,1168.914185890809,1092.5175862816445,993.2805318459448,999.4081749859627,1114.7851909019232,4.630707338677306,-12.23266289435576,0,0.2891180047299713,18,5,True
0.3,2,incident,130,17,573.8450493016858,552.876051680841,552.876051680841,552.876051680841,552.876051680841,3.654121900391411,0.0,0,0.27748700085794553,8,1,True
0.3,2,incident,162,8,992.3530943784975,952.119097318096,1018.8033261396201,949.5553277204546,915.7498740793875,7.7193511798424925,10.115146801759641,0,0.2827060015988536,13,5,True
0.3,2,incident,140,21,845.7654912801086,874.7304890489111,705.6461564011676,705.7828894711408,845.7654912801086,0.0,-19.856883454670392,0,0.18290300067747012,9,1,True
0.3,2,incident,164,35,646.1500847594451,621.5447543583632,621.5447543583632,621.5447543583632,621.5447543583632,3.80798996726004,0.0,0,0.20607600163202733,10,0,False
0.3,2,incident,92,71,694.7300245342961,694.7300245342961,663.2232461161938,663.2232461161938,663.2232461161938,4.535111094302073,0.0,1,0.24100849623209797,12,4,True
0.3,2,incident,75,171,492.27775690252673,489.0268152721025,492.27775690252673,489.0268152721025,489.0268152721025,0.6603876744055133,0.6603876744055133,0,0.16022099589463323,8,2,True
0.3,2,incident,2,185,783.9021209134438,783.9021209134438,739.2218769624371,739.2218769624371,783.9021209134438,0.0,-6.0442264147543705,0,0.24258899793494493,12,4,True
0.3,2,incident,50,136,638.4715632048279,617.405667639452,593.7454285534429,593.7454285534429,638.4715632048279,0.0,-7.532880675873567,0,0.8485739963361993,12,4,True
0.3,2,incident,127,189,663.309636800464,649.6188903675347,608.6286384041978,597.183225893277,663.309636800464,0.0,-8.984295996921505,0,0.5369979990064166,12,3,True
0.3,2,incident,128,106,736.5526072424393,678.7892436133667,720.6104731203299,721.1671956581755,736.2069130727094,0.046934077258122445,-2.1643371188938056,0,0.5473240016726777,12,3,True
0.3,2,incident,37,34,536.6591168048853,506.7460763310718,536.6591168048853,506.7460763310718,508.74672455231007,5.201140049340382,5.201140049340382,0,0.21854599617654458,10,3,True
0.3,2,incident,200,205,598.9465786224499,598.9465786224499,567.4398002043476,567.4398002043476,567.4398002043476,5.260365371911204,0.0,1,0.23945899738464504,10,5,True
0.3,2,incident,31,184,592.5546835277061,714.3252185292995,508.5042004660868,518.5499933827258,494.9989650155179,16.463580699658202,2.6558749049054446,0,2.0452269964152947,10,1,True
0.3,2,incident,18,154,661.3423257473178,661.3423257473178,577.5207414527101,579.3455820874505,577.5207414527101,12.674462382229828,0.0,1,1.0621649998938665,12,6,True
0.3,2,incident,69,136,653.8231952414225,653.8231952414225,653.8231952414225,653.8231952414225,653.8231952414225,0.0,0.0,0,0.30098400020506233,10,3,True
0.3,2,incident,183,19,548.6582747034031,541.8074599595794,492.0444484239683,440.4084942009603,548.6582747034031,0.0,-11.505835796089244,0,0.29707200155826285,12,4,True
0.3,2,incident,152,154,700.7074281101476,536.8963799971306,584.1666413922339,536.8963799971306,700.7074281101476,0.0,-19.949921556657884,0,0.7056539980112575,10,3,True
0.3,2,incident,184,31,445.9405703947755,445.9405703947755,445.9405703947755,445.9405703947755,445.9405703947755,0.0,0.0,0,0.21910000214120373,8,2,True
0.3,2,incident,76,124,685.2608213340075,685.2608213340075,685.2608213340075,685.2608213340075,685.2608213340075,0.0,0.0,0,0.22502700448967516,9,2,True
0.3,2,incident,89,29,1161.2776110157163,1187.133541296582,1161.2776110157163,1167.6783557506399,1161.2776110157163,0.0,0.0,0,0.8063229979597963,14,1,True
0.3,2,incident,158,120,883.0229575214393,724.9018907030302,840.3209228433872,840.3209228433872,747.5870411886824,15.3377570967025,11.035531680077877,0,0.21228300465736538,9,1,True
0.3,2,incident,5,148,1081.643630720086,1037.884200142758,1041.8622208852416,1085.2460975757917,1041.8622208852416,3.6778666008841236,0.0,1,0.2516485037631355,10,3,True
0.3,2,incident,89,25,951.1038396300272,895.9303570347062,834.7810549459113,834.7810549459113,914.4045853094108,3.8585959588694525,-9.53825316132248,0,1.1979119954048656,9,1,True
0.3,2,incident,16,82,897.1288287950722,814.2973078690786,772.8181411780179,803.306229231483,772.8181411780179,13.856503506192661,0.0,2,0.2472399986193826,11,4,True
0.3,2,incident,64,197,1055.7469689635539,1094.0753747148406,1070.8947050634333,1084.4666421135944,1202.4955316404191,-13.89997480370993,-12.288867052451302,0,0.23070400493452325,14,6,True
0.2,0,peak_hour,18,160,506.6909265142647,539.0698362215779,506.6909265142647,506.6909265142647,506.6909265142647,0.0,0.0,0,2.133243004209362,0,0,
0.2,0,peak_hour,135,90,441.1198057268021,441.1198057268021,441.1198057268021,441.1198057268021,441.1198057268021,0.0,0.0,0,0.2832509999279864,0,0,
0.2,0,peak_hour,89,177,498.8371067916548,698.0729183313426,498.8371067916548,498.8371067916548,498.8371067916548,0.0,0.0,0,1.1743809955078177,0,0,
0.2,0,peak_hour,152,157,430.86455593491786,398.00859743312446,430.86455593491786,424.8604063585399,424.8604063585399,1.393512066303479,1.393512066303479,0,1.0842699994100258,0,0,
0.2,0,peak_hour,14,200,667.5857305564498,630.6968060275057,667.5857305564498,619.5821468621834,619.5821468621834,7.190624589032803,7.190624589032803,0,0.2808189965435304,0,0,
0.2,0,peak_hour,92,184,359.98087063379404,361.3884024770587,359.98087063379404,359.01221843962117,359.98087063379404,0.0,0.0,0,0.38006599788786843,0,0,
0.2,0,peak_hour,75,200,601.7519479274109,601.7519479274109,601.7519479274109,634.646490089127,634.646490089127,-5.466462098712503,-5.466462098712503,0,0.19335199613124132,0,0,
0.2,0,peak_hour,187,76,427.1359788858354,533.4763106988225,427.1359788858354,482.12604545327827,446.84508245506555,-4.6142457071025555,-4.6142457071025555,0,0.4583710033330135,0,0,
0.2,0,peak_hour,33,172,539.6556898066096,585.8545456793933,539.6556898066096,585.8545456793933,585.8545456793933,-8.560802145779169,-8.560802145779169,0,0.1986089991987683,0,0,
0.2,0,peak_hour,130,144,721.507908729667,703.1104573736568,721.507908729667,657.2932115661039,657.2932115661039,8.900068368844853,8.900068368844853,0,0.22483000066131353,0,0,
0.2,0,peak_hour,90,166,755.256752470324,807.9403747742389,755.256752470324,810.6223726788835,652.7038304360761,13.57855083040485,13.57855083040485,1,2.019447500060778,0,0,
0.2,0,peak_hour,131,28,749.0738445178075,694.4301093869859,749.0738445178075,641.1937334102404,641.1937334102404,14.401799221412078,14.401799221412078,0,0.8334369995282032,0,0,
0.2,0,peak_hour,50,23,510.4402755759447,485.35158834244197,510.4402755759447,510.4402755759447,545.5182322611347,-6.872098140298684,-6.872098140298684,0,0.9531899995636195,0,0,
0.2,0,peak_hour,16,158,538.653595670849,559.8741586809602,538.653595670849,538.653595670849,538.653595670849,0.0,0.0,0,0.18028599879471585,0,0,
0.2,0,peak_hour,189,60,531.9936554763992,531.9936554763992,531.9936554763992,531.9936554763992,531.9936554763992,0.0,0.0,0,0.1394200007780455,0,0,
0.2,0,peak_hour,104,162,621.352805053817,688.6458073807886,621.352805053817,621.6617335694659,621.6617335694659,-0.04971869654989571,-0.04971869654989571,0,0.95725499704713,0,0,
0.2,0,peak_hour,86,168,473.25824966346664,488.1946205949128,473.25824966346664,604.8159191998776,604.8159191998776,-27.798283417132495,-27.798283417132495,0,0.29319599707378075,0,0,
0.2,0,peak_hour,66,34,427.90294693064345,427.90294693064345,427.90294693064345,427.90294693064345,427.90294693064345,0.0,0.0,0,0.21934200049145147,0,0,
0.2,0,peak_hour,148,33,752.9020558759106,621.5740981636383,752.9020558759106,756.0474706571288,752.9020558759106,0.0,0.0,0,0.22383300529327244,0,0,
0.2,0,peak_hour,34,78,673.2178137596114,630.8143994196109,673.2178137596114,630.8143994196109,630.8143994196109,6.2986173974210455,6.2986173974210455,0,0.2927020032075234,0,0,
0.2,0,peak_hour,125,74,669.482314084004,688.4625833098792,669.482314084004,667.6948254428949,667.6948254428949,0.26699564775729595,0.26699564775729595,1,0.34312599746044725,0,0,
0.2,0,peak_hour,198,18,594.4176057781125,413.8958857361446,594.4176057781125,531.9217880387797,531.9217880387797,10.513789822480724,10.513789822480724,0,0.6703890030621551,0,0,
0.2,0,peak_hour,158,200,609.63857258191,609.63857258191,609.63857258191,609.63857258191,609.63857258191,0.0,0.0,0,0.34514399885665625,0,0,
0.2,0,peak_hour,54,148,573.3700409477401,618.4766452887958,573.3700409477401,650.5598429051576,650.5598429051576,-13.462475616938088,-13.462475616938088,0,0.26997099485015497,0,0,
0.2,0,peak_hour,92,186,728.7362368848501,728.7362368848501,728.7362368848501,732.5971855395027,699.1269935910068,4.063094682983624,4.063094682983624,1,0.15800349865457974,0,0,
0.2,0,peak_hour,130,17,602.0470879844182,660.0039447668563,602.0470879844182,600.7655308862355,668.0007118729401,-10.954894592934037,-10.954894592934037,0,0.5638660004478879,0,0,
0.2,0,peak_hour,162,8,434.90360748803874,422.61453934291404,434.90360748803874,433.06706096853134,431.455683803464,0.7928018129096712,0.7928018129096712,1,0.2479169997968711,0,0,
0.2,0,peak_hour,140,21,330.045587826276,330.045587826276,330.045587826276,330.045587826276,330.045587826276,0.0,0.0,0,0.15433299995493144,0,0,
0.2,0,peak_hour,164,35,523.8800562381613,523.8800562381613,523.8800562381613,523.8800562381613,523.8800562381613,0.0,0.0,0,0.2045620058197528,0,0,
0.2,0,peak_hour,92,71,463.0798421809935,463.0798421809935,463.0798421809935,463.0798421809935,463.0798421809935,0.0,0.0,0,0.2036399964708835,0,0,
0.2,0,peak_hour,75,171,386.4423597114434,386.4423597114434,386.4423597114434,386.4423597114434,386.4423597114434,0.0,0.0,0,0.1701199944363907,0,0,
0.2,0,peak_hour,2,185,496.8148911574846,496.8148911574846,496.8148911574846,489.461014553426,495.44942403545525,0.27484424205725644,0.27484424205725644,0,0.41789399983827025,0,0,
0.2,0,peak_hour,50,136,505.93395885118684,486.1991579773598,505.93395885118684,494.6396182487347,494.6396182487347,2.232374483835396,2.232374483835396,1,0.5588624990195967,0,0,
0.2,0,peak_hour,127,189,556.5475205346415,556.6895180404127,556.5475205346415,556.5475205346415,556.5475205346415,0.0,0.0,0,0.36981399898650125,0,0,
0.2,0,peak_hour,128,106,325.401113830064,639.2842865354507,325.401113830064,325.401113830064,325.401113830064,0.0,0.0,0,0.40444699698127806,0,0,
0.2,0,peak_hour,37,34,376.4499068269971,366.52197298826155,376.4499068269971,403.61256494560655,403.61256494560655,-7.215477444942609,-7.215477444942609,0,0.2604370019980706,0,0,
0.2,0,peak_hour,200,205,404.6834679539757,404.6834679539757,404.6834679539757,404.6834679539757,404.6834679539757,0.0,0.0,0,0.18649200501386076,0,0,
0.2,0,peak_hour,31,184,395.14844199774666,433.1984932717153,395.14844199774666,401.87305569984153,400.2489647452922,-1.2907865008296364,-1.2907865008296364,0,1.8051890001515858,0,0,
0.2,0,peak_hour,18,154,600.1776166326048,560.6287912320702,600.1776166326048,600.1776166326048,600.1776166326048,0.0,0.0,0,1.143522997153923,0,0,
0.2,0,peak_hour,69,136,778.0815770136226,867.8136812627528,778.0815770136226,783.164192614478,833.2284190101223,-7.087539870582771,-7.087539870582771,0,0.4895130041404627,0,0,
0.2,0,peak_hour,183,19,377.4871089695962,378.775888066512,377.4871089695962,392.19405037851425,392.19405037851425,-3.896011561576952,-3.896011561576952,0,0.3853070011246018,0,0,
0.2,0,peak_hour,152,154,392.3385691753414,388.24558434312377,392.3385691753414,392.3385691753414,392.3385691753414,0.0,0.0,0,0.7826009968994185,0,0,
0.2,0,peak_hour,184,31,315.30296335176445,326.01137368692,315.30296335176445,319.14578327207283,319.14578327207283,-1.2187706323651595,-1.2187706323651595,0,0.2172819949919358,0,0,
0.2,0,peak_hour,76,124,838.2450141843121,911.3347231937352,838.2450141843121,839.3333618346702,833.3143742558955,0.5882098724099927,0.5882098724099927,0,0.21772099717054516,0,0,
0.2,0,peak_hour,89,29,759.8944389952898,890.0641743566176,759.8944389952898,749.0090207039675,909.143825671916,-19.64080522473088,-19.64080522473088,0,2.432221001072321,0,0,
0.2,0,peak_hour,158,120,701.7709025913981,617.2372122365447,701.7709025913981,596.294199802762,596.294199802762,15.03007639660564,15.03007639660564,0,0.6003489979775622,0,0,
0.2,0,peak_hour,5,148,450.16425458909663,439.22068422097703,450.16425458909663,449.14965014009795,449.14965014009795,0.2253853873681726,0.2253853873681726,1,0.255391001701355,0,0,
0.2,0,peak_hour,89,25,693.4776823197606,597.0293013858269,693.4776823197606,571.0534502733761,571.0534502733761,17.653665744059946,17.653665744059946,0,0.9774739955901168,0,0,
0.2,0,peak_hour,16,82,602.07833502967,558.7141120642804,602.07833502967,622.2543305101321,596.2150202063075,0.9738458406867609,0.9738458406867609,0,0.4338629951234907,0,0,
0.2,0,peak_hour,64,197,526.3909432148018,518.0824960114384,526.3909432148018,526.3909432148018,526.3909432148018,0.0,0.0,0,0.23439399956259876,0,0,
0.2,0,off_peak,18,160,459.992340049757,469.70412600595847,459.992340049757,458.99997725320947,458.24445301466795,0.37998176989207444,0.37998176989207444,0,1.616512003238313,0,0,
0.2,0,off_peak,135,90,372.61305045070566,372.61305045070566,372.61305045070566,372.61305045070566,372.61305045070566,0.0,0.0,0,0.22702699789078906,0,0,
0.2,0,off_peak,89,177,440.9501915615443,450.53693273129204,440.9501915615443,451.0020131980052,440.9501915615443,0.0,0.0,0,0.14047899458091706,0,0,
0.2,0,off_peak,152,157,379.0588727613947,378.06742268119376,379.0588727613947,377.01888305401224,377.01888305401224,0.5381722613485869,0.5381722613485869,0,0.8428850051132031,0,0,
0.2,0,off_peak,14,200,486.1354666910935,486.1354666910935,486.1354666910935,486.1354666910935,486.1354666910935,0.0,0.0,0,0.23376399622065946,0,0,
0.2,0,off_peak,92,184,346.1567129895652,346.1567129895652,346.1567129895652,346.1567129895652,346.1567129895652,0.0,0.0,0,0.14792800357099622,0,0,
0.2,0,off_peak,75,200,449.1201459538004,445.6398364965783,449.1201459538004,449.1201459538004,449.1201459538004,0.0,0.0,0,0.15524899936281145,0,0,
0.2,0,off_peak,187,76,325.2609179415583,325.2609179415583,325.2609179415583,328.84373507331446,328.84373507331446,-1.1015209433799518,-1.1015209433799518,0,0.22244900173973292,0,0,
0.2,0,off_peak,33,172,393.19758630923315,400.6025574699102,393.19758630923315,393.19758630923315,393.19758630923315,0.0,0.0,0,0.20134099759161472,0,0,
0.2,0,off_peak,130,144,334.6940279477832,334.6940279477832,334.6940279477832,334.6940279477832,334.6940279477832,0.0,0.0,0,0.17026800196617842,0,0,
0.2,0,off_peak,90,166,422.50829722546564,420.6915952638841,422.50829722546564,420.6915952638841,420.6915952638841,0.4299801858357555,0.4299801858357555,0,0.19207400328014046,0,0,
0.2,0,off_peak,131,28,425.57051126052176,425.57051126052176,425.57051126052176,424.2812430621394,424.2812430621394,0.30295054856211096,0.30295054856211096,1,0.1540120028948877,0,0,
0.2,0,off_peak,50,23,411.2572649114212,411.2572649114212,411.2572649114212,410.3079987791501,410.3079987791501,0.23082051388819488,0.23082051388819488,0,1.0943939996650442,0,0,
0.2,0,off_peak,16,158,449.5674304679016,446.28287230990526,449.5674304679016,449.5674304679016,449.5674304679016,0.0,0.0,0,0.18912200175691396,0,0,
0.2,0,off_peak,189,60,645.347422113689,645.347422113689,645.347422113689,645.347422113689,645.347422113689,0.0,0.0,0,0.14968799951020628,0,0,
0.2,0,off_peak,104,162,385.134239939415,385.134239939415,385.134239939415,385.134239939415,385.134239939415,0.0,0.0,0,0.21260200446704403,0,0,
0.2,0,off_peak,86,168,375.7970102156827,375.7970102156827,375.7970102156827,375.7970102156827,375.7970102156827,0.0,0.0,0,0.16211199545068666,0,0,
0.2,0,off_peak,66,34,420.31699432864616,420.31699432864616,420.31699432864616,420.31699432864616,420.31699432864616,0.0,0.0,0,0.19671199697768316,0,0,
0.2,0,off_peak,148,33,369.8155093822752,369.8155093822752,369.8155093822752,369.8155093822752,369.8155093822752,0.0,0.0,0,0.168423997820355,0,0,
0.2,0,off_peak,34,78,462.64311534962616,464.6736824357183,462.64311534962616,462.17628171616974,462.64311534962616,0.0,0.0,1,0.16351049634977244,0,0,
0.2,0,off_peak,125,74,349.30016436888343,349.0492709202988,349.30016436888343,348.3604051337984,348.3604051337984,0.26904059343430153,0.26904059343430153,0,0.47931200242601335,0,0,
0.2,0,off_peak,198,18,406.260030557112,406.260030557112,406.260030557112,406.47744379783586,406.47744379783586,-0.053515784072024744,-0.053515784072024744,0,0.4236799941281788,0,0,
0.2,0,off_peak,158,200,486.4215610844868,486.4215610844868,486.4215610844868,486.4215610844868,486.4215610844868,0.0,0.0,0,0.17171100626001135,0,0,
0.2,0,off_peak,54,148,349.22232202210625,349.22232202210625,349.22232202210625,349.22232202210625,349.22232202210625,0.0,0.0,0,0.1888980041258037,0,0,
0.2,0,off_peak,92,186,633.1065722829006,633.1065722829006,633.1065722829006,633.1065722829006,633.1065722829006,0.0,0.0,0,0.2400049997959286,0,0,
0.2,0,off_peak,130,17,365.6345396650195,399.8087043185319,365.6345396650195,399.93959771157915,399.93959771157915,-9.382335180365803,-9.382335180365803,0,0.3183640001225285,0,0,
0.2,0,off_peak,162,8,422.5011317610823,422.5011317610823,422.5011317610823,421.63449673232185,422.5011317610823,0.0,0.0,0,0.2240310059278272,0,0,
0.2,0,off_peak,140,21,309.4903906178253,309.4903906178253,309.4903906178253,309.4903906178253,309.4903906178253,0.0,0.0,0,0.15545399946859106,0,0,
0.2,0,off_peak,164,35,415.51948601452324,415.51948601452324,415.51948601452324,415.51948601452324,415.51948601452324,0.0,0.0,0,0.21035399549873546,0,0,
0.2,0,off_peak,92,71,474.4650845676067,474.4650845676067,474.4650845676067,474.4650845676067,474.4650845676067,0.0,0.0,0,0.21133200061740354,0,0,
0.2,0,off_peak,75,171,293.8167254997655,290.66071199867446,293.8167254997655,290.66071199867446,290.66071199867446,1.0741435824399803,1.0741435824399803,0,0.16580100054852664,0,0,
0.2,0,off_peak,2,185,470.7133111198459,470.7133111198459,470.7133111198459,469.6549636725006,469.6549636725006,0.22483907345374038,0.22483907345374038,0,0.25866700161714107,0,0,
0.2,0,off_peak,50,136,423.51540551705193,423.1089720339114,423.51540551705193,423.51540551705193,423.51540551705193,0.0,0.0,0,0.41324799531139433,0,0,
0.2,0,off_peak,127,189,403.7538144340065,410.43822032097484,403.7538144340065,403.7538144340065,403.7538144340065,0.0,0.0,0,0.458976996014826,0,0,
0.2,0,off_peak,128,106,376.3534662465305,376.11272606358085,376.3534662465305,382.68382443021676,382.68382443021676,-1.6820246793049474,-1.6820246793049474,0,0.5638820002786815,0,0,
0.2,0,off_peak,37,34,333.8882973087119,333.8882973087119,333.8882973087119,333.8882973087119,333.8882973087119,0.0,0.0,0,0.18917100533144549,0,0,
0.2,0,off_peak,200,205,382.0432067363669,382.0432067363669,382.0432067363669,382.0432067363669,382.0432067363669,0.0,0.0,0,0.19302799773868173,0,0,
0.2,0,off_peak,31,184,467.7121105118904,354.81442695098804,467.7121105118904,467.2600188098288,454.793713250271,2.7620403601439234,2.7620403601439234,1,1.4208225002221297,0,0,
0.2,0,off_peak,18,154,407.9241863019887,409.1289378282478,407.9241863019887,409.1289378282478,409.1289378282478,-0.29533711574709204,-0.29533711574709204,0,1.3651339977513999,0,0,
0.2,0,off_peak,69,136,379.8913245907071,379.8913245907071,379.8913245907071,379.8913245907071,379.8913245907071,0.0,0.0,0,0.2805740004987456,0,0,
0.2,0,off_peak,183,19,356.1628272711348,357.2163576301335,356.1628272711348,346.3613174469252,357.0405774050904,-0.2464463067863619,-0.2464463067863619,1,0.18807550441124476,0,0,
0.2,0,off_peak,152,154,365.2126418001157,364.37441483506564,365.2126418001157,365.2126418001157,365.2126418001157,0.0,0.0,0,0.694681002642028,0,0,
0.2,0,off_peak,184,31,271.99881707356485,271.99881707356485,271.99881707356485,271.99881707356485,271.99881707356485,0.0,0.0,0,0.2012900004046969,0,0,
0.2,0,off_peak,76,124,490.53377592038146,490.53377592038146,490.53377592038146,490.53377592038146,490.53377592038146,0.0,0.0,0,0.1678870030445978,0,0,
0.2,0,off_peak,89,29,576.3414629441143,552.8838280436005,576.3414629441143,548.7527949578208,548.7527949578208,4.7868615673359285,4.7868615673359285,0,0.7519969949498773,0,0,
0.2,0,off_peak,158,120,378.93291325323196,378.93291325323196,378.93291325323196,378.93291325323196,378.93291325323196,0.0,0.0,0,0.17425999976694584,0,0,
0.2,0,off_peak,5,148,386.42605843026644,386.42605843026644,386.42605843026644,386.42605843026644,386.42605843026644,0.0,0.0,0,0.1819540048018098,0,0,
0.2,0,off_peak,89,25,359.19726279689945,359.19726279689945,359.19726279689945,359.19726279689945,359.19726279689945,0.0,0.0,0,0.12895999680040404,0,0,
0.2,0,off_peak,16,82,446.7065756840289,436.27507932280474,446.7065756840289,433.71692646410725,433.71692646410725,2.9078706083587385,2.9078706083587385,0,0.21954199473839253,0,0,
0.2,0,off_peak,64,197,454.77354555761036,454.77354555761036,454.77354555761036,453.370305471036,454.77354555761036,0.0,0.0,1,0.15847350005060434,0,0,
0.2,0,incident,18,160,952.8832513963578,667.4131138548925,773.7150708216743,767.7700241660652,904.5828369953756,5.068870119209526,-16.914206677494544,0,0.8209969964809716,12,2,True
0.2,0,incident,135,90,994.2692278136153,994.4846005090574,994.2692278136153,980.7769082286302,968.1649542690698,2.625473344070851,2.625473344070851,1,0.1571555003465619,11,0,False
0.2,0,incident,89,177,1431.3999353066852,692.0318431754347,699.7657890321972,721.5941027247702,1328.8694588984824,7.162951029911499,-89.90203289823009,0,1.7416909977328032,17,6,True
0.2,0,incident,152,157,759.2997471660008,374.86868359187116,759.2997471660008,379.77766462253027,754.770895673241,0.596451073461205,0.596451073461205,0,1.110493998567108,14,1,True
0.2,0,incident,14,200,1129.1835029294828,825.117341500567,811.2136343987838,835.8950750634411,1129.1835029294828,0.0,-39.196810192466316,0,0.22902600176166743,13,5,True
0.2,0,incident,92,184,535.6067582638578,514.9800943942254,535.6067582638578,535.6067582638578,500.7054364672812,6.516221324336446,6.516221324336446,0,0.1378699962515384,10,3,True
0.2,0,incident,75,200,1019.8924159183082,777.0610585584822,731.2016299523807,773.4705881724396,1095.8473703884108,-7.447349669887779,-49.869382875934996,0,0.20456299534998834,12,4,True
0.2,0,incident,187,76,571.9004440838625,571.9004440838625,513.1861969822073,513.1861969822073,571.9004440838625,0.0,-11.441119704100462,0,0.2221489994553849,8,2,True
0.2,0,incident,33,172,996.0853569145029,996.0853569145029,996.0853569145029,975.3717075537346,975.3717075537346,2.0795054577382155,2.0795054577382155,0,0.21024599845986813,10,1,True
0.2,0,incident,130,144,609.3695769233575,609.3695769233575,609.3695769233575,609.3695769233575,609.3695769233575,0.0,0.0,0,0.18032200023299083,8,5,True
0.2,0,incident,90,166,570.595948040697,496.6337189128914,529.5473396882318,539.4934196864809,496.6337189128914,12.962277314056614,6.215425573607464,0,0.18824399739969522,10,3,True
0.2,0,incident,131,28,1038.1457238845185,781.2670211668185,717.5706117644328,725.6107000940095,1038.1457238845185,0.0,-44.6750615011705,0,0.7321470038732514,11,4,True
0.2,0,incident,50,23,639.7953991109752,639.7953991109752,583.6067499941892,583.6067499941892,583.6067499941892,8.782284023120935,0.0,1,0.8947659989644308,14,5,True
0.2,0,incident,16,158,924.9161409168588,924.9161409168588,924.9161409168588,924.9161409168588,924.9161409168588,0.0,0.0,0,0.1729279974824749,8,1,True
0.2,0,incident,189,60,722.6633070149845,722.6633070149845,722.6633070149845,722.6633070149845,722.6633070149845,0.0,0.0,0,0.16944600065471604,11,3,True
0.2,0,incident,104,162,605.4050286650571,605.4050286650571,580.1534389846388,541.556655061301,605.4050286650571,0.0,-4.35257088618015,0,0.23080699611455202,9,4,True
0.2,0,incident,86,168,1082.1811612751158,834.2611516632498,986.996934972768,743.5088041376509,723.8590222762484,33.11110485204367,26.660458951048287,0,0.15329199959523976,11,3,True
0.2,0,incident,66,34,1154.2976067011773,1158.6770555762432,1107.1274429353905,1107.1274429353905,1099.7165073937683,4.72851186648426,0.6693841426216595,0,0.2938369943876751,12,3,True
0.2,0,incident,148,33,1267.4078775470591,1285.2869817288001,970.9970526604147,868.9959344539478,1300.2904657285558,-2.5944756036342156,-33.912915818427756,1,0.16309000056935474,10,4,True
0.2,0,incident,34,78,1503.4036896995544,1009.0363247312878,1112.2926375362026,851.1332637975015,1007.2888892923656,32.99944012418475,9.440298775727475,1,0.7255999989865813,15,7,True
0.2,0,incident,125,74,551.5593394642179,545.4923241209707,551.5593394642179,551.5593394642179,551.5593394642179,0.0,0.0,0,0.45139400026528165,15,1,True
0.2,0,incident,198,18,635.7284068663384,635.7284068663384,604.6606468615655,604.6606468615655,635.7284068663384,0.0,-5.138048947955723,0,0.3696889980346896,11,2,True
0.2,0,incident,158,200,811.5610213373265,811.5610213373265,762.880400051916,762.880400051916,811.5610213373265,0.0,-6.3811603079719434,0,0.21574700076598674,12,5,True
0.2,0,incident,54,148,1107.0662798985386,1170.4501215352534,910.4431196241565,1039.317498190157,910.4431196241565,17.760739699560034,0.0,1,0.20753550415975042,11,1,True
0.2,0,incident,92,186,1276.3535917388224,1010.4743508353337,1193.2414232530393,1087.9905053286298,971.9252816773684,23.85140857767481,18.54747390283471,1,0.26254299882566556,17,5,True
0.2,0,incident,130,17,577.097133018635,548.1503312036107,584.781475637949,568.9667362243495,573.0596808424098,0.6996139722799192,2.0044743692935456,0,0.2846909992513247,11,6,True
0.2,0,incident,162,8,1023.4000878191051,967.2405443875733,1023.7129722737554,1012.3349266248681,988.0825358605387,3.45100145866014,3.4805103948305445,1,0.7546564993390348,14,2,True
0.2,0,incident,140,21,874.7304890489111,874.7304890489111,826.6944056659032,826.6944056659032,826.6944056659032,5.4915295607492975,0.0,1,0.10740950165200047,8,3,True
0.2,0,incident,164,35,644.8937601608347,644.8937601608347,613.8260001560618,482.292716909951,644.8937601608347,0.0,-5.061330083260424,0,0.20054399647051468,11,3,True
0.2,0,incident,92,71,694.7300245342961,694.7300245342961,694.7300245342961,694.7300245342961,694.7300245342961,0.0,0.0,0,0.20260200108168647,12,3,True
0.2,0,incident,75,171,492.27775690252673,489.0268152721025,492.27775690252673,492.27775690252673,489.0268152721025,0.6603876744055133,0.6603876744055133,0,0.24663800286361948,8,3,True
0.2,0,incident,2,185,752.1174237886041,719.2137631297885,690.8323484450807,690.8323484450807,741.9612190060838,1.3503482915421672,-7.401053334587394,0,0.315905999741517,13,3,True
0.2,0,incident,50,136,644.7529916665097,615.0749206462639,610.0484265563692,544.7695013215342,636.1319768307127,1.337103502771516,-4.275652413625773,0,0.652047005132772,14,5,True
0.2,0,incident,127,189,670.4293951443399,649.3029472679805,601.2877667768471,601.2877667768471,649.3029472679805,3.151181620222812,-7.985391212682531,0,0.559820000489708,13,1,True
0.2,0,incident,128,106,792.5266668321591,812.2952944828781,792.5266668321591,532.2463457415043,792.5266668321591,0.0,0.0,0,0.6067810027161613,12,3,True
0.2,0,incident,37,34,506.7460763310718,506.7460763310718,506.7460763310718,506.7460763310718,506.7460763310718,0.0,0.0,0,0.22643300326308236,9,2,True
0.2,0,incident,200,205,598.9465786224499,598.9465786224499,598.9465786224499,598.9465786224499,598.9465786224499,0.0,0.0,0,0.19917899771826342,10,2,True
0.2,0,incident,31,184,591.5448487902855,594.2724474611358,581.6807506833107,576.9462798367487,591.5448487902855,0.0,-1.6957924248631655,0,1.693764999799896,9,4,True
0.2,0,incident,18,154,683.0791436807608,650.2374961434648,621.7054563145381,621.7054563145381,621.7054563145381,8.984857455244734,0.0,0,1.167501999589149,13,1,True
0.2,0,incident,69,136,713.5838584332887,713.5838584332887,713.5838584332887,564.9191543313889,713.5838584332887,0.0,0.0,0,0.27260200295131654,10,1,True
0.2,0,incident,183,19,554.2071219103342,551.2818452322514,546.4670078392764,543.5417311611936,546.4670078392764,1.3966103583039173,0.0,0,0.31684099667472765,11,0,False
0.2,0,incident,152,154,982.2400223011882,809.1868668456557,922.4734909763914,968.2980450694979,983.794947567756,-0.15830400220558452,-6.647503390743398,0,0.7898520052549429,12,2,True
0.2,0,incident,184,31,445.9405703947755,445.9405703947755,445.9405703947755,445.9405703947755,445.9405703947755,0.0,0.0,0,0.20042399410158396,8,0,False
0.2,0,incident,76,124,685.2608213340075,685.2608213340075,567.4143866137019,567.4143866137019,567.4143866137019,17.197311016685894,0.0,1,0.15137749869609252,9,4,True
0.2,0,incident,89,29,1152.6048388844158,1228.7917033736846,1089.4092150132203,621.40036812765,638.7096920006649,44.58554480659133,41.371003365992834,1,1.6111785007524304,18,6,True
0.2,0,incident,158,120,984.6562118916606,692.5691515688013,686.9534076536256,659.4769267471457,686.9534076536256,30.23418738872391,0.0,1,0.7165719980548602,10,4,True
0.2,0,incident,5,148,1138.2611930556432,1073.491138861792,1007.5799841681377,1085.765439379648,1120.7904765926846,1.5348600628348479,-11.235881439031761,1,0.49022550228983164,13,2,True
0.2,0,incident,89,25,882.2607678031662,882.2607678031662,792.6031120897213,718.3263003235897,717.5226916305862,18.672265863388514,9.472637605621227,1,0.49305100401397794,8,4,True
0.2,0,incident,16,82,996.5117321381748,930.0580212080105,592.2446273114149,779.5726995381763,684.9673300024147,31.26349566073768,-15.656149235482077,0,0.3489219961920753,9,2,True
0.2,0,incident,64,197,1233.4669717168424,1085.4246087255544,1038.0216783812461,1126.9334805713443,1077.9137207348874,12.611059278339894,-3.843083741358017,1,0.2951360002043657,13,3,True
0.2,1,peak_hour,18,160,536.054696923596,536.054696923596,536.054696923596,539.8975619191563,539.8975619191563,-0.7168792695249878,-0.7168792695249878,0,1.0959799983538687,0,0,
0.2,1,peak_hour,135,90,442.5850397085107,442.5850397085107,442.5850397085107,442.5850397085107,442.5850397085107,0.0,0.0,0,0.39136999839683995,0,0,
0.2,1,peak_hour,89,177,933.8288272528059,729.7835227779108,933.8288272528059,904.7013928303189,839.9361854397861,10.05458806505673,10.05458806505673,0,0.8562189977965318,0,0,
0.2,1,peak_hour,152,157,400.44253826431975,398.2050029322493,400.44253826431975,401.72765205263806,401.72765205263806,-0.3209233948742101,-0.3209233948742101,0,0.9940390009433031,0,0,
0.2,1,peak_hour,14,200,620.7717304455869,632.3742222752097,620.7717304455869,630.7390765353629,630.7390765353629,-1.605637886026399,-1.605637886026399,0,0.28423000185284764,0,0,
0.2,1,peak_hour,92,184,363.10190800185524,363.10190800185524,363.10190800185524,361.3884024770587,361.3884024770587,0.471907606937654,0.471907606937654,0,0.1317549977102317,0,0,
0.2,1,peak_hour,75,200,634.646490089127,634.646490089127,634.646490089127,634.646490089127,634.646490089127,0.0,0.0,0,0.19803699979092926,0,0,
0.2,1,peak_hour,187,76,547.2820652729373,588.4678245449779,547.2820652729373,585.0389549619368,585.0389549619368,-6.898981728949886,-6.898981728949886,1,0.26201199943898246,0,0,
0.2,1,peak_hour,33,172,484.27781650182624,485.86685156946714,484.27781650182624,485.86685156946714,485.86685156946714,-0.32812468659400484,-0.32812468659400484,0,0.2010789976338856,0,0,
0.2,1,peak_hour,130,144,703.1104573736568,703.1104573736568,703.1104573736568,703.1104573736568,703.1104573736568,0.0,0.0,0,0.1509140056441538,0,0,
0.2,1,peak_hour,90,166,768.2539752626577,808.2258144637906,768.2539752626577,758.0533144885435,808.2258144637906,-5.202945964251851,-5.202945964251851,2,0.1535599997926814,0,0,
0.2,1,peak_hour,131,28,993.9869556805586,720.3538656282028,993.9869556805586,993.0614438712349,993.0614438712349,0.09311106187404548,0.09311106187404548,0,1.4413780008908361,0,0,
0.2,1,peak_hour,50,23,472.12281595687074,484.49366092320923,472.12281595687074,484.18165475246883,484.18165475246883,-2.554174123349228,-2.554174123349228,0,0.8138260018313304,0,0,
0.2,1,peak_hour,16,158,565.3354239836015,559.8741586809602,565.3354239836015,565.3354239836015,565.3354239836015,0.0,0.0,0,0.21507200290216133,0,0,
0.2,1,peak_hour,189,60,618.5727286497721,531.9936554763992,618.5727286497721,531.9936554763992,531.9936554763992,13.996587493011322,13.996587493011322,0,0.16832000255817547,0,0,
0.2,1,peak_hour,104,162,611.2321225398856,688.6458073807886,611.2321225398856,611.2321225398856,611.2321225398856,0.0,0.0,0,0.24458799452986568,0,0,
0.2,1,peak_hour,86,168,627.4072686878095,488.1946205949128,627.4072686878095,603.888153603589,603.888153603589,3.7486201161503203,3.7486201161503203,0,0.28824200126109645,0,0,
0.2,1,peak_hour,66,34,427.90294693064345,427.90294693064345,427.90294693064345,427.90294693064345,427.90294693064345,0.0,0.0,0,0.24735100305406377,0,0,
0.2,1,peak_hour,148,33,621.353865011794,621.5740981636383,621.353865011794,657.2893709188006,657.2893709188006,-5.783420355214897,-5.783420355214897,0,0.2164069956052117,0,0,
0.2,1,peak_hour,34,78,622.863562055547,637.6476073554717,622.863562055547,672.6026220704985,672.6026220704985,-7.985546602020632,-7.985546602020632,0,0.21961900347378105,0,0,
0.2,1,peak_hour,125,74,683.3659274715288,694.5396496213233,683.3659274715288,694.5396496213233,694.5396496213233,-1.6351008589406135,-1.6351008589406135,0,0.34620999940671027,0,0,
0.2,1,peak_hour,198,18,589.4954106768822,413.89816394586967,589.4954106768822,666.9565605211815,662.075829685167,-12.312295853999114,-12.312295853999114,0,0.5620140000246465,0,0,
0.2,1,peak_hour,158,200,609.63857258191,609.63857258191,609.63857258191,609.63857258191,609.63857258191,0.0,0.0,0,0.18481699953554198,0,0,
0.2,1,peak_hour,54,148,573.3700409477401,618.4766452887958,573.3700409477401,726.0827700366785,629.7356036489505,-9.83057339515718,-9.83057339515718,0,0.6037450002622791,0,0,
0.2,1,peak_hour,92,186,728.9666780664161,728.7362368848501,728.9666780664161,755.8641684090501,723.529718895601,0.7458446777343207,0.7458446777343207,0,0.3988530006608926,0,0,
0.2,1,peak_hour,130,17,751.8176787391442,751.8176787391442,751.8176787391442,751.8176787391442,751.8176787391442,0.0,0.0,0,0.199194997549057,0,0,
0.2,1,peak_hour,162,8,462.4441626646769,420.8883428701667,462.4441626646769,417.4404191855919,417.4404191855919,9.731714034353095,9.731714034353095,0,0.24230300186900422,0,0,
0.2,1,peak_hour,140,21,330.045587826276,330.045587826276,330.045587826276,330.045587826276,330.045587826276,0.0,0.0,0,0.15926099877106026,0,0,
0.2,1,peak_hour,164,35,523.8800562381613,523.8800562381613,523.8800562381613,523.8800562381613,523.8800562381613,0.0,0.0,0,0.22209100279724225,0,0,
0.2,1,peak_hour,92,71,463.0798421809935,463.0798421809935,463.0798421809935,463.0798421809935,463.0798421809935,0.0,0.0,0,0.19660599355120212,0,0,
0.2,1,peak_hour,75,171,432.70284886484103,432.70284886484103,432.70284886484103,432.70284886484103,432.70284886484103,0.0,0.0,0,0.14998099504737183,0,0,
0.2,1,peak_hour,2,185,496.4559960642076,490.89281460867204,496.4559960642076,496.4559960642076,496.8812240907013,-0.08565271239844244,-0.08565271239844244,0,0.4327019996708259,0,0,
0.2,1,peak_hour,50,136,485.6361590592408,485.6361590592408,485.6361590592408,489.2080044536813,489.2080044536813,-0.7354982383024737,-0.7354982383024737,0,0.3517059958539903,0,0,
0.2,1,peak_hour,127,189,618.8415731506093,617.6341215760611,618.8415731506093,618.8415731506093,618.8415731506093,0.0,0.0,0,0.49260399828199297,0,0,
0.2,1,peak_hour,128,106,573.2303142390367,573.2303142390367,573.2303142390367,575.5143557789246,575.5143557789246,-0.398450933796121,-0.398450933796121,0,0.539623993972782,0,0,
0.2,1,peak_hour,37,34,366.52197298826155,366.52197298826155,366.52197298826155,366.52197298826155,366.52197298826155,0.0,0.0,0,0.22973500017542392,0,0,
0.2,1,peak_hour,200,205,404.6834679539757,404.6834679539757,404.6834679539757,404.6834679539757,404.6834679539757,0.0,0.0,0,0.18582099437480792,0,0,
0.2,1,peak_hour,31,184,671.0391749485308,655.2175614178568,671.0391749485308,442.1658708245966,694.6845508209716,-3.5236953005395586,-3.5236953005395586,0,1.632874998904299,0,0,
0.2,1,peak_hour,18,154,740.1351451708896,555.734505930295,740.1351451708896,746.4230425091594,746.4230425091594,-0.8495607024333323,-0.8495607024333323,0,0.769718004448805,0,0,
0.2,1,peak_hour,69,136,780.9836655685255,866.4231470231219,780.9836655685255,825.4475237981101,825.4475237981101,-5.693314750343296,-5.693314750343296,0,0.2374280011281371,0,0,
0.2,1,peak_hour,183,19,365.7586526744292,365.7586526744292,365.7586526744292,366.77777505566837,366.77777505566837,-0.2786324735689388,-0.2786324735689388,0,0.29469100263668224,0,0,
0.2,1,peak_hour,152,154,385.01223825468736,386.39096996992134,385.01223825468736,385.01223825468736,385.01223825468736,0.0,0.0,0,0.7227530004456639,0,0,
0.2,1,peak_hour,184,31,326.01137368692,326.01137368692,326.01137368692,326.01137368692,326.01137368692,0.0,0.0,0,0.18946600175695494,0,0,
0.2,1,peak_hour,76,124,763.0135080897309,911.3347231937352,763.0135080897309,763.0135080897309,763.0135080897309,0.0,0.0,0,0.18880800053011626,0,0,
0.2,1,peak_hour,89,29,938.8952078474897,869.204127413123,938.8952078474897,890.0641743566176,869.692584148963,7.370644042073728,7.370644042073728,0,0.6975729993428104,0,0,
0.2,1,peak_hour,158,120,701.7709025913981,617.2372122365447,701.7709025913981,701.7709025913981,701.7709025913981,0.0,0.0,0,0.7981110029504634,0,0,
0.2,1,peak_hour,5,148,444.4088847212274,438.7521685749376,444.4088847212274,439.22068422097703,439.22068422097703,1.1674385185851734,1.1674385185851734,0,0.1958130014827475,0,0,
0.2,1,peak_hour,89,25,693.4776823197606,597.0293013858269,693.4776823197606,693.4776823197606,693.4776823197606,0.0,0.0,0,1.808445005735848,0,0,
0.2,1,peak_hour,16,82,581.4107650005341,558.7141120642804,581.4107650005341,581.4107650005341,581.4107650005341,0.0,0.0,0,0.18993699632119387,0,0,
0.2,1,peak_hour,64,197,536.9397162824795,530.4259479939061,536.9397162824795,536.9397162824795,536.9397162824795,0.0,0.0,0,0.2053620046353899,0,0,
0.2,1,off_peak,18,160,462.722895661603,460.1851104314452,462.722895661603,462.02842073727646,462.02842073727646,0.15008440923018623,0.15008440923018623,0,1.1295500007690862,0,0,
0.2,1,off_peak,135,90,386.0078024917517,386.0078024917517,386.0078024917517,372.61305045070566,372.61305045070566,3.470072872771081,3.470072872771081,0,0.21933399693807587,0,0,
0.2,1,off_peak,89,177,451.0020131980052,451.0020131980052,451.0020131980052,451.0020131980052,451.0020131980052,0.0,0.0,0,0.14215899864211679,0,0,
0.2,1,off_peak,152,157,379.35810227024047,377.1946760243137,379.35810227024047,379.35810227024047,379.35810227024047,0.0,0.0,0,0.8426000058534555,0,0,
0.2,1,off_peak,14,200,486.61201923561913,486.61201923561913,486.61201923561913,485.9278997276883,485.9278997276883,0.14058828818191382,0.14058828818191382,0,0.23353500000666827,0,0,
0.2,1,off_peak,92,184,346.1327197404894,346.1327197404894,346.1327197404894,346.1327197404894,346.1327197404894,0.0,0.0,0,0.15334000636357814,0,0,
0.2,1,off_peak,75,200,449.1201459538004,449.1201459538004,449.1201459538004,449.1201459538004,449.1201459538004,0.0,0.0,0,0.1637519962969236,0,0,
0.2,1,off_peak,187,76,328.84373507331446,327.0131651959378,328.84373507331446,328.84373507331446,328.84373507331446,0.0,0.0,0,0.21817900415044278,0,0,
0.2,1,off_peak,33,172,393.19758630923315,393.19758630923315,393.19758630923315,393.19758630923315,393.19758630923315,0.0,0.0,0,0.20336199668236077,0,0,
0.2,1,off_peak,130,144,334.6940279477832,334.6940279477832,334.6940279477832,334.6940279477832,334.6940279477832,0.0,0.0,0,0.1641569979256019,0,0,
0.2,1,off_peak,90,166,422.50829722546564,422.50829722546564,422.50829722546564,422.50829722546564,422.50829722546564,0.0,0.0,0,0.1790569949662313,0,0,
0.2,1,off_peak,131,28,424.2812430621394,428.9373949542637,424.2812430621394,428.9373949542637,428.9373949542637,-1.0974211017483877,-1.0974211017483877,0,0.19951400463469326,0,0,
0.2,1,off_peak,50,23,413.51793925351217,409.93572893043176,413.51793925351217,413.51793925351217,413.51793925351217,0.0,0.0,0,0.500650996400509,0,0,
0.2,1,off_peak,16,158,446.28287230990526,446.28287230990526,446.28287230990526,446.28287230990526,446.28287230990526,0.0,0.0,0,0.19650999456644058,0,0,
0.2,1,off_peak,189,60,645.347422113689,645.347422113689,645.347422113689,645.347422113689,645.347422113689,0.0,0.0,0,0.14253699919208884,0,0,
0.2,1,off_peak,104,162,385.134239939415,385.134239939415,385.134239939415,385.134239939415,385.134239939415,0.0,0.0,0,0.22092799918027595,0,0,
0.2,1,off_peak,86,168,375.7970102156827,375.7970102156827,375.7970102156827,375.7970102156827,375.7970102156827,0.0,0.0,0,0.1586580037837848,0,0,
0.2,1,off_peak,66,34,420.31699432864616,420.31699432864616,420.31699432864616,420.31699432864616,420.31699432864616,0.0,0.0,0,0.21120499877724797,0,0,
0.2,1,off_peak,148,33,369.8155093822752,369.8155093822752,369.8155093822752,369.8155093822752,369.8155093822752,0.0,0.0,0,0.16238999523920938,0,0,
0.2,1,off_peak,34,78,464.71219258466414,466.50446179068564,464.71219258466414,465.73352302514724,465.73352302514724,-0.2197769838580307,-0.2197769838580307,0,0.21195299632381648,0,0,
0.2,1,off_peak,125,74,348.2900043838886,348.2900043838886,348.2900043838886,348.2900043838886,348.2900043838886,0.0,0.0,0,0.32854600431164727,0,0,
0.2,1,off_peak,198,18,406.260030557112,405.56992086849465,406.260030557112,406.47744379783586,406.47744379783586,-0.053515784072024744,-0.053515784072024744,0,0.40530999831389636,0,0,
0.2,1,off_peak,158,200,486.4215610844868,486.4215610844868,486.4215610844868,486.4215610844868,486.4215610844868,0.0,0.0,0,0.1863590005086735,0,0,
0.2,1,off_peak,54,148,349.22232202210625,349.22232202210625,349.22232202210625,349.22232202210625,349.22232202210625,0.0,0.0,0,0.19089299894403666,0,0,
0.2,1,off_peak,92,186,633.1065722829006,633.1065722829006,633.1065722829006,633.1065722829006,633.1065722829006,0.0,0.0,0,0.24503899476258084,0,0,
0.2,1,off_peak,130,17,339.05155803974947,339.05155803974947,339.05155803974947,339.05155803974947,339.05155803974947,0.0,0.0,0,0.19511699792928994,0,0,
0.2,1,off_peak,162,8,423.45735877872175,423.45735877872175,423.45735877872175,423.45735877872175,423.45735877872175,0.0,0.0,0,0.19787900237133726,0,0,
0.2,1,off_peak,140,21,309.4903906178253,309.4903906178253,309.4903906178253,309.4903906178253,309.4903906178253,0.0,0.0,0,0.15357499796664342,0,0,
0.2,1,off_peak,164,35,415.51948601452324,415.51948601452324,415.51948601452324,415.51948601452324,415.51948601452324,0.0,0.0,0,0.2134079986717552,0,0,
0.2,1,off_peak,92,71,474.4650845676067,474.4650845676067,474.4650845676067,474.4650845676067,474.4650845676067,0.0,0.0,0,0.19158000213792548,0,0,
0.2,1,off_peak,75,171,293.8167254997655,293.8167254997655,293.8167254997655,293.8167254997655,293.8167254997655,0.0,0.0,0,0.15932300448184833,0,0,
0.2,1,off_peak,2,185,471.78320433918856,471.78320433918856,471.78320433918856,471.78320433918856,471.28702815932553,0.1051703781100062,0.1051703781100062,0,0.22780500148655847,0,0,
0.2,1,off_peak,50,136,425.9140370554002,422.5352123808598,425.9140370554002,425.9140370554002,425.9140370554002,0.0,0.0,0,0.3182139989803545,0,0,
0.2,1,off_peak,127,189,409.0842568188043,408.19055043142123,409.0842568188043,409.0842568188043,409.0842568188043,0.0,0.0,0,0.4160489988862537,0,0,
0.2,1,off_peak,128,106,368.95523082006457,334.84327062561243,368.95523082006457,384.4070355817913,384.4070355817913,-4.187989075905641,-4.187989075905641,0,0.5664319978677668,0,0,
0.2,1,off_peak,37,34,333.8882973087119,333.8882973087119,333.8882973087119,333.8882973087119,333.8882973087119,0.0,0.0,0,0.21793499763589352,0,0,
0.2,1,off_peak,200,205,382.0432067363669,382.0432067363669,382.0432067363669,382.0432067363669,382.0432067363669,0.0,0.0,0,0.19397200230741873,0,0,
0.2,1,off_peak,31,184,470.26260152583063,468.9464478836712,470.26260152583063,470.0843553967257,471.02681425592215,-0.16250765585269236,-0.16250765585269236,1,0.5616765010927338,0,0,
0.2,1,off_peak,18,154,409.1504888611237,409.1504888611237,409.1504888611237,432.5266487937537,432.5266487937537,-5.713340340298232,-5.713340340298232,0,1.1506270020618103,0,0,
0.2,1,off_peak,69,136,381.6895914940037,381.6895914940037,381.6895914940037,354.2164360106525,354.2164360106525,7.197774342186328,7.197774342186328,0,0.17436600319342688,0,0,
0.2,1,off_peak,183,19,346.69917472639264,348.628961964671,346.69917472639264,348.7963353744472,348.7963353744472,-0.6048934641132624,-0.6048934641132624,0,0.29157700191717595,0,0,
0.2,1,off_peak,152,154,364.3959658679415,364.3959658679415,364.3959658679415,387.77212580057153,387.77212580057153,-6.415043557617653,-6.415043557617653,0,0.9417160035809502,0,0,
0.2,1,off_peak,184,31,271.99881707356485,271.99881707356485,271.99881707356485,271.99881707356485,271.99881707356485,0.0,0.0,0,0.19086400425294414,0,0,
0.2,1,off_peak,76,124,490.53377592038146,490.53377592038146,490.53377592038146,490.53377592038146,490.53377592038146,0.0,0.0,0,0.16347299970220774,0,0,
0.2,1,off_peak,89,29,539.7085036260271,548.9116043022786,539.7085036260271,556.7070503937118,544.9274055690853,-0.9669853092910432,-0.9669853092910432,0,0.6871189980302006,0,0,
0.2,1,off_peak,158,120,378.93291325323196,378.93291325323196,378.93291325323196,378.93291325323196,378.93291325323196,0.0,0.0,0,0.15485399489989504,0,0,
0.2,1,off_peak,5,148,386.42605843026644,385.8699252892352,386.42605843026644,386.42605843026644,386.42605843026644,0.0,0.0,0,0.17507099983049557,0,0,
0.2,1,off_peak,89,25,359.19726279689945,359.19726279689945,359.19726279689945,359.19726279689945,359.19726279689945,0.0,0.0,0,0.12385399895720184,0,0,
0.2,1,off_peak,16,82,431.3457447357479,436.27507932280474,431.3457447357479,433.71692646410725,433.71692646410725,-0.5497171949179553,-0.5497171949179553,0,0.23142999998526648,0,0,
0.2,1,off_peak,64,197,450.9403629573855,454.9258290149419,450.9403629573855,451.7874699029286,450.9403629573855,0.0,0.0,1,0.1777869983925484,0,0,
0.2,1,incident,18,160,883.566485756621,870.2174022243786,755.8562480730628,582.7989766740897,730.7403415458078,17.296507583121393,3.3228416899753177,1,0.9585059997334611,14,5,True
0.2,1,incident,135,90,950.4924477156787,974.9501431637777,950.4924477156787,897.2900965927033,950.4924477156787,0.0,0.0,0,0.4263279988663271,10,3,True
0.2,1,incident,89,177,1213.816770454347,675.1135696470785,734.5942488503421,768.0845468297059,734.5942488503421,39.48063111903009,0.0,1,1.36661799842841,16,4,True
0.2,1,incident,152,157,550.9410490977496,547.8626786423449,550.9410490977496,534.3452459799208,551.1103158514425,-0.03072320604357029,-0.03072320604357029,0,0.8440480014542118,9,2,True
0.2,1,incident,14,200,1091.9797075054569,850.125187599809,987.1116837570112,946.9833144492658,1091.9797075054569,0.0,-10.623724293213833,0,0.27812799817183986,15,4,True
0.2,1,incident,92,184,526.8051107043132,526.8051107043132,519.1345133336083,498.43617708621434,519.1345133336083,1.4560597865972928,0.0,0,0.14835899492027238,10,3,True
0.2,1,incident,75,200,1089.297979478451,850.051727966644,984.4299557300052,962.9732364613898,1036.1466920430084,4.879407511697677,-5.253470397967791,0,0.313701995764859,14,3,True
0.2,1,incident,187,76,568.8565442736182,568.8565442736182,537.161329426196,496.5778025823794,568.8565442736182,0.0,-5.900501974198243,0,0.21897000260651112,9,3,True
0.2,1,incident,33,172,977.3463293919845,932.5400183363738,977.3463293919845,998.0599787527527,977.3463293919845,0.0,0.0,1,0.1158459999714978,9,2,True
0.2,1,incident,130,144,609.3695769233575,609.3695769233575,609.3695769233575,609.3695769233575,609.3695769233575,0.0,0.0,0,0.17263900372199714,8,3,True
0.2,1,incident,90,166,593.378092883267,593.378092883267,593.378092883267,593.378092883267,593.378092883267,0.0,0.0,0,0.22203600383363664,8,0,False
0.2,1,incident,131,28,1035.8354344825652,817.5906955864218,851.3623751275376,872.9532788335721,994.5552089631686,3.9852107917139814,-16.81925793516306,0,0.9052960012922995,13,3,True
0.2,1,incident,50,23,646.3049778939957,603.1441242401825,556.9969185679936,556.9969185679936,603.1441242401825,6.678093954104168,-8.285001969280303,0,0.6839659981778823,12,4,True
0.2,1,incident,16,158,694.5273920722584,714.1460195578431,714.1460195578431,714.1460195578431,714.1460195578431,-2.8247449574377077,0.0,0,0.19423400226514786,8,0,False
0.2,1,incident,189,60,722.6633070149845,722.6633070149845,722.6633070149845,722.6633070149845,722.6633070149845,0.0,0.0,0,0.1374810017296113,11,3,True
0.2,1,incident,104,162,605.4050286650571,605.4050286650571,577.2842706891464,577.2842706891464,605.4050286650571,0.0,-4.871214998174278,0,0.20502500410657376,9,3,True
0.2,1,incident,86,168,1084.1828325956535,987.0401842956344,755.7504140892204,767.9000491896926,726.3425179256303,33.005532269249635,3.8912180020477383,1,0.18101450041285716,9,1,True
0.2,1,incident,66,34,973.2717862694282,1211.4027258948388,847.4130250764657,848.6763377192123,847.4130250764657,12.931512345116033,0.0,1,0.3886259983119089,12,2,True
0.2,1,incident,148,33,1315.4714137775352,1287.2291333208886,940.7700657790056,1451.3474742470478,1012.5036769219882,23.03111520953074,-7.624988693021774,1,0.2594250036054291,10,3,True
0.2,1,incident,34,78,1243.2877750991947,1034.1729479427195,1095.4445811196028,1095.8512062785321,1095.8512062785321,11.858603597135788,-0.03711964675690674,1,1.5913214992906433,13,0,False
0.2,1,incident,125,74,544.5466634532917,544.5466634532917,505.84886381714955,525.6981268525975,505.84886381714955,7.106424891254781,0.0,1,0.42415300049469806,9,4,True
0.2,1,incident,198,18,636.069099654213,636.069099654213,624.8523634010245,624.8523634010245,636.069099654213,0.0,-1.7951018368781806,0,0.37441300082718953,13,2,True
0.2,1,incident,158,200,811.5610213373265,811.5610213373265,811.5610213373265,811.5610213373265,811.5610213373265,0.0,0.0,0,0.1737100028549321,12,1,True
0.2,1,incident,54,148,679.4922422282206,930.8051645747103,641.5099354513754,701.0057961411286,631.2519259033548,7.099465354699852,1.5990414148150203,0,0.29481100500561297,13,3,True
0.2,1,incident,92,186,1133.4762216381644,1168.929824871549,1089.7432625061463,1062.264479092431,1089.7432625061463,3.858304064712777,0.0,1,0.5954909975116607,17,5,True
0.2,1,incident,130,17,567.4509663474771,567.4509663474771,567.4509663474771,551.6362269338777,567.4509663474771,0.0,0.0,0,0.2065799999400042,8,3,True
0.2,1,incident,162,8,1144.513005867043,1133.6763234356536,1032.6598950835382,1032.6598950835382,1032.6598950835382,9.772987306401879,0.0,0,0.44785699719795957,11,2,True
0.2,1,incident,140,21,947.0264538501971,747.4609881013678,896.9138047065079,910.3340362528841,947.0264538501971,0.0,-5.587231334909295,0,0.21599100000457838,10,4,True
0.2,1,incident,164,35,644.8937601608347,644.8937601608347,633.6770239076462,512.3862752147347,644.8937601608347,0.0,-1.7701030382984615,0,0.20419999782461673,11,3,True
0.2,1,incident,92,71,694.7300245342961,694.7300245342961,694.7300245342961,694.7300245342961,694.7300245342961,0.0,0.0,0,0.17698499868856743,12,3,True
0.2,1,incident,75,171,492.27775690252673,492.27775690252673,492.27775690252673,492.27775690252673,492.27775690252673,0.0,0.0,0,0.14611900405725464,8,0,False
0.2,1,incident,2,185,752.1174237886041,751.9708634988833,682.3868457736481,682.3868457736481,682.3868457736481,9.271235555706925,0.0,1,0.6011965015204623,13,5,True
0.2,1,incident,50,136,643.9572812372467,609.6437411492508,581.7062580163032,581.5186274045192,637.3560522091545,1.0251035620575732,-9.566648703870689,0,0.3228029963793233,11,4,True
0.2,1,incident,127,189,655.7639283980802,641.5569560794545,641.5569560794545,641.5569560794545,641.5569560794545,2.1664766394411092,0.0,0,0.44933799654245377,12,1,True
0.2,1,incident,128,106,639.7204173392895,693.4261821282694,639.7204173392895,601.7952025469165,586.7407607149421,8.281689186144655,8.281689186144655,1,0.4107870008738246,11,1,True
0.2,1,incident,37,34,506.7460763310718,506.7460763310718,506.7460763310718,506.7460763310718,506.7460763310718,0.0,0.0,0,0.21946700144326314,9,1,True
0.2,1,incident,200,205,598.9465786224499,598.9465786224499,598.9465786224499,598.9465786224499,598.9465786224499,0.0,0.0,0,0.16327499906765297,10,2,True
0.2,1,incident,31,184,583.1941662561463,675.138085604963,508.619740485329,531.3779582283223,531.3779582283223,8.88489820816652,-4.474505397937813,0,1.3155260021449067,9,1,True
0.2,1,incident,18,154,667.8956853205722,663.88547106763,661.2614596622043,661.2614596622043,661.2614596622043,0.9933026674941956,0.0,1,1.1177014966960996,13,5,True
0.2,1,incident,69,136,748.1315354738133,638.4260092227405,734.3455865676293,734.3455865676293,734.3455865676293,1.842717256592178,0.0,0,0.2873089979402721,11,0,False
0.2,1,incident,183,19,516.0549755339642,499.34193023182206,508.7863108072587,491.5488180032793,516.0549755339642,0.0,-1.4286282025105612,0,0.300690000585746,9,4,True
0.2,1,incident,152,154,748.3609905462439,748.5709928912316,776.5889480136874,462.127414674347,462.127414674347,38.24806202992612,40.49266141935849,0,0.826269002573099,12,4,True
0.2,1,incident,184,31,445.9405703947755,445.9405703947755,445.9405703947755,445.9405703947755,445.9405703947755,0.0,0.0,0,0.21257800108287483,8,3,True
0.2,1,incident,76,124,658.6682209126387,480.21087671730663,631.2197678114659,631.2197678114659,631.2197678114659,4.167265434962198,0.0,0,0.18894499953603372,9,1,True
0.2,1,incident,89,29,1341.4336714811873,1309.5597852419544,1128.3881320340413,1156.8868422979624,1341.4336714811873,0.0,-18.880519335408856,0,0.8071319971350022,15,5,True
0.2,1,incident,158,120,963.093829812976,692.5691515688013,829.6278739579604,782.8514944666133,963.093829812976,0.0,-16.087448366251326,0,0.5474630015669391,11,1,True
0.2,1,incident,5,148,1314.8335387274633,1074.5928493877655,1028.287568608973,1031.9379605120273,1075.7049204411069,18.186988028750203,-4.611292918407848,0,0.35478799691190943,11,2,True
0.2,1,incident,89,25,907.8826968146917,739.191272366972,848.804846800475,878.7008958933199,974.848383580212,-7.376028533253204,-14.849530755491259,0,1.4707030059071258,12,3,True
0.2,1,incident,16,82,870.8823971425883,835.5990544039621,808.046206849021,845.8442882152865,808.046206849021,7.2152325617943545,0.0,1,0.34529000186012127,12,4,True
0.2,1,incident,64,197,1170.4060139988205,1090.887075536241,919.3575289180385,899.2291251619471,919.3575289180385,21.44969199389598,0.0,1,0.19247250020271167,12,5,True
0.2,2,peak_hour,18,160,440.44025255734334,542.4305604287182,440.44025255734334,430.23626308114245,430.23626308114245,2.3167704170890637,2.3167704170890637,0,1.4641059970017523,0,0,
0.2,2,peak_hour,135,90,441.1198057268021,441.1198057268021,441.1198057268021,442.5850397085107,442.5850397085107,-0.33216236557196294,-0.33216236557196294,0,0.19914699805667624,0,0,
0.2,2,peak_hour,89,177,1069.3540541848856,729.7835227779108,1069.3540541848856,1074.5911042023818,1000.0711382063851,6.478950138858493,6.478950138858493,0,0.530689001607243,0,0,
0.2,2,peak_hour,152,157,404.50990454580887,400.75699188663805,404.50990454580887,403.54576384315857,403.54576384315857,0.23834786041465472,0.23834786041465472,0,0.853909004945308,0,0,
0.2,2,peak_hour,14,200,667.5857305564498,630.6968060275057,667.5857305564498,667.5857305564498,667.5857305564498,0.0,0.0,0,0.22054899454815313,0,0,
0.2,2,peak_hour,92,184,362.23215387228237,362.23215387228237,362.23215387228237,362.23215387228237,362.23215387228237,0.0,0.0,0,0.15901799633866176,0,0,
0.2,2,peak_hour,75,200,601.7519479274109,601.7519479274109,601.7519479274109,601.7519479274109,601.7519479274109,0.0,0.0,0,0.15906900080153719,0,0,
0.2,2,peak_hour,187,76,530.3852943057435,563.6086267229656,530.3852943057435,530.3852943057435,530.3852943057435,0.0,0.0,1,0.2696070005185902,0,0,
0.2,2,peak_hour,33,172,485.86685156946714,485.86685156946714,485.86685156946714,485.86685156946714,485.86685156946714,0.0,0.0,0,0.19071700080530718,0,0,
0.2,2,peak_hour,130,144,703.1104573736568,703.1104573736568,703.1104573736568,710.3340306758375,710.3340306758375,-1.0273738964377097,-1.0273738964377097,0,0.17329399997834116,0,0,
0.2,2,peak_hour,90,166,829.4866545772154,807.9403747742389,829.4866545772154,749.9239848320223,739.723324057908,10.82155210382007,10.82155210382007,0,0.21018400002503768,0,0,
0.2,2,peak_hour,131,28,751.199696789175,720.3538656282028,751.199696789175,751.199696789175,751.199696789175,0.0,0.0,0,0.6296159990597516,0,0,
0.2,2,peak_hour,50,23,483.7135290897829,483.9600866403837,483.7135290897829,483.7135290897829,483.7135290897829,0.0,0.0,0,0.69081099354662,0,0,
0.2,2,peak_hour,16,158,562.2640720675978,559.8741586809602,562.2640720675978,562.2640720675978,562.2640720675978,0.0,0.0,0,0.17339499754598364,0,0,
0.2,2,peak_hour,189,60,531.9936554763992,531.9936554763992,531.9936554763992,531.9936554763992,531.9936554763992,0.0,0.0,0,0.17845899856183678,0,0,
0.2,2,peak_hour,104,162,649.7995746992185,649.7995746992185,649.7995746992185,688.6458073807886,649.7995746992185,0.0,0.0,0,0.28188800206407905,0,0,
0.2,2,peak_hour,86,168,488.1946205949128,488.1946205949128,488.1946205949128,488.1946205949128,488.1946205949128,0.0,0.0,0,0.15079200238687918,0,0,
0.2,2,peak_hour,66,34,427.90294693064345,427.90294693064345,427.90294693064345,427.90294693064345,427.90294693064345,0.0,0.0,0,0.18026400357484818,0,0,
0.2,2,peak_hour,148,33,621.5740981636383,621.5740981636383,621.5740981636383,621.5740981636383,621.5740981636383,0.0,0.0,0,0.20414499886101112,0,0,
0.2,2,peak_hour,34,78,629.3485271860674,631.4662747210401,629.3485271860674,630.7129270694992,629.3485271860674,0.0,0.0,0,0.2655040007084608,0,0,
0.2,2,peak_hour,125,74,689.5928824430462,689.8512456566746,689.5928824430462,662.7741846337632,661.4086550526546,4.087082118733924,4.087082118733924,0,0.31919900357024744,0,0,
0.2,2,peak_hour,198,18,418.2862290705508,414.14970875919204,418.2862290705508,418.2862290705508,418.2862290705508,0.0,0.0,0,0.472924999485258,0,0,
0.2,2,peak_hour,158,200,609.63857258191,609.63857258191,609.63857258191,609.63857258191,609.63857258191,0.0,0.0,0,0.19916599558200687,0,0,
0.2,2,peak_hour,54,148,650.5598429051576,618.4766452887958,650.5598429051576,650.5598429051576,650.5598429051576,0.0,0.0,0,0.22229600290302187,0,0,
0.2,2,peak_hour,92,186,808.8870961818757,728.7362368848501,808.8870961818757,714.5386078356754,714.5386078356754,11.663987321783944,11.663987321783944,1,0.16004050121409819,0,0,
0.2,2,peak_hour,130,17,703.3536509406757,751.8176787391442,703.3536509406757,751.8176787391442,751.8176787391442,-6.890421018452374,-6.890421018452374,0,0.19608200091170147,0,0,
0.2,2,peak_hour,162,8,434.2331532020174,420.8883428701667,434.2331532020174,434.2331532020174,434.2331532020174,0.0,0.0,0,0.28235000354470685,0,0,
0.2,2,peak_hour,140,21,330.045587826276,330.045587826276,330.045587826276,330.045587826276,330.045587826276,0.0,0.0,0,0.1476620018365793,0,0,
0.2,2,peak_hour,164,35,523.8800562381613,523.8800562381613,523.8800562381613,523.8800562381613,523.8800562381613,0.0,0.0,0,0.1865110025391914,0,0,
0.2,2,peak_hour,92,71,463.0798421809935,463.0798421809935,463.0798421809935,463.0798421809935,463.0798421809935,0.0,0.0,0,0.1956670021172613,0,0,
0.2,2,peak_hour,75,171,386.4423597114434,386.4423597114434,386.4423597114434,386.4423597114434,386.4423597114434,0.0,0.0,0,0.17771100101526827,0,0,
0.2,2,peak_hour,2,185,491.3641938778813,490.89281460867204,491.3641938778813,491.3641938778813,491.3641938778813,0.0,0.0,0,0.2946169988717884,0,0,
0.2,2,peak_hour,50,136,486.04888624421886,486.1991579773598,486.04888624421886,486.04888624421886,486.04888624421886,0.0,0.0,0,0.7237190002342686,0,0,
0.2,2,peak_hour,127,189,590.106460468783,551.3588844879172,590.106460468783,590.106460468783,590.106460468783,0.0,0.0,0,0.5295709997881204,0,0,
0.2,2,peak_hour,128,106,501.9588317839313,531.553871890355,501.9588317839313,501.9588317839313,501.9588317839313,0.0,0.0,0,0.6189339983393438,0,0,
0.2,2,peak_hour,37,34,376.8292908341989,366.52197298826155,376.8292908341989,366.5477022877234,366.5477022877234,2.7284472827775255,2.7284472827775255,0,0.2260710025439039,0,0,
0.2,2,peak_hour,200,205,404.6834679539757,404.6834679539757,404.6834679539757,404.6834679539757,404.6834679539757,0.0,0.0,0,0.1636950037209317,0,0,
0.2,2,peak_hour,31,184,433.1984932717153,582.3883244831205,433.1984932717153,433.1984932717153,433.1984932717153,0.0,0.0,0,1.9920429986086674,0,0,
0.2,2,peak_hour,18,154,605.0972552452234,559.0310046909891,605.0972552452234,605.0972552452234,614.0006661087106,-1.471401627805914,-1.471401627805914,0,1.0868719982681796,0,0,
0.2,2,peak_hour,69,136,643.0833021905737,807.8081111407271,643.0833021905737,810.4075506027783,810.4075506027783,-26.019062824713046,-26.019062824713046,0,0.23413600138155743,0,0,
0.2,2,peak_hour,183,19,384.59624345022314,386.36247408981933,384.59624345022314,386.36247408981933,386.36247408981933,-0.4592428214460146,-0.4592428214460146,0,0.28849599766545,0,0,
0.2,2,peak_hour,152,154,389.9191142293189,379.8676078340621,389.9191142293189,383.87566078302154,383.87566078302154,1.5499249012817253,1.5499249012817253,1,0.4247764954925515,0,0,
0.2,2,peak_hour,184,31,326.01137368692,326.01137368692,326.01137368692,326.01137368692,326.01137368692,0.0,0.0,0,0.18576400179881603,0,0,
0.2,2,peak_hour,76,124,921.6715936674251,911.3347231937352,921.6715936674251,921.6715936674251,921.6715936674251,0.0,0.0,0,0.22395099949790165,0,0,
0.2,2,peak_hour,89,29,894.4895347814406,877.7949502936173,894.4895347814406,894.4895347814406,894.4895347814406,0.0,0.0,0,0.34723099815892056,0,0,
0.2,2,peak_hour,158,120,701.7709025913981,617.2372122365447,701.7709025913981,701.7709025913981,701.7709025913981,0.0,0.0,0,0.4614040008164011,0,0,
0.2,2,peak_hour,5,148,439.1502753552909,439.22068422097703,439.1502753552909,438.5074031249991,438.5074031249991,0.14639003238053078,0.14639003238053078,0,0.22989500575931743,0,0,
0.2,2,peak_hour,89,25,675.8801582682848,597.0293013858269,675.8801582682848,675.8801582682848,675.8801582682848,0.0,0.0,0,0.4813449995708652,0,0,
0.2,2,peak_hour,16,82,552.8356781844732,599.2062073212351,552.8356781844732,552.8356781844732,552.8356781844732,0.0,0.0,0,0.2733090004767291,0,0,
0.2,2,peak_hour,64,197,608.2125226903551,518.0824960114384,608.2125226903551,518.0824960114384,518.0824960114384,14.81883771156788,14.81883771156788,0,0.22167900169733912,0,0,
0.2,2,off_peak,18,160,457.39949694183696,462.7659086780322,457.39949694183696,457.39949694183696,457.39949694183696,0.0,0.0,0,1.6015529981814325,0,0,
0.2,2,off_peak,135,90,374.6113647979062,372.61305045070566,374.6113647979062,374.6113647979062,374.6113647979062,0.0,0.0,0,0.2508240067982115,0,0,
0.2,2,off_peak,89,177,450.53693273129204,451.0020131980052,450.53693273129204,450.53693273129204,450.53693273129204,0.0,0.0,0,0.16818600124679506,0,0,
0.2,2,off_peak,152,157,576.0900164269236,575.9063378981217,576.0900164269236,393.09022007867065,393.09022007867065,31.765833659689243,31.765833659689243,0,0.9356959999422543,0,0,
0.2,2,off_peak,14,200,486.1354666910935,486.1354666910935,486.1354666910935,486.1354666910935,486.1354666910935,0.0,0.0,0,0.21485999604919925,0,0,
0.2,2,off_peak,92,184,346.18300609854725,346.18300609854725,346.18300609854725,346.18300609854725,346.18300609854725,0.0,0.0,0,0.17874399782158434,0,0,
0.2,2,off_peak,75,200,449.1201459538004,445.6398364965783,449.1201459538004,449.1201459538004,449.1201459538004,0.0,0.0,0,0.17302099877269939,0,0,
0.2,2,off_peak,187,76,326.97281045392407,326.97281045392407,326.97281045392407,326.97281045392407,326.97281045392407,0.0,0.0,0,0.2514649968361482,0,0,
0.2,2,off_peak,33,172,393.19758630923315,393.19758630923315,393.19758630923315,393.19758630923315,393.19758630923315,0.0,0.0,0,0.20381699869176373,0,0,
0.2,2,off_peak,130,144,334.6940279477832,334.6940279477832,334.6940279477832,334.6940279477832,334.6940279477832,0.0,0.0,0,0.17181700241053477,0,0,
0.2,2,off_peak,90,166,420.6915952638841,420.6915952638841,420.6915952638841,420.6915952638841,420.6915952638841,0.0,0.0,0,0.19080899801338091,0,0,
0.2,2,off_peak,131,28,428.9373949542637,428.9373949542637,428.9373949542637,428.9373949542637,428.9373949542637,0.0,0.0,0,0.19515500025590882,0,0,
0.2,2,off_peak,50,23,409.5045035888467,409.3891368339763,409.5045035888467,409.5045035888467,409.5045035888467,0.0,0.0,0,0.8117010002024472,0,0,
0.2,2,off_peak,16,158,446.28287230990526,446.28287230990526,446.28287230990526,446.28287230990526,446.28287230990526,0.0,0.0,0,0.2003679983317852,0,0,
0.2,2,off_peak,189,60,645.347422113689,645.347422113689,645.347422113689,645.347422113689,645.347422113689,0.0,0.0,0,0.16370799858123064,0,0,
0.2,2,off_peak,104,162,381.49209398042996,383.2848777965789,381.49209398042996,381.49209398042996,381.49209398042996,0.0,0.0,0,0.29155099764466286,0,0,
0.2,2,off_peak,86,168,375.7970102156827,375.7970102156827,375.7970102156827,375.7970102156827,375.7970102156827,0.0,0.0,0,0.17075500363716856,0,0,
0.2,2,off_peak,66,34,420.43793328686127,420.31699432864616,420.43793328686127,420.43793328686127,420.43793328686127,0.0,0.0,0,0.22969999554334208,0,0,
0.2,2,off_peak,148,33,369.8155093822752,369.8155093822752,369.8155093822752,371.6980244528412,371.6980244528412,-0.5090416769460203,-0.5090416769460203,0,0.1865090016508475,0,0,
0.2,2,off_peak,34,78,463.1613092721898,463.1613092721898,463.1613092721898,462.2948152247802,462.2948152247802,0.18708256282701294,0.18708256282701294,0,0.3226849948987365,0,0,
0.2,2,off_peak,125,74,349.7606417734268,350.69260303309073,349.7606417734268,349.7606417734268,349.7606417734268,0.0,0.0,0,0.44186300510773435,0,0,
0.2,2,off_peak,198,18,406.4403475209803,406.4403475209803,406.4403475209803,406.4403475209803,406.4403475209803,0.0,0.0,0,0.4261310023139231,0,0,
0.2,2,off_peak,158,200,486.4215610844868,486.4215610844868,486.4215610844868,486.4215610844868,486.4215610844868,0.0,0.0,0,0.19715199596248567,0,0,
0.2,2,off_peak,54,148,349.22232202210625,349.22232202210625,349.22232202210625,349.22232202210625,349.22232202210625,0.0,0.0,0,0.1955780026037246,0,0,
0.2,2,off_peak,92,186,633.1065722829006,633.1065722829006,633.1065722829006,633.1065722829006,633.1065722829006,0.0,0.0,0,0.2430930035188794,0,0,
0.2,2,off_peak,130,17,382.0366684489177,339.05155803974947,382.0366684489177,382.0366684489177,382.0366684489177,0.0,0.0,0,0.20664199837483466,0,0,
0.2,2,off_peak,162,8,419.86506881860623,423.45735877872175,419.86506881860623,421.68793086500614,421.68793086500614,-0.43415425139532954,-0.43415425139532954,0,0.23134399816626683,0,0,
0.2,2,off_peak,140,21,309.4903906178253,309.4903906178253,309.4903906178253,309.4903906178253,309.4903906178253,0.0,0.0,0,0.1563949990668334,0,0,
0.2,2,off_peak,164,35,415.51948601452324,415.51948601452324,415.51948601452324,415.51948601452324,415.51948601452324,0.0,0.0,0,0.2269830001750961,0,0,
0.2,2,off_peak,92,71,474.4650845676067,474.4650845676067,474.4650845676067,474.4650845676067,474.4650845676067,0.0,0.0,0,0.18375299987383187,0,0,
0.2,2,off_peak,75,171,290.66071199867446,290.66071199867446,290.66071199867446,290.66071199867446,290.66071199867446,0.0,0.0,0,0.17041800310835242,0,0,
0.2,2,off_peak,2,185,471.78320433918856,471.78320433918856,471.78320433918856,471.78320433918856,471.78320433918856,0.0,0.0,0,0.237813001149334,0,0,
0.2,2,off_peak,50,136,421.8669213286712,423.1089720339114,421.8669213286712,421.8669213286712,421.8669213286712,0.0,0.0,0,0.4516560002230108,0,0,
0.2,2,off_peak,127,189,403.0468430367605,403.28905712995453,403.0468430367605,403.0468430367605,403.0468430367605,0.0,0.0,0,0.4372929979581386,0,0,
0.2,2,off_peak,128,106,350.25074003171636,339.70841484679437,350.25074003171636,374.0161296618898,374.0161296618898,-6.785250368927532,-6.785250368927532,0,0.5133689992362633,0,0,
0.2,2,off_peak,37,34,333.8882973087119,333.8882973087119,333.8882973087119,335.3433889923038,335.3433889923038,-0.4358019419430313,-0.4358019419430313,0,0.20964600116712973,0,0,
0.2,2,off_peak,200,205,382.0432067363669,382.0432067363669,382.0432067363669,382.0432067363669,382.0432067363669,0.0,0.0,0,0.17765799566404894,0,0,
0.2,2,off_peak,31,184,450.88998497814276,451.5472137284312,450.88998497814276,453.05668469620025,453.05668469620025,-0.48053844402033435,-0.48053844402033435,0,1.0078349951072596,0,0,
0.2,2,off_peak,18,154,407.08581018158134,442.37711447039055,407.08581018158134,442.37711447039055,442.37711447039055,-8.669254345433329,-8.669254345433329,0,1.356575005047489,0,0,
0.2,2,off_peak,69,136,348.04518648948135,348.04518648948135,348.04518648948135,348.04518648948135,348.04518648948135,0.0,0.0,0,0.30528199567925185,0,0,
0.2,2,off_peak,183,19,357.0405774050904,358.2561848185135,357.0405774050904,354.83333806850356,344.5998018345716,3.484415037903031,3.484415037903031,0,0.40198900387622416,0,0,
0.2,2,off_peak,152,154,362.0518180256271,397.9816258665518,362.0518180256271,397.7021567037797,397.7021567037797,-9.846750355395027,-9.846750355395027,0,0.7599050004500896,0,0,
0.2,2,off_peak,184,31,271.99881707356485,271.99881707356485,271.99881707356485,271.99881707356485,271.99881707356485,0.0,0.0,0,0.20794499869225547,0,0,
0.2,2,off_peak,76,124,417.4351172993041,490.53377592038146,417.4351172993041,417.4351172993041,417.4351172993041,0.0,0.0,0,0.19989499560324475,0,0,
0.2,2,off_peak,89,29,572.0042469398575,558.5097593256406,572.0042469398575,558.5097593256406,558.5097593256406,2.3591586402392033,2.3591586402392033,0,0.35863399534719065,0,0,
0.2,2,off_peak,158,120,378.93291325323196,378.93291325323196,378.93291325323196,378.93291325323196,378.93291325323196,0.0,0.0,0,0.1886970057967119,0,0,
0.2,2,off_peak,5,148,386.42605843026644,386.42605843026644,386.42605843026644,386.42605843026644,386.42605843026644,0.0,0.0,0,0.1853119974839501,0,0,
0.2,2,off_peak,89,25,359.19726279689945,359.19726279689945,359.19726279689945,359.19726279689945,359.19726279689945,0.0,0.0,0,0.1440699998056516,0,0,
0.2,2,off_peak,16,82,431.3457447357479,431.3457447357479,431.3457447357479,431.3457447357479,431.3457447357479,0.0,0.0,0,0.2284639995195903,0,0,
0.2,2,off_peak,64,197,453.08832412234693,454.77354555761036,453.08832412234693,453.370305471036,453.08832412234693,0.0,0.0,0,0.2617840000311844,0,0,
0.2,2,incident,18,160,876.6781242415801,728.7364989700762,766.2712368300112,765.8885554658993,868.090382122645,0.9795775532056804,-13.287611539988065,0,1.5335080024669878,14,5,True
0.2,2,incident,135,90,994.4846005090574,994.4846005090574,769.8382879331108,769.8382879331108,1007.096554468618,-1.2681899702725248,-30.819234409931294,1,0.20328150276327506,10,1,True
0.2,2,incident,89,177,1533.1212583809966,699.2605558281592,1533.8411450132928,1399.982796953406,1523.6392446072423,0.6184777441392625,0.6651210550204737,0,0.6220790019142441,17,2,True
0.2,2,incident,152,157,795.7469696854275,548.1409984016275,759.2892049757277,772.3421374149214,774.5727075379114,2.660929033243661,-2.0128697289555504,0,0.8081760024651885,14,3,True
0.2,2,incident,14,200,966.2213399992588,918.0716854160308,848.2903068491316,966.2213399992588,918.0564268644696,4.984873666196006,-8.224321255594147,0,0.4099289944861084,14,2,True
0.2,2,incident,92,184,530.8418797649965,530.8418797649965,502.5823493283302,502.5823493283302,502.5823493283302,5.3235306997964775,0.0,2,0.24201666383305565,11,4,True
0.2,2,incident,75,200,889.2790187593735,846.8851051032304,771.8180428436548,948.1899870629566,837.6466967414203,5.806087957633927,-8.529037965377066,1,0.2325415007362608,13,3,True
0.2,2,incident,187,76,568.8780685765789,568.8780685765789,522.3241944582165,522.3241944582165,568.8780685765789,0.0,-8.912831266920469,0,0.23467699793400243,9,2,True
0.2,2,incident,33,172,739.619941749143,832.7230273867123,739.619941749143,739.619941749143,739.619941749143,0.0,0.0,0,0.19468199752736837,9,2,True
0.2,2,incident,130,144,609.3695769233575,609.3695769233575,609.3695769233575,609.3695769233575,609.3695769233575,0.0,0.0,0,0.18656499742064625,8,1,True
0.2,2,incident,90,166,591.1547512676996,591.1547512676996,542.6687916790835,507.2698398947303,591.1547512676996,0.0,-8.93472415072822,0,0.20540200057439506,8,3,True
0.2,2,incident,131,28,1594.2980989526704,817.5906955864218,744.8199130937958,828.5698361854413,744.8199130937958,53.28226800351299,0.0,1,0.6092319999879692,16,2,True
0.2,2,incident,50,23,635.2177161827838,584.3622944106463,567.971177654527,567.971177654527,584.3622944106463,8.005982905789077,-2.8859064334580324,0,0.8733139984542504,11,4,True
0.2,2,incident,16,158,749.4157286579433,806.7404140296808,749.4157286579433,749.4157286579433,749.4157286579433,0.0,0.0,0,0.2083469953504391,8,2,True
0.2,2,incident,189,60,722.6633070149845,722.6633070149845,722.6633070149845,722.6633070149845,722.6633070149845,0.0,0.0,0,0.14961999841034412,11,2,True
0.2,2,incident,104,162,599.6724383254203,599.6724383254203,599.6724383254203,599.6724383254203,599.6724383254203,0.0,0.0,1,0.22825699852546677,9,1,True
0.2,2,incident,86,168,1106.1404294684075,1106.1404294684075,1077.138368414683,1077.138368414683,1077.138368414683,2.6219149287999852,0.0,1,0.1129334996221587,9,2,True
0.2,2,incident,66,34,1194.726849848782,1158.6770555762432,1180.602756381495,1180.602756381495,1194.726849848782,0.0,-1.1963459674257197,0,0.21648500114679337,11,4,True
0.2,2,incident,148,33,1337.2853953800095,1337.2853953800095,1337.2853953800095,1337.8221088577695,1337.8221088577695,-0.04013455015767343,-0.04013455015767343,0,0.22625000565312803,8,0,False
0.2,2,incident,34,78,1286.0989677426915,1271.7753673523318,1286.0989677426915,1134.4987160812916,1286.0989677426915,0.0,0.0,0,0.6865059986012056,14,2,True
0.2,2,incident,125,74,556.1975427413674,521.7728081029745,515.3674653607283,515.3674653607283,515.3674653607283,7.340930918068659,0.0,0,0.3383069997653365,10,0,False
0.2,2,incident,198,18,635.9635843587406,635.9635843587406,635.9635843587406,636.4038714375578,635.9635843587406,0.0,0.0,0,0.39112100057536736,13,3,True
0.2,2,incident,158,200,811.5610213373265,811.5610213373265,811.5610213373265,811.5610213373265,811.5610213373265,0.0,0.0,0,0.2177700007450767,12,2,True
0.2,2,incident,54,148,1175.0505591076503,1175.0505591076503,1016.1893593852542,1176.0627557924065,1176.0627557924065,-0.08614069215241826,-15.7326383051155,0,0.196793997019995,9,1,True
0.2,2,incident,92,186,1171.4931636320403,1146.568439150418,1112.0080853882935,1063.783580291382,1179.369514354254,-0.672334330812002,-6.057638415681051,0,0.24666800163686275,18,5,True
0.2,2,incident,130,17,567.4509663474771,567.4509663474771,567.4509663474771,567.4509663474771,567.4509663474771,0.0,0.0,0,0.1901459982036613,8,1,True
0.2,2,incident,162,8,1074.0306619791527,909.7455685289192,1087.3081451911066,1087.3081451911066,1103.2161999557707,-2.7173840570656336,-1.463067745332489,1,0.5981285030429717,16,3,True
0.2,2,incident,140,21,872.3197410044671,874.7304890489111,790.9719142818197,790.9719142818197,785.9995117227074,9.895480432709551,0.6286446420322158,0,0.16614200285403058,9,1,True
0.2,2,incident,164,35,644.8937601608347,644.8937601608347,644.8937601608347,644.8937601608347,644.8937601608347,0.0,0.0,0,0.21242500224616379,11,3,True
0.2,2,incident,92,71,694.7300245342961,694.7300245342961,694.7300245342961,694.7300245342961,694.7300245342961,0.0,0.0,0,0.17487200238974765,12,3,True
0.2,2,incident,75,171,492.27775690252673,489.0268152721025,492.27775690252673,489.0268152721025,489.0268152721025,0.6603876744055133,0.6603876744055133,0,0.19002999761141837,8,2,True
0.2,2,incident,2,185,751.9708634988833,751.9708634988833,723.2830256268327,723.2830256268327,723.2830256268327,3.81501987172316,0.0,1,0.34997199691133574,12,3,True
0.2,2,incident,50,136,640.881567540095,624.8245425469718,569.2438994639634,569.2438994639634,640.8118992459737,0.01087069712252226,-12.572466714075157,0,0.8819089998723939,12,4,True
0.2,2,incident,127,189,666.1727681431719,631.5456761462594,611.5364249231357,604.4512843976229,611.5364249231357,8.201527566538706,0.0,1,0.5510380033229012,13,4,True
0.2,2,incident,128,106,671.5742883445678,595.430443207064,674.94737970782,683.2379770184479,671.5742883445678,0.0,0.49975619798871085,1,0.38534600025741383,9,2,True
0.2,2,incident,37,34,506.7460763310718,506.7460763310718,506.7460763310718,506.7460763310718,506.7460763310718,0.0,0.0,0,0.22134799655759707,9,1,True
0.2,2,incident,200,205,598.9465786224499,598.9465786224499,598.9465786224499,598.9465786224499,598.9465786224499,0.0,0.0,0,0.18329700105823576,10,2,True
0.2,2,incident,31,184,594.2724474611358,615.4516716924163,594.2724474611358,488.4572105267298,436.8598393455997,26.488289805128574,26.488289805128574,0,1.686954994511325,8,3,True
0.2,2,incident,18,154,666.2318902964186,663.5151468272519,583.0121262542909,576.1781247975282,609.8107796330312,8.46868957868177,-4.596585932254102,0,1.371198995911982,12,3,True
0.2,2,incident,69,136,603.7582982866123,601.0518759782641,594.6305255969672,594.6305255969672,601.0518759782641,0.4482625441387245,-1.0798891252429863,0,0.23305399372475222,10,4,True
0.2,2,incident,183,19,566.7205007173832,532.4063014016679,541.6173184539961,541.6173184539961,540.2400061872881,4.672584545040226,0.2542962013547401,0,0.30835100187687203,12,1,True
0.2,2,incident,152,154,854.1238689970093,623.9742886892118,854.1238689970093,867.1030104680693,854.1238689970093,0.0,0.0,0,0.6459920041379519,10,2,True
0.2,2,incident,184,31,445.9405703947755,445.9405703947755,445.9405703947755,445.9405703947755,445.9405703947755,0.0,0.0,0,0.2117140029440634,8,0,False
0.2,2,incident,76,124,588.4308158261587,517.1941674867973,588.4308158261587,588.4308158261587,588.4308158261587,0.0,0.0,0,0.193859996215906,9,1,True
0.2,2,incident,89,29,1354.378502791738,1354.378502791738,1317.4901824499434,1120.733327874064,1354.378502791738,0.0,-2.79989337553914,0,0.31051300175022334,13,3,True
0.2,2,incident,158,120,836.4461577688319,728.9699865899722,712.0462782029065,840.1599795969936,712.0462782029065,14.872431227104247,0.0,1,0.7570870038762223,10,2,True
0.2,2,incident,5,148,1124.2202838523208,1059.9992044152018,1061.3362926346363,1110.0868746908764,1051.0205998468737,6.5111513336707185,0.9719532686623922,0,0.2075869997497648,9,2,True
0.2,2,incident,89,25,1015.5613131730304,861.4780269542281,1015.5613131730304,1015.4793731026296,1015.5613131730304,0.0,0.0,0,0.5710750047001056,10,2,True
0.2,2,incident,16,82,1023.1634036910373,814.2973078690786,819.5975694094122,855.5472865472144,1191.7387875770314,-16.475900455182675,-45.40535892947775,1,0.18555549831944518,11,2,True
0.2,2,incident,64,197,1550.6581594938864,1071.0909893879011,1426.2163553293044,994.644245778789,1510.8238531670536,2.568864458162344,-5.932304556850622,0,0.4460240015760064,14,2,True
0.1,0,peak_hour,18,160,501.3271913118133,553.0909554910905,501.3271913118133,501.3271913118133,501.3271913118133,0.0,0.0,0,1.2323889968683943,0,0,
0.1,0,peak_hour,135,90,441.1198057268021,441.1198057268021,441.1198057268021,441.1198057268021,441.1198057268021,0.0,0.0,0,0.2199869995820336,0,0,
0.1,0,peak_hour,89,177,729.7835227779108,676.3350382538896,729.7835227779108,729.7835227779108,729.7835227779108,0.0,0.0,0,0.16152600437635556,0,0,
0.1,0,peak_hour,152,157,428.91928201558494,427.87237418383273,428.91928201558494,430.7079949847308,428.91928201558494,0.0,0.0,0,1.3325719992280938,0,0,
0.1,0,peak_hour,14,200,620.7331032576656,630.6968060275057,620.7331032576656,607.0960201440404,607.0960201440404,2.196931828197415,2.196931828197415,0,0.30125999910524115,0,0,
0.1,0,peak_hour,92,184,364.2915284723247,363.5785925659648,364.2915284723247,364.2915284723247,364.2915284723247,0.0,0.0,0,0.20762799977092072,0,0,
0.1,0,peak_hour,75,200,651.5381021908366,634.646490089127,651.5381021908366,647.6105603903786,647.6105603903786,0.6028107622948553,0.6028107622948553,0,0.2637880024849437,0,0,
0.1,0,peak_hour,187,76,555.1571360917361,616.8443187396902,555.1571360917361,551.5945231735561,551.5945231735561,0.6417305455641809,0.6417305455641809,0,0.3271470050094649,0,0,
0.1,0,peak_hour,33,172,541.9325699604561,485.86685156946714,541.9325699604561,485.86685156946714,485.86685156946714,10.345515567569597,10.345515567569597,0,0.19929699919885024,0,0,
0.1,0,peak_hour,130,144,706.9766816883705,703.1104573736568,706.9766816883705,706.9766816883705,706.9766816883705,0.0,0.0,0,0.4524750038399361,0,0,
0.1,0,peak_hour,90,166,803.2809815928197,807.9403747742389,803.2809815928197,789.5112093885912,789.5112093885912,1.7141912381548643,1.7141912381548643,0,0.9900689983624034,0,0,
0.1,0,peak_hour,131,28,762.0873089978513,696.7167592038724,762.0873089978513,655.8028541015158,657.8329580251324,13.68010590673842,13.68010590673842,0,0.8792560038273223,0,0,
0.1,0,peak_hour,50,23,483.9720172273035,483.9720172273035,483.9720172273035,471.1296666694168,471.1296666694168,2.6535316300849603,2.6535316300849603,0,0.3351780032971874,0,0,
0.1,0,peak_hour,16,158,563.4479151851017,559.8741586809602,563.4479151851017,549.217676884532,547.4585665906991,2.8377687029243583,2.8377687029243583,1,0.21621399719151668,0,0,
0.1,0,peak_hour,189,60,531.9936554763992,531.9936554763992,531.9936554763992,531.9936554763992,531.9936554763992,0.0,0.0,0,0.1747130008880049,0,0,
0.1,0,peak_hour,104,162,690.7934386843073,688.6458073807886,690.7934386843073,525.774869545136,525.774869545136,23.88826527557463,23.88826527557463,0,0.7586029969388619,0,0,
0.1,0,peak_hour,86,168,488.1946205949128,488.1946205949128,488.1946205949128,488.1946205949128,488.1946205949128,0.0,0.0,0,0.16253499779850245,0,0,
0.1,0,peak_hour,66,34,427.90294693064345,427.90294693064345,427.90294693064345,427.90294693064345,427.90294693064345,0.0,0.0,0,0.19394799892324954,0,0,
0.1,0,peak_hour,148,33,788.3350754514928,621.5740981636383,788.3350754514928,702.2774336328836,702.2774336328836,10.916378643855541,10.916378643855541,0,0.4874700025538914,0,0,
0.1,0,peak_hour,34,78,604.6503309744871,611.9650935405276,604.6503309744871,601.4657306554516,602.2190783069924,0.4020923404732772,0.4020923404732772,0,0.20595300156855956,0,0,
0.1,0,peak_hour,125,74,686.8892101265243,655.1750880217078,686.8892101265243,685.65707282289,685.65707282289,0.17937933592046948,0.17937933592046948,0,0.4843900023843162,0,0,
0.1,0,peak_hour,198,18,419.02914766396106,414.14970875919204,419.02914766396106,419.02914766396106,419.02914766396106,0.0,0.0,0,0.5272960042930208,0,0,
0.1,0,peak_hour,158,200,609.63857258191,609.63857258191,609.63857258191,609.63857258191,609.63857258191,0.0,0.0,0,0.20941199909429997,0,0,
0.1,0,peak_hour,54,148,618.4766452887958,618.4766452887958,618.4766452887958,897.9547236977099,897.9547236977099,-45.18813774745087,-45.18813774745087,0,0.2826089985319413,0,0,
0.1,0,peak_hour,92,186,758.3799029509612,728.7362368848501,758.3799029509612,758.3799029509612,758.3799029509612,0.0,0.0,0,0.25405500491615385,0,0,
0.1,0,peak_hour,130,17,665.3620337692022,672.9631254330245,665.3620337692022,639.3557661208417,738.1859729833068,-10.945009711715148,-10.945009711715148,0,1.5086750063346699,0,0,
0.1,0,peak_hour,162,8,458.46161818262647,420.8487783134232,458.46161818262647,458.46161818262647,458.46161818262647,0.0,0.0,0,0.2753510052571073,0,0,
0.1,0,peak_hour,140,21,330.045587826276,330.045587826276,330.045587826276,330.045587826276,330.045587826276,0.0,0.0,0,0.16672100173309445,0,0,
0.1,0,peak_hour,164,35,523.8800562381613,523.8800562381613,523.8800562381613,523.8800562381613,523.8800562381613,0.0,0.0,0,0.18770399765344337,0,0,
0.1,0,peak_hour,92,71,463.0798421809935,463.0798421809935,463.0798421809935,463.0798421809935,463.0798421809935,0.0,0.0,0,0.20241300080670044,0,0,
0.1,0,peak_hour,75,171,416.5212932732322,432.70284886484103,416.5212932732322,410.6745224870512,410.6745224870512,1.4037147393436062,1.4037147393436062,0,0.4257539985701442,0,0,
0.1,0,peak_hour,2,185,490.7464695978283,490.7464695978283,490.7464695978283,536.3507850174054,536.3507850174054,-9.292846356480226,-9.292846356480226,0,0.24613900313852355,0,0,
0.1,0,peak_hour,50,136,487.71095609608864,485.28073690053253,487.71095609608864,487.71095609608864,487.71095609608864,0.0,0.0,0,0.3387649994692765,0,0,
0.1,0,peak_hour,127,189,620.0790374304386,559.0499221648507,620.0790374304386,618.1292001788462,619.6365686917378,0.07135682904784614,0.07135682904784614,0,0.44047299888916314,0,0,
0.1,0,peak_hour,128,106,324.6090762972357,584.6994277053456,324.6090762972357,324.2929984612017,324.2929984612017,0.09737184173634912,0.09737184173634912,0,0.4014980004285462,0,0,
0.1,0,peak_hour,37,34,398.9529537935392,366.52197298826155,398.9529537935392,398.9529537935392,398.9529537935392,0.0,0.0,0,0.2852730031008832,0,0,
0.1,0,peak_hour,200,205,404.6834679539757,404.6834679539757,404.6834679539757,404.6834679539757,404.6834679539757,0.0,0.0,0,0.17930100148078054,0,0,
0.1,0,peak_hour,31,184,439.6588769593497,433.1984932717153,439.6588769593497,441.21654384216197,441.21654384216197,-0.3542898743646408,-0.3542898743646408,0,1.1799850035458803,0,0,
0.1,0,peak_hour,18,154,567.1201452072114,558.1347042704341,567.1201452072114,556.9637946391917,548.3101435671208,3.3167577979826306,3.3167577979826306,0,1.0675829980755225,0,0,
0.1,0,peak_hour,69,136,836.5652246142245,866.4231470231219,836.5652246142245,844.1381964373309,841.4697595327655,-0.5862704753000809,-0.5862704753000809,0,0.49142799980472773,0,0,
0.1,0,peak_hour,183,19,390.40868598047143,399.7267156826316,390.40868598047143,397.65567794659205,394.9361285738088,-1.159667485872438,-1.159667485872438,1,0.21621799896820448,0,0,
0.1,0,peak_hour,152,154,384.19075680375784,381.4777258859192,384.19075680375784,383.332239566515,383.332239566515,0.22346119005704268,0.22346119005704268,0,0.871071002620738,0,0,
0.1,0,peak_hour,184,31,326.01137368692,326.01137368692,326.01137368692,326.01137368692,326.01137368692,0.0,0.0,0,0.20085500000277534,0,0,
0.1,0,peak_hour,76,124,898.2865366090539,911.3347231937352,898.2865366090539,849.9901411372872,901.3257711118433,-0.33833686456687434,-0.33833686456687434,0,0.32770100369816646,0,0,
0.1,0,peak_hour,89,29,969.9268825677634,903.6028632316844,969.9268825677634,1070.8067909221804,750.7474767425308,22.597518407261976,22.597518407261976,0,2.658420999068767,0,0,
0.1,0,peak_hour,158,120,617.2372122365447,617.2372122365447,617.2372122365447,611.4073213009184,611.4073213009184,0.9445138465488506,0.9445138465488506,0,0.7438520042342134,0,0,
0.1,0,peak_hour,5,148,465.47909848974257,439.22068422097703,465.47909848974257,466.126874657828,466.126874657828,-0.13916332015490432,-0.13916332015490432,0,0.33208900276804343,0,0,
0.1,0,peak_hour,89,25,597.0293013858269,597.0293013858269,597.0293013858269,579.1845603831495,579.1845603831495,2.9889221452374533,2.9889221452374533,0,0.9490660013398156,0,0,
0.1,0,peak_hour,16,82,719.5929435053506,599.2062073212351,719.5929435053506,719.5929435053506,719.5929435053506,0.0,0.0,0,0.32335499417968094,0,0,
0.1,0,peak_hour,64,197,552.3530820051187,518.0824960114384,552.3530820051187,561.1047968065991,553.1078386995148,-0.13664388214440526,-0.13664388214440526,1,0.18335849745199084,0,0,
0.1,0,off_peak,18,160,470.5526345092964,468.52864946870255,470.5526345092964,467.6335701565077,467.6335701565077,0.6203481053363549,0.6203481053363549,1,0.8068099959928077,0,0,
0.1,0,off_peak,135,90,372.61305045070566,372.61305045070566,372.61305045070566,372.61305045070566,372.61305045070566,0.0,0.0,0,0.21101299353176728,0,0,
0.1,0,off_peak,89,177,451.0020131980052,440.9501915615443,451.0020131980052,451.0020131980052,451.0020131980052,0.0,0.0,0,0.1438429972040467,0,0,
0.1,0,off_peak,152,157,400.4752771918099,396.61318030287447,400.4752771918099,396.6036903960176,396.6036903960176,0.966748015742792,0.966748015742792,0,0.985313999990467,0,0,
0.1,0,off_peak,14,200,486.1354666910935,486.1354666910935,486.1354666910935,486.1354666910935,486.1354666910935,0.0,0.0,0,0.21628799731843174,0,0,
0.1,0,off_peak,92,184,346.05646714206273,347.37006796217884,346.05646714206273,347.8581254272715,347.8581254272715,-0.5206255210566963,-0.5206255210566963,0,0.2389659930486232,0,0,
0.1,0,off_peak,75,200,449.1201459538004,449.1201459538004,449.1201459538004,449.1201459538004,449.1201459538004,0.0,0.0,0,0.152366999827791,0,0,
0.1,0,off_peak,187,76,328.84373507331446,328.84373507331446,328.84373507331446,328.52048242799276,328.52048242799276,0.09829977306687444,0.09829977306687444,0,0.2128749983967282,0,0,
0.1,0,off_peak,33,172,393.19758630923315,393.19758630923315,393.19758630923315,393.19758630923315,393.19758630923315,0.0,0.0,0,0.19766600598813966,0,0,
0.1,0,off_peak,130,144,334.6940279477832,334.6940279477832,334.6940279477832,334.6940279477832,334.6940279477832,0.0,0.0,0,0.17865900008473545,0,0,
0.1,0,off_peak,90,166,420.6915952638841,420.6915952638841,420.6915952638841,420.6915952638841,420.6915952638841,0.0,0.0,0,0.17304100038018078,0,0,
0.1,0,off_peak,131,28,424.2812430621394,424.2812430621394,424.2812430621394,424.2812430621394,424.2812430621394,0.0,0.0,0,0.25316800019936636,0,0,
0.1,0,off_peak,50,23,412.3974679183358,408.2800901538965,412.3974679183358,412.3974679183358,412.3974679183358,0.0,0.0,0,0.5016409995732829,0,0,
0.1,0,off_peak,16,158,446.28287230990526,446.28287230990526,446.28287230990526,446.28287230990526,446.28287230990526,0.0,0.0,0,0.19800500012934208,0,0,
0.1,0,off_peak,189,60,645.347422113689,645.347422113689,645.347422113689,645.347422113689,645.347422113689,0.0,0.0,0,0.15068399807205424,0,0,
0.1,0,off_peak,104,162,385.134239939415,385.134239939415,385.134239939415,385.134239939415,385.134239939415,0.0,0.0,0,0.21533600374823436,0,0,
0.1,0,off_peak,86,168,375.7970102156827,375.7970102156827,375.7970102156827,375.7970102156827,375.7970102156827,0.0,0.0,0,0.16141499509103596,0,0,
0.1,0,off_peak,66,34,420.31699432864616,420.31699432864616,420.31699432864616,420.31699432864616,420.31699432864616,0.0,0.0,0,0.23936400248203427,0,0,
0.1,0,off_peak,148,33,369.8155093822752,369.8155093822752,369.8155093822752,369.8155093822752,369.8155093822752,0.0,0.0,0,0.167088997841347,0,0,
0.1,0,off_peak,34,78,464.71219258466414,463.8456985372546,464.71219258466414,464.71219258466414,464.71219258466414,0.0,0.0,0,0.2190730010624975,0,0,
0.1,0,off_peak,125,74,347.9416595255686,347.64112066704,347.9416595255686,348.336747116864,348.336747116864,-0.11354995312551079,-0.11354995312551079,0,0.5448980009532534,0,0,
0.1,0,off_peak,198,18,406.06997345286453,406.4403475209803,406.06997345286453,406.06997345286453,406.06997345286453,0.0,0.0,0,0.42634100100258365,0,0,
0.1,0,off_peak,158,200,486.4215610844868,486.4215610844868,486.4215610844868,486.4215610844868,486.4215610844868,0.0,0.0,0,0.17353900329908356,0,0,
0.1,0,off_peak,54,148,349.22232202210625,349.22232202210625,349.22232202210625,349.22232202210625,349.22232202210625,0.0,0.0,0,0.1896149988169782,0,0,
0.1,0,off_peak,92,186,633.1065722829006,633.1065722829006,633.1065722829006,633.1065722829006,633.1065722829006,0.0,0.0,0,0.23765000514686108,0,0,
0.1,0,off_peak,130,17,382.5287255442765,382.39783215122924,382.5287255442765,413.0663719429791,413.0663719429791,-7.98309887845743,-7.98309887845743,0,0.3925599958165549,0,0,
0.1,0,off_peak,162,8,423.3809384332039,423.3809384332039,423.3809384332039,423.45735877872175,423.3809384332039,0.0,0.0,0,0.25797800481086597,0,0,
0.1,0,off_peak,140,21,309.4903906178253,309.4903906178253,309.4903906178253,309.4903906178253,309.4903906178253,0.0,0.0,0,0.1620620023459196,0,0,
0.1,0,off_peak,164,35,415.51948601452324,415.51948601452324,415.51948601452324,415.51948601452324,415.51948601452324,0.0,0.0,0,0.20677800057455897,0,0,
0.1,0,off_peak,92,71,474.4650845676067,474.4650845676067,474.4650845676067,474.4650845676067,474.4650845676067,0.0,0.0,0,0.19297799735795707,0,0,
0.1,0,off_peak,75,171,293.8167254997655,293.8167254997655,293.8167254997655,293.8167254997655,293.8167254997655,0.0,0.0,0,0.15581499610561877,0,0,
0.1,0,off_peak,2,185,471.28702815932553,471.28702815932553,471.28702815932553,471.28702815932553,471.28702815932553,0.0,0.0,0,0.2993789967149496,0,0,
0.1,0,off_peak,50,136,422.1322040823196,422.1322040823196,422.1322040823196,422.1322040823196,422.1322040823196,0.0,0.0,0,0.6998219978413545,0,0,
0.1,0,off_peak,127,189,411.3129796203758,415.56971870658055,411.3129796203758,411.3129796203758,411.3129796203758,0.0,0.0,0,0.4973499962943606,0,0,
0.1,0,off_peak,128,106,367.717572337071,333.8139744827484,367.717572337071,366.82694391879926,366.82694391879926,0.2422044757369703,0.2422044757369703,0,0.5322530050761998,0,0,
0.1,0,off_peak,37,34,333.8882973087119,333.8882973087119,333.8882973087119,333.8882973087119,333.8882973087119,0.0,0.0,0,0.2406229978078045,0,0,
0.1,0,off_peak,200,205,382.0432067363669,382.0432067363669,382.0432067363669,382.0432067363669,382.0432067363669,0.0,0.0,0,0.19437200535321608,0,0,
0.1,0,off_peak,31,184,356.1731864701397,354.81442695098804,356.1731864701397,356.1731864701397,356.1731864701397,0.0,0.0,0,1.7915660064318217,0,0,
0.1,0,off_peak,18,154,413.36808735952343,410.83726811309236,413.36808735952343,410.104203827075,410.8441105980303,0.6105881993976805,0.6105881993976805,0,1.261721998162102,0,0,
0.1,0,off_peak,69,136,377.4654542208881,381.6895914940037,377.4654542208881,377.4654542208881,377.4654542208881,0.0,0.0,0,0.24263600062113255,0,0,
0.1,0,off_peak,183,19,353.6264549813446,359.9050659682306,353.6264549813446,360.02032433336717,360.02032433336717,-1.8080856966314631,-1.8080856966314631,0,0.41539800440659747,0,0,
0.1,0,off_peak,152,154,365.69450001355267,363.1636807671216,365.69450001355267,365.0702116711208,365.81011844207603,-0.03161612452992246,-0.03161612452992246,0,0.9926080019795336,0,0,
0.1,0,off_peak,184,31,271.99881707356485,271.99881707356485,271.99881707356485,271.99881707356485,271.99881707356485,0.0,0.0,0,0.19236300431657583,0,0,
0.1,0,off_peak,76,124,490.53377592038146,490.53377592038146,490.53377592038146,490.53377592038146,490.53377592038146,0.0,0.0,0,0.18422299763187766,0,0,
0.1,0,off_peak,89,29,594.3607744618993,575.4324348048547,594.3607744618993,555.4422898796387,555.4422898796387,6.54795643563376,6.54795643563376,0,0.9696810011519119,0,0,
0.1,0,off_peak,158,120,378.93291325323196,378.93291325323196,378.93291325323196,378.93291325323196,378.93291325323196,0.0,0.0,0,0.17453599866712466,0,0,
0.1,0,off_peak,5,148,386.42605843026644,386.42605843026644,386.42605843026644,386.42605843026644,386.42605843026644,0.0,0.0,0,0.17299799947068095,0,0,
0.1,0,off_peak,89,25,359.19726279689945,359.19726279689945,359.19726279689945,359.19726279689945,359.19726279689945,0.0,0.0,0,0.12932899699080735,0,0,
0.1,0,off_peak,16,82,431.3457447357479,431.3457447357479,431.3457447357479,431.3457447357479,431.3457447357479,0.0,0.0,0,0.2293700017617084,0,0,
0.1,0,off_peak,64,197,454.77354555761036,454.77354555761036,454.77354555761036,453.370305471036,454.77354555761036,0.0,0.0,0,0.22003299818607047,0,0,
0.1,0,incident,18,160,897.7379222825778,767.2456869098278,893.3399606579095,606.2367207062692,893.3399606579095,0.4898937112388046,0.0,1,0.5517544996109791,13,1,True
0.1,0,incident,135,90,994.4846005090574,994.4846005090574,994.4846005090574,967.8496847464755,967.8496847464755,2.6782632681238048,2.6782632681238048,0,0.2740629934123717,10,2,True
0.1,0,incident,89,177,919.7671338118487,827.8147854185561,934.9405842456027,891.4696485690448,794.8098671203817,13.585750359832794,14.988194917037598,1,0.22792399613535963,11,1,True
0.1,0,incident,152,157,594.0627087301988,430.5635732710727,485.5151409104378,526.5056425933949,485.5151409104378,18.272072329162008,0.0,1,0.8082615022431128,12,2,True
0.1,0,incident,14,200,991.8869111937554,880.4698346509813,845.521671433667,846.3562838645338,991.8869111937554,0.0,-17.31064320467521,0,0.21264399401843548,14,1,True
0.1,0,incident,92,184,534.6416784546445,528.3198607227439,534.6416784546445,534.6416784546445,534.6416784546445,0.0,0.0,0,0.1879539995570667,9,0,False
0.1,0,incident,75,200,992.6743114787519,881.2572349359776,992.6743114787519,992.6743114787519,992.6743114787519,0.0,0.0,0,0.2223999981652014,12,0,False
0.1,0,incident,187,76,578.0820294483877,578.0820294483877,578.0820294483877,578.0820294483877,578.0820294483877,0.0,0.0,0,0.20766100351465866,8,0,False
0.1,0,incident,33,172,975.3717075537346,975.3717075537346,975.3717075537346,975.3717075537346,975.3717075537346,0.0,0.0,0,0.1949419965967536,9,0,False
0.1,0,incident,130,144,609.3695769233575,609.3695769233575,609.3695769233575,609.3695769233575,609.3695769233575,0.0,0.0,0,0.15467499906662852,8,1,True
0.1,0,incident,90,166,793.373691063385,496.6337189128914,496.6337189128914,496.6337189128914,496.6337189128914,37.402295474754546,0.0,0,0.20545200095511973,9,1,True
0.1,0,incident,131,28,963.8045158293787,847.9373734646979,1036.5271068990191,863.4328252221337,900.0827421964957,6.611483198753097,13.163607955292592,0,0.24639799812575802,13,1,True
0.1,0,incident,50,23,645.5619623538865,586.4748236437969,586.4748236437969,586.4748236437969,586.4748236437969,9.152822216266062,0.0,0,1.219608006067574,11,1,True
0.1,0,incident,16,158,924.9161409168588,924.9161409168588,924.9161409168588,924.9161409168588,924.9161409168588,0.0,0.0,0,0.21990299865137786,8,0,False
0.1,0,incident,189,60,722.6633070149845,722.6633070149845,722.6633070149845,722.6633070149845,722.6633070149845,0.0,0.0,0,0.18022899894276634,11,0,False
0.1,0,incident,104,162,605.4050286650571,605.4050286650571,605.4050286650571,605.4050286650571,605.4050286650571,0.0,0.0,0,0.24714000028325245,9,1,True
0.1,0,incident,86,168,1130.7906091881014,933.368988759679,1110.2064682523064,1115.5043989412397,933.368988759679,17.458724791689725,15.928341668825437,0,0.17046900029527023,12,1,True
0.1,0,incident,66,34,1266.7680767691736,1141.9495853578499,1266.7680767691736,1263.3852976738247,1256.6819197337156,0.7962118102298721,0.7962118102298721,0,0.25370300136273727,12,0,False
0.1,0,incident,148,33,1341.1443427765066,1256.2390036930892,1175.2972316099092,1064.1102357203254,1341.1443427765066,0.0,-14.111078177170711,0,0.5018000010750256,14,2,True
0.1,0,incident,34,78,1387.0097688295227,1054.2119944267313,1282.8557907059233,1261.8960811767552,1054.2119944267313,23.9939027021875,17.82303185873878,0,0.23200299619929865,15,1,True
0.1,0,incident,125,74,559.6083733691617,473.25940604796983,527.1059064517034,489.87684545187733,527.1059064517034,5.8080737287354856,0.0,1,0.3065724995394703,13,4,True
0.1,0,incident,198,18,635.9635843587406,635.9635843587406,635.9635843587406,635.8471189930902,635.9635843587406,0.0,0.0,0,0.3961809998145327,13,1,True
0.1,0,incident,158,200,811.5610213373265,811.5610213373265,811.5610213373265,811.5610213373265,811.5610213373265,0.0,0.0,0,0.1937749984790571,12,1,True
0.1,0,incident,54,148,1175.0505591076503,1175.0505591076503,1175.0505591076503,1175.0505591076503,1175.0505591076503,0.0,0.0,0,0.15309899754356593,9,1,True
0.1,0,incident,92,186,1298.3685897862786,994.416366537274,1286.7072670568339,1093.8517890702317,1093.8517890702317,15.75182905107955,14.988294767910388,0,0.2668510060175322,18,0,False
0.1,0,incident,130,17,579.2181509172892,579.0958340338934,579.2181509172892,579.2181509172892,544.7057983560807,5.958437681304091,5.958437681304091,0,0.20824500097660348,10,2,True
0.1,0,incident,162,8,1086.3734314859328,900.2868874790064,1086.3734314859328,1086.3734314859328,1086.3734314859328,0.0,0.0,0,0.28567099798237905,13,0,False
0.1,0,incident,140,21,840.481379062856,841.171276960289,840.481379062856,840.481379062856,840.481379062856,0.0,0.0,0,0.18432600336382166,10,0,False
0.1,0,incident,164,35,644.8937601608347,644.8937601608347,644.8937601608347,644.8937601608347,644.8937601608347,0.0,0.0,0,0.19042899657506496,11,0,False
0.1,0,incident,92,71,694.7300245342961,694.7300245342961,694.7300245342961,694.7300245342961,694.7300245342961,0.0,0.0,0,0.2043979984591715,12,0,False
0.1,0,incident,75,171,492.27775690252673,492.27775690252673,492.27775690252673,492.27775690252673,492.27775690252673,0.0,0.0,0,0.1715059988782741,8,1,True
0.1,0,incident,2,185,784.0486812031646,784.0486812031646,784.0486812031646,784.0486812031646,784.0486812031646,0.0,0.0,0,0.2899590035667643,13,0,False
0.1,0,incident,50,136,641.6063228936277,596.2689160674893,641.6063228936277,641.6063228936277,641.6063228936277,0.0,0.0,0,0.3444379981374368,11,1,True
0.1,0,incident,127,189,667.8996138482223,651.9455768600092,646.6051787688075,637.0720625605204,637.6636545959047,4.527021520211356,1.3828414102603053,0,0.8006659991224296,14,1,True
0.1,0,incident,128,106,697.266088219382,663.8141417850752,720.4374311478048,680.3124228984034,754.0852019434195,-8.148842268973276,-4.670463990468532,0,0.585478002903983,12,1,True
0.1,0,incident,37,34,506.7460763310718,506.7460763310718,506.7460763310718,509.36100214922214,506.7460763310718,0.0,0.0,0,0.26571800117380917,9,2,True
0.1,0,incident,200,205,598.9465786224499,598.9465786224499,598.9465786224499,598.9465786224499,598.9465786224499,0.0,0.0,0,0.18884499877458438,10,0,False
0.1,0,incident,31,184,586.0324120131829,594.2724474611358,586.0324120131829,586.0324120131829,586.0324120131829,0.0,0.0,0,1.1129210033686832,9,1,True
0.1,0,incident,18,154,700.033380272781,665.5483229607607,650.8807853931654,650.8807853931654,650.8807853931654,7.021464442233073,0.0,1,0.7650810002814978,14,0,False
0.1,0,incident,69,136,692.726733905197,621.1855865828659,602.2488977816504,602.2488977816504,602.2488977816504,13.061115111507867,0.0,0,0.23148400214267895,10,2,True
0.1,0,incident,183,19,572.1993673090567,573.0025099568087,531.0690119420367,466.53860596490495,573.0025099568087,-0.14036063191209425,-7.896054386872946,0,0.33242000063182786,12,1,True
0.1,0,incident,152,154,833.8872392713895,635.2497761878519,778.6438042966829,740.5872892391167,833.8872392713895,0.0,-7.094827528308111,0,0.8151450019795448,11,2,True
0.1,0,incident,184,31,414.4089128150856,414.4089128150856,414.4089128150856,414.4089128150856,414.4089128150856,0.0,0.0,0,0.21536499843932688,8,1,True
0.1,0,incident,76,124,609.950956456235,517.1941674867973,517.1941674867973,517.1941674867973,517.1941674867973,15.207253630414327,0.0,0,0.1906160032376647,9,1,True
0.1,0,incident,89,29,806.8476644050237,854.7965788895089,859.2153615219862,744.8540290045805,854.7965788895089,-5.942746890126167,0.5142811488670397,0,0.883849999809172,13,3,True
0.1,0,incident,158,120,777.5619159295679,688.6954957242186,680.2976559346253,652.787752998091,680.2976559346253,12.508876528329473,0.0,1,0.4618029997800477,11,2,True
0.1,0,incident,5,148,1146.7579562895526,1031.6574828505477,1057.9344892949166,1057.9344892949166,1057.9344892949166,7.745615934685378,0.0,0,0.28903899510623887,15,0,False
0.1,0,incident,89,25,1008.0155920480585,1008.0155920480585,709.384189911633,699.2150429515464,709.384189911633,29.625672905482975,0.0,1,0.7444759976351634,8,2,True
0.1,0,incident,16,82,1039.3061170311587,1006.52406030376,1006.52406030376,1006.52406030376,1006.52406030376,3.1542253230494386,0.0,0,0.21245600510155782,8,0,False
0.1,0,incident,64,197,1292.2403721481767,1000.6240029418872,1151.4850208098715,1151.4850208098715,1151.4850208098715,10.892350554279487,0.0,0,0.21553699480136856,12,0,False
0.1,1,peak_hour,18,160,535.9512520865208,535.9512520865208,535.9512520865208,535.2411100669519,535.2411100669519,0.13250123342452413,0.13250123342452413,0,1.8185519948019646,0,0,
0.1,1,peak_hour,135,90,441.65016659990766,441.1198057268021,441.65016659990766,441.65016659990766,441.65016659990766,0.0,0.0,0,0.2295949961990118,0,0,
0.1,1,peak_hour,89,177,749.8814894216359,676.3350382538896,749.8814894216359,750.2101517557307,750.2101517557307,-0.04382857007822717,-0.04382857007822717,0,0.2784750031423755,0,0,
0.1,1,peak_hour,152,157,400.1627649434953,399.26792646142246,400.1627649434953,400.1627649434953,400.1627649434953,0.0,0.0,0,0.7234989971038885,0,0,
0.1,1,peak_hour,14,200,630.6968060275057,630.6968060275057,630.6968060275057,630.6968060275057,630.6968060275057,0.0,0.0,0,0.21462699805852026,0,0,
0.1,1,peak_hour,92,184,362.23215387228237,363.35438874874825,362.23215387228237,362.23215387228237,362.23215387228237,0.0,0.0,0,0.1764250046107918,0,0,
0.1,1,peak_hour,75,200,634.646490089127,634.646490089127,634.646490089127,634.646490089127,634.646490089127,0.0,0.0,0,0.16369600052712485,0,0,
0.1,1,peak_hour,187,76,471.10978409774617,563.2651414036953,471.10978409774617,509.38332687479686,494.13092286884984,-4.886576239377619,-4.886576239377619,0,0.6566220035892911,0,0,
0.1,1,peak_hour,33,172,564.872739835663,485.86685156946714,564.872739835663,473.15853431420715,473.15853431420715,16.23625978979584,16.23625978979584,0,0.4016150051029399,0,0,
0.1,1,peak_hour,130,144,703.1104573736568,703.1104573736568,703.1104573736568,693.5924834399741,693.5924834399741,1.3536954021755536,1.3536954021755536,1,0.2131549990735948,0,0,
0.1,1,peak_hour,90,166,665.9883399481157,807.9403747742389,665.9883399481157,665.9883399481157,665.9883399481157,0.0,0.0,0,0.30980000155977905,0,0,
0.1,1,peak_hour,131,28,762.0873089978513,694.4419927147837,762.0873089978513,792.1843734949528,792.1843734949528,-3.9492934919332563,-3.9492934919332563,0,0.24448300246149302,0,0,
0.1,1,peak_hour,50,23,486.1705868418612,485.37908699026235,486.1705868418612,484.2664789434821,484.2664789434821,0.3916542773079056,0.3916542773079056,0,0.773462001234293,0,0,
0.1,1,peak_hour,16,158,538.653595670849,538.653595670849,538.653595670849,537.7348502829307,537.7348502829307,0.1705633073467345,0.1705633073467345,0,0.17657999705988914,0,0,
0.1,1,peak_hour,189,60,547.0378547815341,531.9936554763992,547.0378547815341,539.4532107261981,547.0378547815341,0.0,0.0,0,0.191300998267252,0,0,
0.1,1,peak_hour,104,162,688.6458073807886,688.6458073807886,688.6458073807886,688.6458073807886,688.6458073807886,0.0,0.0,0,0.28157800261396915,0,0,
0.1,1,peak_hour,86,168,487.8865199916466,488.1946205949128,487.8865199916466,532.1945329762988,488.1946205949128,-0.06315005449863359,-0.06315005449863359,0,0.16923300427151844,0,0,
0.1,1,peak_hour,66,34,427.90294693064345,427.90294693064345,427.90294693064345,427.90294693064345,427.90294693064345,0.0,0.0,0,0.19537000480340794,0,0,
0.1,1,peak_hour,148,33,621.5740981636383,621.5740981636383,621.5740981636383,621.5740981636383,621.5740981636383,0.0,0.0,0,0.20098499953746796,0,0,
0.1,1,peak_hour,34,78,634.978411685359,635.706625328044,634.978411685359,634.978411685359,636.9193937127867,-0.30567685321394716,-0.30567685321394716,0,0.2315480014658533,0,0,
0.1,1,peak_hour,125,74,685.4864235496156,653.9037414527447,685.4864235496156,685.4864235496156,685.4864235496156,0.0,0.0,0,0.32974300120258704,0,0,
0.1,1,peak_hour,198,18,416.12093912907994,415.16410637407364,416.12093912907994,414.296108378201,413.37237381050784,0.6605207909807935,0.6605207909807935,1,0.29118749807821587,0,0,
0.1,1,peak_hour,158,200,609.63857258191,609.63857258191,609.63857258191,609.63857258191,609.63857258191,0.0,0.0,0,0.21546700008912012,0,0,
0.1,1,peak_hour,54,148,618.8330338189036,618.4766452887958,618.8330338189036,714.6243321166878,714.6243321166878,-15.479344679879642,-15.479344679879642,0,0.2169639992644079,0,0,
0.1,1,peak_hour,92,186,773.1886320079941,729.858471761316,773.1886320079941,728.7362368848501,773.1886320079941,0.0,0.0,0,0.31578500056639314,0,0,
0.1,1,peak_hour,130,17,565.6669692199999,706.8384096250273,565.6669692199999,572.2524866934846,572.2524866934846,-1.1642039984348778,-1.1642039984348778,0,1.323600998148322,0,0,
0.1,1,peak_hour,162,8,463.0884625040243,420.8487783134232,463.0884625040243,463.0884625040243,463.0884625040243,0.0,0.0,0,0.3497180005069822,0,0,
0.1,1,peak_hour,140,21,330.045587826276,330.045587826276,330.045587826276,330.045587826276,330.045587826276,0.0,0.0,0,0.17046300490619615,0,0,
0.1,1,peak_hour,164,35,414.3660265950163,524.0907703446031,414.3660265950163,414.1553124885744,414.1553124885744,0.05085216762904538,0.05085216762904538,0,0.19908099784515798,0,0,
0.1,1,peak_hour,92,71,463.0798421809935,463.79647697078514,463.0798421809935,463.79647697078514,463.79647697078514,-0.15475404552623948,-0.15475404552623948,0,0.1634700020076707,0,0,
0.1,1,peak_hour,75,171,432.70284886484103,432.70284886484103,432.70284886484103,432.70284886484103,432.70284886484103,0.0,0.0,0,0.20541800040518865,0,0,
0.1,1,peak_hour,2,185,490.7464695978283,494.35951312911305,490.7464695978283,490.7464695978283,490.7464695978283,0.0,0.0,0,0.3274490009061992,0,0,
0.1,1,peak_hour,50,136,488.8927512294969,489.43350590743404,488.8927512294969,486.8633010703199,486.8633010703199,0.41511152580463667,0.41511152580463667,0,0.6878770000184886,0,0,
0.1,1,peak_hour,127,189,617.1237891920536,617.3269478314062,617.1237891920536,617.5862634226447,617.5862634226447,-0.07494026947116182,-0.07494026947116182,0,0.32784500217530876,0,0,
0.1,1,peak_hour,128,106,320.64949243376554,587.3549381621975,320.64949243376554,320.6743891261782,320.6743891261782,-0.007764457140937533,-0.007764457140937533,0,0.5592050001723692,0,0,
0.1,1,peak_hour,37,34,366.52197298826155,366.52197298826155,366.52197298826155,407.3300516284404,407.3300516284404,-11.133869630644435,-11.133869630644435,0,0.33969200012506917,0,0,
0.1,1,peak_hour,200,205,404.6834679539757,404.6834679539757,404.6834679539757,404.6834679539757,404.6834679539757,0.0,0.0,0,0.18982299661729485,0,0,
0.1,1,peak_hour,31,184,738.0225703564334,717.6681679011797,738.0225703564334,439.6588769593497,723.4039490091637,1.9807824224413,1.9807824224413,0,2.1941980012343265,0,0,
0.1,1,peak_hour,18,154,565.5563256247088,565.9137559873659,565.5563256247088,567.7180596128956,564.8621925416692,0.12273456269328081,0.12273456269328081,0,0.6863259986857884,0,0,
0.1,1,peak_hour,69,136,716.4425807943401,819.0940135021706,716.4425807943401,715.7359612517392,715.7359612517392,0.09862891479975751,0.09862891479975751,0,0.397080002585426,0,0,
0.1,1,peak_hour,183,19,372.5463778408351,366.0447701888896,372.5463778408351,378.64297214182136,366.0447701888896,1.745180744912039,1.745180744912039,0,0.3102109985775314,0,0,
0.1,1,peak_hour,152,154,374.8902225281033,388.24558434312377,374.8902225281033,387.29656028788565,387.29656028788565,-3.3093255076430546,-3.3093255076430546,0,0.9462560046813451,0,0,
0.1,1,peak_hour,184,31,326.01137368692,326.01137368692,326.01137368692,326.01137368692,326.01137368692,0.0,0.0,0,0.20980200497433543,0,0,
0.1,1,peak_hour,76,124,997.5996639212968,911.3347231937352,997.5996639212968,911.3347231937352,911.3347231937352,8.64725037982444,8.64725037982444,0,0.22265499865170568,0,0,
0.1,1,peak_hour,89,29,751.5159063877647,751.5159063877647,751.5159063877647,751.5159063877647,751.5159063877647,0.0,0.0,0,0.3668369972729124,0,0,
0.1,1,peak_hour,158,120,617.2372122365447,617.2372122365447,617.2372122365447,633.2643269021971,633.2643269021971,-2.5965891796410934,-2.5965891796410934,0,0.2158659990527667,0,0,
0.1,1,peak_hour,5,148,420.88335422262884,439.22068422097703,420.88335422262884,456.02088527232013,456.48940091835954,-8.459837230078874,-8.459837230078874,0,0.2068800022243522,0,0,
0.1,1,peak_hour,89,25,597.0293013858269,597.0293013858269,597.0293013858269,622.5907037198691,622.5907037198691,-4.281431794839714,-4.281431794839714,0,0.28037499578204006,0,0,
0.1,1,peak_hour,16,82,682.6089014372399,701.7353492149131,682.6089014372399,682.6089014372399,784.8791521142781,-14.982261506069902,-14.982261506069902,0,0.2929780021077022,0,0,
0.1,1,peak_hour,64,197,518.0824960114384,518.0824960114384,518.0824960114384,518.0824960114384,518.0824960114384,0.0,0.0,0,0.20385000243550166,0,0,
0.1,1,off_peak,18,160,461.17843618384,457.40748482024685,461.17843618384,461.17843618384,461.17843618384,0.0,0.0,0,1.3546960035455413,0,0,
0.1,1,off_peak,135,90,372.61305045070566,372.61305045070566,372.61305045070566,372.61305045070566,372.61305045070566,0.0,0.0,0,0.1990550008486025,0,0,
0.1,1,off_peak,89,177,451.0020131980052,440.9501915615443,451.0020131980052,451.0020131980052,451.0020131980052,0.0,0.0,0,0.17852999735623598,0,0,
0.1,1,off_peak,152,157,379.08234612818296,378.65084299519003,379.08234612818296,378.07392350093016,378.07392350093016,0.2660167738098282,0.2660167738098282,0,0.7560249941889197,0,0,
0.1,1,off_peak,14,200,486.1354666910935,486.1354666910935,486.1354666910935,486.1354666910935,486.1354666910935,0.0,0.0,0,0.21062900486867875,0,0,
0.1,1,off_peak,92,184,346.18300609854725,346.9579294983144,346.18300609854725,346.18300609854725,346.18300609854725,0.0,0.0,0,0.15653800073778257,0,0,
0.1,1,off_peak,75,200,449.1201459538004,449.1201459538004,449.1201459538004,449.1201459538004,449.1201459538004,0.0,0.0,0,0.1922230003401637,0,0,
0.1,1,off_peak,187,76,329.76777465686786,329.76777465686786,329.76777465686786,328.52048242799276,328.52048242799276,0.3782335099822708,0.3782335099822708,0,0.2166600024793297,0,0,
0.1,1,off_peak,33,172,393.19758630923315,393.19758630923315,393.19758630923315,393.19758630923315,393.19758630923315,0.0,0.0,0,0.19685000006575137,0,0,
0.1,1,off_peak,130,144,334.6940279477832,334.6940279477832,334.6940279477832,334.6940279477832,334.6940279477832,0.0,0.0,0,0.16011000116122887,0,0,
0.1,1,off_peak,90,166,420.6915952638841,420.6915952638841,420.6915952638841,420.6915952638841,420.6915952638841,0.0,0.0,0,0.16697200044291094,0,0,
0.1,1,off_peak,131,28,424.5272991409437,426.21681900473646,424.5272991409437,425.57051126052176,424.5272991409437,0.0,0.0,0,0.2613629985717125,0,0,
0.1,1,off_peak,50,23,413.440901231265,408.8736164715941,413.440901231265,412.96946150701297,412.96946150701297,0.11402832251188634,0.11402832251188634,0,0.8798879935056902,0,0,
0.1,1,off_peak,16,158,449.5674304679016,449.5674304679016,449.5674304679016,449.5674304679016,449.5674304679016,0.0,0.0,0,0.1816790027078241,0,0,
0.1,1,off_peak,189,60,645.347422113689,645.347422113689,645.347422113689,645.347422113689,645.347422113689,0.0,0.0,0,0.1380319954478182,0,0,
0.1,1,off_peak,104,162,392.2328090574347,385.134239939415,392.2328090574347,385.134239939415,385.134239939415,1.8097846365983687,1.8097846365983687,0,0.2021609980147332,0,0,
0.1,1,off_peak,86,168,375.7970102156827,375.7970102156827,375.7970102156827,375.7970102156827,375.7970102156827,0.0,0.0,0,0.16489699919475242,0,0,
0.1,1,off_peak,66,34,420.31699432864616,420.31699432864616,420.31699432864616,420.31699432864616,420.31699432864616,0.0,0.0,0,0.190069004020188,0,0,
0.1,1,off_peak,148,33,369.8155093822752,369.8155093822752,369.8155093822752,369.8155093822752,369.8155093822752,0.0,0.0,0,0.16500699712196365,0,0,
0.1,1,off_peak,34,78,465.48313135020254,465.5194342346656,465.48313135020254,465.48313135020254,465.48313135020254,0.0,0.0,0,0.23250900267157704,0,0,
0.1,1,off_peak,125,74,350.6184180513068,345.46536678567355,350.6184180513068,345.7659056442021,345.7659056442021,1.3839867380824746,1.3839867380824746,0,0.32598299731034786,0,0,
0.1,1,off_peak,198,18,406.5939106343516,408.17255434716947,406.5939106343516,407.3389260529585,407.3389260529585,-0.1832332947251007,-0.1832332947251007,0,0.3859190037474036,0,0,
0.1,1,off_peak,158,200,486.4215610844868,486.4215610844868,486.4215610844868,486.4215610844868,486.4215610844868,0.0,0.0,0,0.16836000577313825,0,0,
0.1,1,off_peak,54,148,349.22232202210625,349.22232202210625,349.22232202210625,349.22232202210625,349.22232202210625,0.0,0.0,0,0.2058589961961843,0,0,
0.1,1,off_peak,92,186,637.9070535106806,639.019682179211,637.9070535106806,633.1065722829006,633.1065722829006,0.7525361573227388,0.7525361573227388,0,0.2324009983567521,0,0,
0.1,1,off_peak,130,17,382.0366684489177,376.54889138793305,382.0366684489177,382.0366684489177,382.0366684489177,0.0,0.0,0,0.1739490035106428,0,0,
0.1,1,off_peak,162,8,423.3809384332039,423.3809384332039,423.3809384332039,423.3809384332039,423.3809384332039,0.0,0.0,0,0.19306200556457043,0,0,
0.1,1,off_peak,140,21,309.4903906178253,309.4903906178253,309.4903906178253,309.4903906178253,309.4903906178253,0.0,0.0,0,0.15497000276809558,0,0,
0.1,1,off_peak,164,35,415.51948601452324,418.271034309131,415.51948601452324,415.51948601452324,415.51948601452324,0.0,0.0,0,0.20666600175900385,0,0,
0.1,1,off_peak,92,71,481.4563566933529,481.9858112974302,481.4563566933529,474.4650845676067,474.4650845676067,1.452109215830555,1.452109215830555,0,0.1869610059657134,0,0,
0.1,1,off_peak,75,171,293.8167254997655,293.8167254997655,293.8167254997655,293.8167254997655,293.8167254997655,0.0,0.0,0,0.15342500410042703,0,0,
0.1,1,off_peak,2,185,471.28702815932553,474.4716225138547,471.28702815932553,471.28702815932553,471.28702815932553,0.0,0.0,0,0.2666750006028451,0,0,
0.1,1,off_peak,50,136,422.0842289696236,424.82725448920894,422.0842289696236,424.8286043534948,424.8286043534948,-0.6501961446346107,-0.6501961446346107,0,0.26633199740899727,0,0,
0.1,1,off_peak,127,189,402.0768845198961,402.5231055531654,402.0768845198961,402.0678912581424,402.0678912581424,0.0022367020089766945,0.0022367020089766945,0,0.37999100459273905,0,0,
0.1,1,off_peak,128,106,335.47034926390614,337.39337223865095,335.47034926390614,335.9649100319719,335.9649100319719,-0.14742309391900818,-0.14742309391900818,0,0.4977120042894967,0,0,
0.1,1,off_peak,37,34,333.8882973087119,333.8882973087119,333.8882973087119,333.8882973087119,333.8882973087119,0.0,0.0,0,0.20072400366188958,0,0,
0.1,1,off_peak,200,205,382.0432067363669,382.0432067363669,382.0432067363669,382.0432067363669,382.0432067363669,0.0,0.0,0,0.1812289992813021,0,0,
0.1,1,off_peak,31,184,458.2953628550536,459.02941331329095,458.2953628550536,465.2797415895446,458.2953628550536,0.0,0.0,0,2.253485996334348,0,0,
0.1,1,off_peak,18,154,405.6200606290172,412.0480021810365,405.6200606290172,409.10387088853224,409.10387088853224,-0.8588850990536608,-0.8588850990536608,0,1.5414830049849115,0,0,
0.1,1,off_peak,69,136,354.2164360106525,354.2164360106525,354.2164360106525,349.811825945089,349.811825945089,1.243479866482258,1.243479866482258,0,0.23901199892861769,0,0,
0.1,1,off_peak,183,19,346.28580805486,346.45318146463626,346.28580805486,346.8606903939252,346.78518100186,-0.14420832023265326,-0.14420832023265326,1,0.21783949705422856,0,0,
0.1,1,off_peak,152,154,360.86553763583504,364.37441483506564,360.86553763583504,364.34934789535004,364.34934789535004,-0.9654039790939137,-0.9654039790939137,0,0.9142979979515076,0,0,
0.1,1,off_peak,184,31,271.99881707356485,271.99881707356485,271.99881707356485,271.99881707356485,271.99881707356485,0.0,0.0,0,0.18849800108000636,0,0,
0.1,1,off_peak,76,124,490.53377592038146,490.53377592038146,490.53377592038146,490.53377592038146,490.53377592038146,0.0,0.0,0,0.16534499445697293,0,0,
0.1,1,off_peak,89,29,622.1472227605148,519.0378171409612,622.1472227605148,566.5925472299147,622.1472227605148,0.0,0.0,0,0.505636002344545,0,0,
0.1,1,off_peak,158,120,378.93291325323196,378.93291325323196,378.93291325323196,378.93291325323196,378.93291325323196,0.0,0.0,0,0.15957099822117016,0,0,
0.1,1,off_peak,5,148,386.42605843026644,386.42605843026644,386.42605843026644,386.42605843026644,386.42605843026644,0.0,0.0,0,0.1741820015013218,0,0,
0.1,1,off_peak,89,25,359.19726279689945,359.19726279689945,359.19726279689945,359.19726279689945,359.19726279689945,0.0,0.0,0,0.12653899466386065,0,0,
0.1,1,off_peak,16,82,446.7065756840289,449.0777574123882,446.7065756840289,446.7065756840289,449.0777574123882,-0.530814153502978,-0.530814153502978,0,0.21009799820603803,0,0,
0.1,1,off_peak,64,197,454.77354555761036,454.77354555761036,454.77354555761036,454.77354555761036,454.77354555761036,0.0,0.0,0,0.20367599790915847,0,0,
0.1,1,incident,18,160,913.123588184066,871.4028036409535,904.9016521011836,574.8225475792406,879.5381135309723,3.6780864154309394,2.8029055435269785,0,1.2468610002542846,16,2,True
0.1,1,incident,135,90,978.1931601229387,994.4846005090574,846.9026009294691,846.9026009294691,978.1931601229387,0.0,-15.502439011213234,1,0.21296300110407174,11,1,True
0.1,1,incident,89,177,897.3637943114694,919.7998441914629,897.3637943114694,897.3637943114694,897.3637943114694,0.0,0.0,0,0.16528200649190694,10,0,False
0.1,1,incident,152,157,550.110449515977,551.2561111994169,550.110449515977,468.64924665339095,550.110449515977,0.0,0.0,1,0.33751799855963327,10,1,True
0.1,1,incident,14,200,976.9734945525652,918.0716854160308,902.9733373280606,972.6342528482817,918.0716854160308,6.029007896832473,-1.6720702000622738,0,0.23312599660130218,14,2,True
0.1,1,incident,92,184,531.8622800287731,531.8622800287731,506.45848479183076,506.45848479183076,506.45848479183076,4.776385953816463,0.0,0,0.16956600302364677,10,2,True
0.1,1,incident,75,200,977.7608948375615,918.8590857010272,876.1446231199739,950.1447803444785,977.7608948375615,0.0,-11.598116228315078,0,0.16761599545134231,12,2,True
0.1,1,incident,187,76,573.769249068619,573.769249068619,573.769249068619,573.769249068619,573.769249068619,0.0,0.0,0,0.2511490019969642,10,1,True
0.1,1,incident,33,172,1177.5708003672278,726.3649939178321,1161.6315597505977,1161.6315597505977,1180.892381281839,-0.28207059087873865,-1.658083526533722,1,0.16497399701620452,11,1,True
0.1,1,incident,130,144,609.3695769233575,609.3695769233575,609.3695769233575,609.3695769233575,609.3695769233575,0.0,0.0,0,0.18729899602476507,8,1,True
0.1,1,incident,90,166,591.1547512676996,591.1547512676996,591.1547512676996,591.1547512676996,591.1547512676996,0.0,0.0,0,0.19608100410550833,8,0,False
0.1,1,incident,131,28,939.6358857475253,912.1261676840318,874.8345782974735,874.8345782974735,926.4369686930202,1.4046842244647553,-5.8985311824288775,1,0.19892750060535036,11,1,True
0.1,1,incident,50,23,636.6508103004454,622.0916297578657,599.9448294710066,599.1910324034648,622.0916297578657,2.286839238562976,-3.6914728153231513,0,0.6080700040911324,11,2,True
0.1,1,incident,16,158,1105.3498397872147,866.0830657821414,1105.3498397872147,1105.3498397872147,1105.3498397872147,0.0,0.0,1,0.12405349843902513,10,0,False
0.1,1,incident,189,60,722.6633070149845,722.6633070149845,722.6633070149845,722.6633070149845,722.6633070149845,0.0,0.0,0,0.15624799561919644,11,1,True
0.1,1,incident,104,162,600.8091468053672,572.6815279985591,568.1919778134087,568.1919778134087,568.1919778134087,5.428873572479887,0.0,1,0.2749205013969913,11,1,True
0.1,1,incident,86,168,1140.990881648567,1015.6607308487355,1140.990881648567,1128.7263674055423,1134.3849570637576,0.5789638367017241,0.5789638367017241,1,0.15308550064219162,10,2,True
0.1,1,incident,66,34,1209.2092425874512,1141.9495853578499,1209.2092425874512,1197.9730869623497,1197.9730869623497,0.9292151622210939,0.9292151622210939,0,0.2059679973172024,13,0,False
0.1,1,incident,148,33,1262.695820508461,1050.2205455943688,1208.103238691802,1208.5288399597025,1222.2400567278523,3.2039199879760503,-1.1701663883757456,0,0.34114200389012694,12,3,True
0.1,1,incident,34,78,1340.0760288656406,1252.023127103368,1340.0760288656406,1340.0760288656406,1225.7252409809153,8.533156733019249,8.533156733019249,0,0.4308659990783781,13,2,True
0.1,1,incident,125,74,561.0019620689106,531.540509087077,531.540509087077,531.540509087077,531.540509087077,5.251577529815261,0.0,0,0.3441560038481839,12,0,False
0.1,1,incident,198,18,637.6040651033103,637.6040651033103,637.6040651033103,637.2461048544734,637.6040651033103,0.0,0.0,0,0.3748190065380186,11,1,True
0.1,1,incident,158,200,811.5610213373265,811.5610213373265,811.5610213373265,811.5610213373265,811.5610213373265,0.0,0.0,0,0.20202199812047184,12,1,True
0.1,1,incident,54,148,981.3350114384408,1175.0505591076503,981.3350114384408,981.3350114384408,981.3350114384408,0.0,0.0,0,0.20102399867027998,11,0,False
0.1,1,incident,92,186,1220.0727416793118,1142.121903821886,1220.0727416793118,1219.4605020730517,1219.4605020730517,0.05018058230015285,0.05018058230015285,0,0.27536800189409405,17,1,True
0.1,1,incident,130,17,620.0646794205845,536.4287731944589,536.4287731944589,536.4287731944589,536.4287731944589,13.488255177553194,0.0,1,0.1596924957993906,12,1,True
0.1,1,incident,162,8,1431.2768488503928,937.1073730471717,999.9841551756862,1018.5284884265328,1021.325733386768,28.64233539394556,-2.1341916369997214,0,0.7486530012101866,17,1,True
0.1,1,incident,140,21,874.7304890489111,874.7304890489111,874.7304890489111,874.7304890489111,874.7304890489111,0.0,0.0,0,0.14071199984755367,8,1,True
0.1,1,incident,164,35,646.1500847594451,646.1500847594451,646.1500847594451,646.1500847594451,646.1500847594451,0.0,0.0,0,0.17797799955587834,10,0,False
0.1,1,incident,92,71,695.4838216018379,695.4838216018379,695.4838216018379,694.7300245342961,695.4838216018379,0.0,0.0,0,0.19182400137651712,11,1,True
0.1,1,incident,75,171,492.27775690252673,492.27775690252673,492.27775690252673,492.27775690252673,492.27775690252673,0.0,0.0,0,0.19073099974775687,8,1,True
0.1,1,incident,2,185,784.0486812031646,765.1256151528275,765.1256151528275,732.8159103551126,765.1256151528275,2.4135065212148072,0.0,0,0.4492959997151047,13,1,True
0.1,1,incident,50,136,638.9819457803526,637.4888642573104,637.0424963035615,599.3939988408968,638.9819457803526,0.0,-0.3044458553463445,0,0.7581390018458478,13,3,True
0.1,1,incident,127,189,664.0625046766374,601.0724517576366,624.8004745855703,617.3781850784542,631.5650198397477,4.893738858620582,-1.0826728738745452,0,0.46299599489429966,11,3,True
0.1,1,incident,128,106,866.3550235935792,858.4833755011456,866.3550235935792,867.6102767760271,866.1419528298169,0.024593931813136682,0.024593931813136682,0,0.4871519995504059,13,1,True
0.1,1,incident,37,34,506.7460763310718,506.7460763310718,506.7460763310718,508.4748408726347,506.7460763310718,0.0,0.0,0,0.24904499878175557,9,1,True
0.1,1,incident,200,205,598.9465786224499,598.9465786224499,598.9465786224499,599.8453578580283,598.9465786224499,0.0,0.0,0,0.1811440015444532,10,1,True
0.1,1,incident,31,184,594.2724474611358,740.286090738688,594.2724474611358,762.8242259989831,594.2724474611358,0.0,0.0,0,3.236429998651147,8,1,True
0.1,1,incident,18,154,674.2940167037766,650.1363373560268,659.6264791361813,659.6264791361813,659.6264791361813,2.1752436183990214,0.0,1,0.9828319998632651,12,2,True
0.1,1,incident,69,136,746.3550602074024,440.9958400212652,513.3786578290337,528.4177325833282,513.3786578290337,31.21522379892856,0.0,0,0.273851997917518,11,1,True
0.1,1,incident,183,19,555.6071463215231,505.87670524475595,505.87670524475595,508.7320831312526,505.87670524475595,8.950648206383722,0.0,0,0.2577280029072426,10,0,False
0.1,1,incident,152,154,835.3097198219776,836.8646450885454,823.5396060737379,823.5396060737379,823.5396060737379,1.4090718052159383,0.0,0,0.9643710000091232,11,1,True
0.1,1,incident,184,31,445.9405703947755,445.9405703947755,445.9405703947755,445.9405703947755,445.9405703947755,0.0,0.0,0,0.1885659949039109,8,0,False
0.1,1,incident,76,124,728.0048386113244,453.02771856742623,728.0048386113244,503.9919119923251,728.0048386113244,0.0,0.0,0,0.2026189977186732,11,1,True
0.1,1,incident,89,29,806.8476644050237,806.8476644050237,806.8476644050237,806.8476644050237,806.8476644050237,0.0,0.0,0,1.232229005836416,13,0,False
0.1,1,incident,158,120,781.2047341574187,781.2047341574187,681.607739634109,681.607739634109,781.2047341574187,0.0,-14.612069190525032,0,0.17582000145921484,8,1,True
0.1,1,incident,5,148,1170.5173944453113,1117.28612390758,1111.435949095131,1118.8331161697092,1107.7649721188632,5.361084134609163,0.3302913658008426,0,0.30325199622893706,12,1,True
0.1,1,incident,89,25,1008.0155920480585,1008.0155920480585,1008.0155920480585,1008.0155920480585,1008.0155920480585,0.0,0.0,0,0.14757399912923574,8,0,False
0.1,1,incident,16,82,967.9923530224501,928.3322850489805,941.047406322727,941.047406322727,941.047406322727,2.78359086366647,0.0,1,0.34232399775646627,11,0,False
0.1,1,incident,64,197,1246.6903300485505,1122.302772763811,1090.6453511360032,1097.7813415562657,1097.7813415562657,11.94434454998025,-0.6542906374496279,1,0.37677199725294486,14,0,False
0.1,2,peak_hour,18,160,430.77613804837705,541.6297484182593,430.77613804837705,430.77613804837705,430.77613804837705,0.0,0.0,0,1.0874069994315505,0,0,
0.1,2,peak_hour,135,90,437.2612980872662,442.5850397085107,437.2612980872662,439.13253133834036,438.1800434751844,-0.210113584700294,-0.210113584700294,0,1.7080539982998744,0,0,
0.1,2,peak_hour,89,177,676.3350382538896,676.3350382538896,676.3350382538896,676.3350382538896,676.3350382538896,0.0,0.0,0,0.15804500435478985,0,0,
0.1,2,peak_hour,152,157,406.4671042995107,402.04308444818594,406.4671042995107,408.3946405607027,401.1916650169967,1.2978760708337018,1.2978760708337018,1,0.5276999945635907,0,0,
0.1,2,peak_hour,14,200,681.4960128710404,632.3742222752097,681.4960128710404,681.4960128710404,681.4960128710404,0.0,0.0,0,0.25055000151041895,0,0,
0.1,2,peak_hour,92,184,361.3884024770587,362.23215387228237,361.3884024770587,362.23215387228237,362.23215387228237,-0.23347495089503065,-0.23347495089503065,0,0.18304099648958072,0,0,
0.1,2,peak_hour,75,200,634.646490089127,601.7519479274109,634.646490089127,634.646490089127,634.646490089127,0.0,0.0,0,0.1637739987927489,0,0,
0.1,2,peak_hour,187,76,446.9702828398347,533.4763106988225,446.9702828398347,446.9702828398347,446.9702828398347,0.0,0.0,0,0.25421899772481993,0,0,
0.1,2,peak_hour,33,172,592.1577876427723,585.8545456793933,592.1577876427723,585.8545456793933,585.8545456793933,1.0644531060666482,1.0644531060666482,0,0.21195600129431114,0,0,
0.1,2,peak_hour,130,144,649.0058458431644,703.1104573736568,649.0058458431644,641.7822725409836,641.7822725409836,1.1130212999539535,1.1130212999539535,0,0.37193299795035273,0,0,
0.1,2,peak_hour,90,166,832.2550924094325,807.9403747742389,832.2550924094325,831.7276799485186,770.5102199111884,7.418984042439275,7.418984042439275,0,0.7222860003821552,0,0,
0.1,2,peak_hour,131,28,696.7167592038724,696.7167592038724,696.7167592038724,720.3538656282028,720.3538656282028,-3.392642147913912,-3.392642147913912,0,0.18181199993705377,0,0,
0.1,2,peak_hour,50,23,473.7177394706401,473.7177394706401,473.7177394706401,473.7177394706401,473.7177394706401,0.0,0.0,0,0.3371070051798597,0,0,
0.1,2,peak_hour,16,158,537.759156414757,537.7348502829307,537.759156414757,537.7348502829307,537.7348502829307,0.004519891764991609,0.004519891764991609,0,0.1611990010133013,0,0,
0.1,2,peak_hour,189,60,567.572640673436,531.9936554763992,567.572640673436,536.8252074252105,531.9936554763992,6.268622313228775,6.268622313228775,0,0.174635999428574,0,0,
0.1,2,peak_hour,104,162,724.8777268629599,688.6458073807886,724.8777268629599,696.9564279123109,696.9564279123109,3.8518632751324104,3.8518632751324104,0,0.29047700081719086,0,0,
0.1,2,peak_hour,86,168,594.0548622023405,488.1946205949128,594.0548622023405,630.1459738308204,642.9788968822359,-8.235608828874701,-8.235608828874701,0,0.2470680046826601,0,0,
0.1,2,peak_hour,66,34,427.90294693064345,427.90294693064345,427.90294693064345,427.90294693064345,427.90294693064345,0.0,0.0,0,0.21683699742425233,0,0,
0.1,2,peak_hour,148,33,729.3623157499704,621.5740981636383,729.3623157499704,726.4167197427813,726.4167197427813,0.4038590894513518,0.4038590894513518,0,0.3537720040185377,0,0,
0.1,2,peak_hour,34,78,696.6306451313606,635.706625328044,696.6306451313606,696.6306451313606,696.6306451313606,0.0,0.0,0,0.3190560018992983,0,0,
0.1,2,peak_hour,125,74,692.5999086581983,691.3388272831561,692.5999086581983,691.3388272831561,689.0388876386695,0.5141526839683932,0.5141526839683932,1,0.6054410005162936,0,0,
0.1,2,peak_hour,198,18,415.09004645165396,413.385175791634,415.09004645165396,413.8958857361446,413.8958857361446,0.28768714781708665,0.28768714781708665,0,0.4010379998362623,0,0,
0.1,2,peak_hour,158,200,609.63857258191,609.63857258191,609.63857258191,609.63857258191,609.63857258191,0.0,0.0,0,0.20731800032081082,0,0,
0.1,2,peak_hour,54,148,533.2537251638524,618.4766452887958,533.2537251638524,538.0346570432118,533.2537251638524,0.0,0.0,0,0.23128299653762951,0,0,
0.1,2,peak_hour,92,186,740.0667598219732,728.7362368848501,740.0667598219732,732.1300865989394,732.1300865989394,1.0724266585007722,1.0724266585007722,0,0.22288499894784763,0,0,
0.1,2,peak_hour,130,17,718.6295005024144,672.9631254330245,718.6295005024144,528.689893621683,718.6295005024144,0.0,0.0,0,0.8959159968071617,0,0,
0.1,2,peak_hour,162,8,437.116176155937,420.8883428701667,437.116176155937,437.116176155937,437.116176155937,0.0,0.0,0,0.32995000219671056,0,0,
0.1,2,peak_hour,140,21,330.045587826276,330.045587826276,330.045587826276,330.045587826276,330.045587826276,0.0,0.0,0,0.11908600572496653,0,0,
0.1,2,peak_hour,164,35,523.8800562381613,523.8800562381613,523.8800562381613,523.8800562381613,523.8800562381613,0.0,0.0,0,0.23192100343294442,0,0,
0.1,2,peak_hour,92,71,463.0798421809935,463.0798421809935,463.0798421809935,463.0798421809935,463.0798421809935,0.0,0.0,0,0.19327500194776803,0,0,
0.1,2,peak_hour,75,171,432.70284886484103,386.4423597114434,432.70284886484103,432.70284886484103,432.70284886484103,0.0,0.0,0,0.18332599574932829,0,0,
0.1,2,peak_hour,2,185,496.8148911574846,490.89281460867204,496.8148911574846,496.8148911574846,496.8148911574846,0.0,0.0,0,0.265088994638063,0,0,
0.1,2,peak_hour,50,136,488.9380981071676,491.701313627517,488.9380981071676,491.701313627517,491.701313627517,-0.5651462896932451,-0.5651462896932451,0,0.31477800075663254,0,0,
0.1,2,peak_hour,127,189,618.9198817883403,569.319668126613,618.9198817883403,553.6183647808024,553.6183647808024,10.550883713551451,10.550883713551451,0,0.5332139990059659,0,0,
0.1,2,peak_hour,128,106,321.45926612116796,476.15764594397683,321.45926612116796,321.45926612116796,321.45926612116796,0.0,0.0,0,0.542551999387797,0,0,
0.1,2,peak_hour,37,34,366.52197298826155,366.52197298826155,366.52197298826155,366.52197298826155,366.52197298826155,0.0,0.0,0,0.19465899822534993,0,0,
0.1,2,peak_hour,200,205,404.6834679539757,404.6834679539757,404.6834679539757,404.6834679539757,404.6834679539757,0.0,0.0,0,0.19327599875396118,0,0,
0.1,2,peak_hour,31,184,447.7599709306249,707.9389507151731,447.7599709306249,442.1658708245966,442.1658708245966,1.2493524363961137,1.2493524363961137,0,0.646567001240328,0,0,
0.1,2,peak_hour,18,154,549.5802709932732,556.9910542778318,549.5802709932732,553.0990052981865,553.0990052981865,-0.6402584828152232,-0.6402584828152232,0,0.978188996668905,0,0,
0.1,2,peak_hour,69,136,794.65554151314,828.6086252248604,794.65554151314,785.3244197180426,801.7465720358676,-0.8923401590109517,-0.8923401590109517,1,0.2019775020016823,0,0,
0.1,2,peak_hour,183,19,374.2876589850845,384.83332027972324,374.2876589850845,384.83332027972324,384.83332027972324,-2.817528454781089,-2.817528454781089,1,0.26123850329895504,0,0,
0.1,2,peak_hour,152,154,386.73774609372776,384.742252739602,386.73774609372776,374.9999525325005,374.9999525325005,3.035078339206781,3.035078339206781,0,0.8387549969484098,0,0,
0.1,2,peak_hour,184,31,326.01137368692,326.01137368692,326.01137368692,326.01137368692,326.01137368692,0.0,0.0,0,0.21032700169598684,0,0,
0.1,2,peak_hour,76,124,911.3347231937352,911.3347231937352,911.3347231937352,911.3347231937352,911.3347231937352,0.0,0.0,0,0.1917650006362237,0,0,
0.1,2,peak_hour,89,29,986.4474328175855,889.0074046540556,986.4474328175855,969.9834686476172,990.964956474145,-0.45795888420085906,-0.45795888420085906,0,1.083795003069099,0,0,
0.1,2,peak_hour,158,120,617.2372122365447,617.2372122365447,617.2372122365447,617.2372122365447,617.2372122365447,0.0,0.0,0,0.16452900308649987,0,0,
0.1,2,peak_hour,5,148,448.4293397089077,439.22068422097703,448.4293397089077,448.63630170457566,448.63630170457566,-0.04615264375927893,-0.04615264375927893,0,0.26024100225185975,0,0,
0.1,2,peak_hour,89,25,597.0293013858269,597.0293013858269,597.0293013858269,597.0293013858269,597.0293013858269,0.0,0.0,0,0.16855799913173541,0,0,
0.1,2,peak_hour,16,82,750.6381455995372,691.0269388797575,750.6381455995372,691.0269388797575,691.0269388797575,7.941403866728361,7.941403866728361,0,0.22016400180291384,0,0,
0.1,2,peak_hour,64,197,531.5027571116644,518.0824960114384,531.5027571116644,520.143212719612,520.143212719612,2.137250322798577,2.137250322798577,0,0.24483399465680122,0,0,
0.1,2,off_peak,18,160,462.9862870614351,462.2307628228936,462.9862870614351,460.6567360088923,459.9012117703508,0.6663426924942466,0.6663426924942466,0,0.9374360015499406,0,0,
0.1,2,off_peak,135,90,372.61305045070566,386.0078024917517,372.61305045070566,372.61305045070566,372.61305045070566,0.0,0.0,0,0.22950200218474492,0,0,
0.1,2,off_peak,89,177,440.9501915615443,440.9501915615443,440.9501915615443,440.9501915615443,440.9501915615443,0.0,0.0,0,0.18273499881615862,0,0,
0.1,2,off_peak,152,157,381.0178343650813,381.0178343650813,381.0178343650813,381.0178343650813,381.0178343650813,0.0,0.0,0,0.7579950033687055,0,0,
0.1,2,off_peak,14,200,486.61201923561913,486.61201923561913,486.61201923561913,486.61201923561913,486.61201923561913,0.0,0.0,0,0.21302399545675144,0,0,
0.1,2,off_peak,92,184,346.1567129895652,346.18300609854725,346.1567129895652,346.18300609854725,346.18300609854725,-0.007595724131695201,-0.007595724131695201,0,0.1956330015673302,0,0,
0.1,2,off_peak,75,200,445.6398364965783,445.6398364965783,445.6398364965783,445.6398364965783,445.6398364965783,0.0,0.0,0,0.1836829978856258,0,0,
0.1,2,off_peak,187,76,325.2609179415583,325.2609179415583,325.2609179415583,327.0131651959378,327.0131651959378,-0.5387205033634938,-0.5387205033634938,0,0.2659329984453507,0,0,
0.1,2,off_peak,33,172,393.19758630923315,400.6025574699102,393.19758630923315,393.19758630923315,393.19758630923315,0.0,0.0,0,0.19110100402031094,0,0,
0.1,2,off_peak,130,144,334.6940279477832,334.6940279477832,334.6940279477832,334.6940279477832,334.6940279477832,0.0,0.0,0,0.1913170053740032,0,0,
0.1,2,off_peak,90,166,420.6915952638841,420.6915952638841,420.6915952638841,420.6915952638841,420.6915952638841,0.0,0.0,0,0.19538900232873857,0,0,
0.1,2,off_peak,131,28,424.2812430621394,424.2812430621394,424.2812430621394,424.2812430621394,424.2812430621394,0.0,0.0,0,0.2351709990762174,0,0,
0.1,2,off_peak,50,23,415.39752253612187,415.39752253612187,415.39752253612187,415.39752253612187,415.39752253612187,0.0,0.0,0,0.35498899524100125,0,0,
0.1,2,off_peak,16,158,446.28287230990526,445.7960091408757,446.28287230990526,446.28287230990526,446.28287230990526,0.0,0.0,0,0.18266800179844722,0,0,
0.1,2,off_peak,189,60,645.347422113689,645.347422113689,645.347422113689,645.347422113689,645.347422113689,0.0,0.0,0,0.16830000095069408,0,0,
0.1,2,off_peak,104,162,385.134239939415,385.134239939415,385.134239939415,385.134239939415,385.134239939415,0.0,0.0,0,0.21127099898876622,0,0,
0.1,2,off_peak,86,168,375.7970102156827,375.7970102156827,375.7970102156827,375.7970102156827,375.7970102156827,0.0,0.0,0,0.1574709967826493,0,0,
0.1,2,off_peak,66,34,420.31699432864616,420.31699432864616,420.31699432864616,420.31699432864616,420.31699432864616,0.0,0.0,0,0.2107620020979084,0,0,
0.1,2,off_peak,148,33,369.8155093822752,369.8155093822752,369.8155093822752,369.8155093822752,369.8155093822752,0.0,0.0,0,0.19243699352955446,0,0,
0.1,2,off_peak,34,78,465.5194342346656,465.5194342346656,465.5194342346656,464.4981037941825,464.4981037941825,0.21939587595568594,0.21939587595568594,0,0.25319000269519165,0,0,
0.1,2,off_peak,125,74,348.5607958545259,348.5607958545259,348.5607958545259,348.5607958545259,348.5607958545259,0.0,0.0,0,1.1881350001203828,0,0,
0.1,2,off_peak,198,18,405.35281199516925,405.85256021214065,405.35281199516925,405.76028234014063,405.76028234014063,-0.10052239257100368,-0.10052239257100368,0,0.4087669949512929,0,0,
0.1,2,off_peak,158,200,486.4215610844868,486.4215610844868,486.4215610844868,486.4215610844868,486.4215610844868,0.0,0.0,0,0.2096519965562038,0,0,
0.1,2,off_peak,54,148,349.22232202210625,349.22232202210625,349.22232202210625,349.22232202210625,349.22232202210625,0.0,0.0,0,0.17997399845626205,0,0,
0.1,2,off_peak,92,186,633.1065722829006,633.1065722829006,633.1065722829006,633.1065722829006,633.1065722829006,0.0,0.0,0,0.238772998272907,0,0,
0.1,2,off_peak,130,17,381.14148622690607,382.39783215122924,381.14148622690607,412.9354785499319,412.9354785499319,-8.341782112928477,-8.341782112928477,0,0.26764699578052387,0,0,
0.1,2,off_peak,162,8,425.429060197259,423.45735877872175,425.429060197259,431.681565386535,431.681565386535,-1.4696939570552383,-1.4696939570552383,0,0.19811500533251092,0,0,
0.1,2,off_peak,140,21,309.4903906178253,309.4903906178253,309.4903906178253,309.4903906178253,309.4903906178253,0.0,0.0,0,0.14709400420542806,0,0,
0.1,2,off_peak,164,35,415.51948601452324,415.51948601452324,415.51948601452324,415.51948601452324,415.51948601452324,0.0,0.0,0,0.200829999812413,0,0,
0.1,2,off_peak,92,71,474.4650845676067,474.4650845676067,474.4650845676067,474.4650845676067,474.4650845676067,0.0,0.0,0,0.2016199941863306,0,0,
0.1,2,off_peak,75,171,290.66071199867446,290.66071199867446,290.66071199867446,293.8167254997655,293.8167254997655,-1.0858067054846468,-1.0858067054846468,0,0.17538500105729327,0,0,
0.1,2,off_peak,2,185,471.78320433918856,471.78320433918856,471.78320433918856,471.78320433918856,471.78320433918856,0.0,0.0,0,0.23852100275689736,0,0,
0.1,2,off_peak,50,136,426.07866936071457,426.07866936071457,426.07866936071457,426.07866936071457,426.07866936071457,0.0,0.0,0,0.2918739992310293,0,0,
0.1,2,off_peak,127,189,406.5352627079736,407.9599024408252,406.5352627079736,401.44155117480574,401.44155117480574,1.2529568774029818,1.2529568774029818,0,0.5938929971307516,0,0,
0.1,2,off_peak,128,106,339.09199498808584,336.88242827239554,339.09199498808584,338.8600304823809,338.8600304823809,0.0684075440097231,0.0684075440097231,0,0.5665539938490838,0,0,
0.1,2,off_peak,37,34,333.8882973087119,333.8882973087119,333.8882973087119,333.8882973087119,333.8882973087119,0.0,0.0,0,0.23864900140324607,0,0,
0.1,2,off_peak,200,205,382.0432067363669,382.0432067363669,382.0432067363669,382.0432067363669,382.0432067363669,0.0,0.0,0,0.18110399832949042,0,0,
0.1,2,off_peak,31,184,510.9906709395047,512.1065370476723,510.9906709395047,510.6760353222883,510.6760353222883,0.061573651949042525,0.061573651949042525,0,0.5833089962834492,0,0,
0.1,2,off_peak,18,154,410.97887679552946,411.120952603521,410.97887679552946,414.0730874328884,414.0730874328884,-0.7528879979148912,-0.7528879979148912,0,0.8325550006702542,0,0,
0.1,2,off_peak,69,136,377.4654542208881,352.4497965550448,377.4654542208881,377.4654542208881,377.4654542208881,0.0,0.0,0,0.22800700389780104,0,0,
0.1,2,off_peak,183,19,356.9286620987398,356.9286620987398,356.9286620987398,352.4761528023571,348.9968065779811,2.222252333034673,2.222252333034673,0,0.45292599679669365,0,0,
0.1,2,off_peak,152,154,365.9448846395753,366.08696044756687,365.9448846395753,366.24942074206285,366.24942074206285,-0.08321911721418764,-0.08321911721418764,0,0.8600619985372759,0,0,
0.1,2,off_peak,184,31,271.99881707356485,271.99881707356485,271.99881707356485,271.99881707356485,271.99881707356485,0.0,0.0,0,0.20741199841722846,0,0,
0.1,2,off_peak,76,124,437.8211491326439,490.53377592038146,437.8211491326439,490.53377592038146,490.53377592038146,-12.039762558790319,-12.039762558790319,0,0.2150330037693493,0,0,
0.1,2,off_peak,89,29,555.4422898796387,551.4928527545574,555.4422898796387,555.4422898796387,559.3400362545426,-0.7017374164557315,-0.7017374164557315,0,1.006628997856751,0,0,
0.1,2,off_peak,158,120,378.93291325323196,378.93291325323196,378.93291325323196,378.93291325323196,378.93291325323196,0.0,0.0,0,0.14556799578713253,0,0,
0.1,2,off_peak,5,148,386.42605843026644,386.42605843026644,386.42605843026644,386.42605843026644,386.42605843026644,0.0,0.0,0,0.18320600065635517,0,0,
0.1,2,off_peak,89,25,359.19726279689945,359.19726279689945,359.19726279689945,359.19726279689945,359.19726279689945,0.0,0.0,0,0.15966600039973855,0,0,
0.1,2,off_peak,16,82,451.7609441744097,449.2027913157122,451.7609441744097,451.7609441744097,446.8316095873529,1.0911378353135734,1.0911378353135734,1,0.1467655019951053,0,0,
0.1,2,off_peak,64,197,453.05036549861296,454.77354555761036,453.05036549861296,453.05036549861296,453.05036549861296,0.0,0.0,0,0.20963999850209802,0,0,
0.1,2,incident,18,160,921.3411000925166,905.7469460246078,905.7469460246078,884.2426840785319,905.7469460246078,1.6925494875180211,0.0,0,0.7616270013386384,15,1,True
0.1,2,incident,135,90,1007.096554468618,1007.096554468618,750.4801817608884,750.2648090654463,750.4801817608884,25.48081130543933,0.0,1,1.119797998399008,9,2,True
0.1,2,incident,89,177,899.1875604715685,909.3120212249933,941.2848131125111,909.3120212249933,909.3120212249933,-1.125956496563973,3.3967181284689576,0,0.22965500102145597,11,1,True
0.1,2,incident,152,157,556.9708065714187,514.6936324268036,556.9708065714187,561.3588214113164,556.6157205759265,0.0637530713105158,0.0637530713105158,1,0.7034984992060345,14,0,False
0.1,2,incident,14,200,956.7428462254006,918.9325453341922,808.2173931696336,906.2870441793848,817.3639265836384,14.568064991721474,-1.1316922267824885,0,0.312169999233447,14,1,True
0.1,2,incident,92,184,530.9326486902472,524.7077327360577,524.7077327360577,524.7077327360577,524.7077327360577,1.1724492681973395,0.0,0,0.17177200061269104,10,1,True
0.1,2,incident,75,200,964.5872531315345,846.8851051032304,800.4716962336105,752.5311646809505,800.4716962336105,17.014070667544328,0.0,0,0.25176000053761527,12,2,True
0.1,2,incident,187,76,571.9004440838625,571.9004440838625,571.9004440838625,571.9004440838625,571.9004440838625,0.0,0.0,0,0.24190099793486297,8,0,False
0.1,2,incident,33,172,939.5844669974758,1017.5292606538609,717.1464619160998,730.8013929708254,717.1464619160998,23.674082841343264,0.0,1,0.2894025019486435,11,2,True
0.1,2,incident,130,144,609.3695769233575,609.3695769233575,609.3695769233575,609.3695769233575,609.3695769233575,0.0,0.0,0,0.18707200069911778,8,0,False
0.1,2,incident,90,166,612.1029832832207,496.6337189128914,521.2862572219996,521.2862572219996,496.6337189128914,18.86435249032295,4.729174799367364,0,0.21873700461583212,8,1,True
0.1,2,incident,131,28,890.3914918625735,885.5392242297473,997.2821364898084,868.6475699031239,722.8293466358939,18.818929286505558,27.520074792467643,0,0.5596959963440895,11,2,True
0.1,2,incident,50,23,641.8995927508836,623.6000735092562,616.943505183671,616.943505183671,623.6000735092562,2.8508382694564705,-1.078959138017569,0,0.3558190001058392,12,2,True
0.1,2,incident,16,158,910.0017647786004,773.244660973493,689.2446886716165,910.0017647786004,756.5681556047288,16.8608034745077,-9.767716464070986,1,0.16601750030531548,9,1,True
0.1,2,incident,189,60,722.6633070149845,722.6633070149845,722.6633070149845,722.6633070149845,722.6633070149845,0.0,0.0,0,0.16064700321294367,11,2,True
0.1,2,incident,104,162,605.4050286650571,605.4050286650571,605.4050286650571,605.4050286650571,605.4050286650571,0.0,0.0,0,0.2184550030506216,9,0,False
0.1,2,incident,86,168,1096.3324676961256,987.0401842956344,781.5239589885356,748.9405823017463,1003.7564757706798,8.444153087975993,-28.435790640348653,0,0.23652100207982585,9,2,True
0.1,2,incident,66,34,1206.3039835249956,1211.4027258948388,1195.4022375308361,1206.3039835249956,1144.2345118810838,5.145425406168004,4.280377269114193,0,0.1899210037663579,13,3,True
0.1,2,incident,148,33,1088.0110034900947,1017.2403205636969,1058.0088153534555,1144.0128050426447,1088.0110034900947,0.0,-2.83572194307438,0,0.3575309965526685,12,1,True
0.1,2,incident,34,78,1280.0175432445049,1149.0030208838534,1223.4375763919365,1005.3935307052494,1221.581762959605,4.565232765230758,0.15168844476762194,0,0.33264500234508887,13,2,True
0.1,2,incident,125,74,560.3975708813817,555.4620807230997,557.5476777801741,555.4620807230997,557.5476777801741,0.5085484394097853,0.0,1,0.6194644993229304,15,2,True
0.1,2,incident,198,18,635.2472309312965,635.2472309312965,624.030494678108,624.4092118235374,635.2472309312965,0.0,-1.7974660451448636,0,0.4026540045742877,12,3,True
0.1,2,incident,158,200,811.5610213373265,811.5610213373265,811.5610213373265,811.5610213373265,811.5610213373265,0.0,0.0,0,0.18753000040305778,12,2,True
0.1,2,incident,54,148,865.1514755779539,845.1750068545882,865.1514755779539,859.3578291364705,865.1514755779539,0.0,0.0,0,0.32385299709858373,10,1,True
0.1,2,incident,92,186,1208.561533709032,1176.0679066620812,1170.1564530886078,1167.7722332328779,1132.9833791979995,6.253562801977136,3.176761004264909,1,0.23917650105431676,18,4,True
0.1,2,incident,130,17,579.03641165063,559.8262187029881,579.03641165063,579.03641165063,530.9225806367122,8.309292826121625,8.309292826121625,0,0.2560319990152493,9,1,True
0.1,2,incident,162,8,1158.7452533886428,1075.0183794777015,1029.4801155401606,980.1651074027931,1028.260576644617,11.260859655082557,0.11846162710036237,1,0.5248939960438292,11,4,True
0.1,2,incident,140,21,874.7304890489111,874.7304890489111,832.7859737176318,832.7859737176318,832.7859737176318,4.795135856860925,0.0,0,0.1465460009058006,8,0,False
0.1,2,incident,164,35,644.8937601608347,644.8937601608347,633.6770239076462,633.6770239076462,644.8937601608347,0.0,-1.7701030382984615,0,0.21039199782535434,11,2,True
0.1,2,incident,92,71,694.7300245342961,694.7300245342961,694.7300245342961,694.7300245342961,694.7300245342961,0.0,0.0,0,0.18854500376619399,12,2,True
0.1,2,incident,75,171,489.0268152721025,489.0268152721025,489.0268152721025,489.0268152721025,489.0268152721025,0.0,0.0,0,0.16189299640245736,8,2,True
0.1,2,incident,2,185,752.071746090998,728.4306838511038,676.5599003483431,676.1814529651887,728.4306838511038,3.1434583685362476,-7.666842725389689,0,0.2542910006013699,12,2,True
0.1,2,incident,50,136,673.5819910577765,652.4118107391213,652.3440317932917,652.3440317932917,652.3440317932917,3.1529879875697358,0.0,0,0.4684870000346564,11,1,True
0.1,2,incident,127,189,669.6796872116277,622.0598210530884,622.0598210530884,623.5649700760341,622.0598210530884,7.1108422530801265,0.0,0,0.4784339980687946,12,2,True
0.1,2,incident,128,106,783.7974134703095,710.1268647354746,800.0729972088801,800.0729972088801,663.583439606513,15.337378230369755,17.059638067841565,0,0.5905179932597093,13,3,True
0.1,2,incident,37,34,506.7460763310718,506.7460763310718,468.80328918797807,471.67790156525086,486.1742359274847,4.059595399836291,-3.705380730070202,1,0.17759900219971314,9,3,True
0.1,2,incident,200,205,598.9465786224499,598.9465786224499,581.387860025909,581.387860025909,598.9465786224499,0.0,-3.020138500270436,0,0.15257099585141987,10,3,True
0.1,2,incident,31,184,627.1014220201204,704.0151179753337,627.1014220201204,627.1014220201204,627.1014220201204,0.0,0.0,0,0.4264660019543953,9,1,True
0.1,2,incident,18,154,668.3531217926196,642.431614234925,643.226227606187,647.4486405572841,641.1818491153817,4.065406712601357,0.31783195446080176,0,0.8884250055416487,14,2,True
0.1,2,incident,69,136,769.8646614678917,608.5663638207623,769.8646614678917,769.8646614678917,769.8646614678917,0.0,0.0,0,0.2086970052914694,8,0,False
0.1,2,incident,183,19,508.07050595625265,515.3893286939924,507.6526559733709,508.07050595625265,507.6526559733709,0.08224251909591088,0.0,0,0.48357299965573475,12,2,True
0.1,2,incident,152,154,642.2504025512602,662.7949713510096,613.688069812805,650.3144802136935,678.8768129521487,-5.702824047348922,-10.622455665339631,0,0.7681469942326657,11,1,True
0.1,2,incident,184,31,414.4089128150856,414.4089128150856,414.4089128150856,412.4969252180798,414.4089128150856,0.0,0.0,0,0.18048699712380767,8,1,True
0.1,2,incident,76,124,658.6682209126387,480.21087671730663,658.6682209126387,658.6682209126387,658.6682209126387,0.0,0.0,0,0.1978739965124987,9,0,False
0.1,2,incident,89,29,1593.7933769207086,1020.7381757961581,1352.4675066027542,1100.6744635278858,1352.4675066027542,15.141603285126493,0.0,0,0.9950560051947832,14,0,False
0.1,2,incident,158,120,745.0580011743307,751.4048809815763,650.0315548411089,712.2219731849162,663.1938349194517,10.987623262329643,-2.0248678668468765,0,0.34635799966054037,9,2,True
0.1,2,incident,5,148,1756.842282336258,1176.6449445390067,1556.6054176867772,1625.8599842787942,908.5050700465498,48.28761356776916,41.635493508904084,1,0.5100655034766532,16,3,True
0.1,2,incident,89,25,858.1359036455672,728.9617600553488,858.1359036455672,858.1359036455672,858.1359036455672,0.0,0.0,0,0.40956099837785587,10,1,True
0.1,2,incident,16,82,965.0440956024547,921.5764074753023,1054.027473643811,931.9400904686194,1054.027473643811,-9.220654107603856,0.0,1,0.36965800245525315,13,3,True
0.1,2,incident,64,197,1549.98828850655,1029.9755549743027,1519.243984625602,1437.0919035495936,1519.243984625602,1.9835184632634058,0.0,1,0.8812105006654747,13,3,True
