origin,destination,scenario,delta,gru_ms,b1_tt_s,b2_tt_s,b3_tt_s,b4_tt_s,fw_tt_s,fw_lat_ms,n_replannings,red_vs_b1,red_vs_b2,red_vs_b3,red_vs_b4,framework_tt_s,b1_dijkstra_tt_s,b2_static_astar_tt_s,b3_reactive_astar_tt_s,b4_oracle_tt_s,framework_lat_ms,framework_n_replannings,gru_inference_ms,reduction_vs_dijkstra_pct,reduction_vs_static_astar_pct,reduction_vs_reactive_astar_pct,reduction_vs_oracle_pct
18,160,peak_hour,0.05,43.37388700014344,427.6248364781035,533.6799514796331,427.6248364781035,427.6248364781035,427.6248364781035,1.8059210001410975,0,0.0,19.872418798474772,0.0,0.0,427.6248364781035,427.6248364781035,533.6799514796331,427.6248364781035,427.6248364781035,1.8059210001410975,0,43.37388700014344,0.0,19.872418798474772,0.0,0.0
18,160,peak_hour,0.1,43.37388700014344,427.6248364781035,533.6799514796331,427.6248364781035,427.6248364781035,427.6248364781035,1.7534880003040598,0,0.0,19.872418798474772,0.0,0.0,427.6248364781035,427.6248364781035,533.6799514796331,427.6248364781035,427.6248364781035,1.7534880003040598,0,43.37388700014344,0.0,19.872418798474772,0.0,0.0
18,160,peak_hour,0.15,43.37388700014344,427.6248364781035,533.6799514796331,427.6248364781035,427.6248364781035,427.6248364781035,1.7740260000209673,0,0.0,19.872418798474772,0.0,0.0,427.6248364781035,427.6248364781035,533.6799514796331,427.6248364781035,427.6248364781035,1.7740260000209673,0,43.37388700014344,0.0,19.872418798474772,0.0,0.0
18,160,peak_hour,0.2,43.37388700014344,427.6248364781035,533.6799514796331,427.6248364781035,427.6248364781035,427.6248364781035,1.7220820000147796,0,0.0,19.872418798474772,0.0,0.0,427.6248364781035,427.6248364781035,533.6799514796331,427.6248364781035,427.6248364781035,1.7220820000147796,0,43.37388700014344,0.0,19.872418798474772,0.0,0.0
135,90,peak_hour,0.05,38.52437199975611,434.52026332666463,441.01243208201464,434.52026332666463,441.01243208201464,437.5599237118443,0.49452099983682274,0,-0.6995439894812246,0.7828596472600745,-0.6995439894812246,0.7828596472600745,437.5599237118443,434.52026332666463,441.01243208201464,434.52026332666463,441.01243208201464,0.49452099983682274,0,38.52437199975611,-0.6995439894812246,0.7828596472600745,-0.6995439894812246,0.7828596472600745
135,90,peak_hour,0.1,38.52437199975611,434.52026332666463,441.01243208201464,434.52026332666463,441.01243208201464,437.5599237118443,0.4954289997840533,0,-0.6995439894812246,0.7828596472600745,-0.6995439894812246,0.7828596472600745,437.5599237118443,434.52026332666463,441.01243208201464,434.52026332666463,441.01243208201464,0.4954289997840533,0,38.52437199975611,-0.6995439894812246,0.7828596472600745,-0.6995439894812246,0.7828596472600745
135,90,peak_hour,0.15,38.52437199975611,434.52026332666463,441.01243208201464,434.52026332666463,441.01243208201464,437.5599237118443,0.6444759997066285,0,-0.6995439894812246,0.7828596472600745,-0.6995439894812246,0.7828596472600745,437.5599237118443,434.52026332666463,441.01243208201464,434.52026332666463,441.01243208201464,0.6444759997066285,0,38.52437199975611,-0.6995439894812246,0.7828596472600745,-0.6995439894812246,0.7828596472600745
135,90,peak_hour,0.2,38.52437199975611,434.52026332666463,441.01243208201464,434.52026332666463,441.01243208201464,437.5599237118443,0.4986690000805538,0,-0.6995439894812246,0.7828596472600745,-0.6995439894812246,0.7828596472600745,437.5599237118443,434.52026332666463,441.01243208201464,434.52026332666463,441.01243208201464,0.4986690000805538,0,38.52437199975611,-0.6995439894812246,0.7828596472600745,-0.6995439894812246,0.7828596472600745
89,177,peak_hour,0.05,37.14939900009995,490.79744045425184,698.0729183313426,490.79744045425184,490.79744045425184,491.15960157513643,0.21887499997319537,0,-0.07379034425065449,29.64064517082356,-0.07379034425065449,-0.07379034425065449,491.15960157513643,490.79744045425184,698.0729183313426,490.79744045425184,490.79744045425184,0.21887499997319537,0,37.14939900009995,-0.07379034425065449,29.64064517082356,-0.07379034425065449,-0.07379034425065449
89,177,peak_hour,0.1,37.14939900009995,490.79744045425184,698.0729183313426,490.79744045425184,490.79744045425184,491.15960157513643,0.23978600029295194,0,-0.07379034425065449,29.64064517082356,-0.07379034425065449,-0.07379034425065449,491.15960157513643,490.79744045425184,698.0729183313426,490.79744045425184,490.79744045425184,0.23978600029295194,0,37.14939900009995,-0.07379034425065449,29.64064517082356,-0.07379034425065449,-0.07379034425065449
89,177,peak_hour,0.15,37.14939900009995,490.79744045425184,698.0729183313426,490.79744045425184,490.79744045425184,491.15960157513643,0.21596299984594225,0,-0.07379034425065449,29.64064517082356,-0.07379034425065449,-0.07379034425065449,491.15960157513643,490.79744045425184,698.0729183313426,490.79744045425184,490.79744045425184,0.21596299984594225,0,37.14939900009995,-0.07379034425065449,29.64064517082356,-0.07379034425065449,-0.07379034425065449
89,177,peak_hour,0.2,37.14939900009995,490.79744045425184,698.0729183313426,490.79744045425184,490.79744045425184,491.15960157513643,0.21749000006821007,0,-0.07379034425065449,29.64064517082356,-0.07379034425065449,-0.07379034425065449,491.15960157513643,490.79744045425184,698.0729183313426,490.79744045425184,490.79744045425184,0.21749000006821007,0,37.14939900009995,-0.07379034425065449,29.64064517082356,-0.07379034425065449,-0.07379034425065449
152,157,peak_hour,0.05,36.661862999608275,397.7094044553435,398.2050029322493,397.7094044553435,398.4122654506749,398.4122654506749,0.8836800002427481,0,-0.17672727560817703,-0.052049200009900536,-0.17672727560817703,0.0,398.4122654506749,397.7094044553435,398.2050029322493,397.7094044553435,398.4122654506749,0.8836800002427481,0,36.661862999608275,-0.17672727560817703,-0.052049200009900536,-0.17672727560817703,0.0
152,157,peak_hour,0.1,36.661862999608275,397.7094044553435,398.2050029322493,397.7094044553435,398.4122654506749,398.4122654506749,0.9083570002985653,0,-0.17672727560817703,-0.052049200009900536,-0.17672727560817703,0.0,398.4122654506749,397.7094044553435,398.2050029322493,397.7094044553435,398.4122654506749,0.9083570002985653,0,36.661862999608275,-0.17672727560817703,-0.052049200009900536,-0.17672727560817703,0.0
152,157,peak_hour,0.15,36.661862999608275,397.7094044553435,398.2050029322493,397.7094044553435,398.4122654506749,398.4122654506749,0.8844879998832766,0,-0.17672727560817703,-0.052049200009900536,-0.17672727560817703,0.0,398.4122654506749,397.7094044553435,398.2050029322493,397.7094044553435,398.4122654506749,0.8844879998832766,0,36.661862999608275,-0.17672727560817703,-0.052049200009900536,-0.17672727560817703,0.0
152,157,peak_hour,0.2,36.661862999608275,397.7094044553435,398.2050029322493,397.7094044553435,398.4122654506749,398.4122654506749,0.9683120001682255,0,-0.17672727560817703,-0.052049200009900536,-0.17672727560817703,0.0,398.4122654506749,397.7094044553435,398.2050029322493,397.7094044553435,398.4122654506749,0.9683120001682255,0,36.661862999608275,-0.17672727560817703,-0.052049200009900536,-0.17672727560817703,0.0
14,200,peak_hour,0.05,39.90525200015327,667.5857305564498,630.6968060275057,667.5857305564498,607.0960201440404,607.0960201440404,0.2809889997479331,0,9.060965153043293,3.742017663307464,9.060965153043293,0.0,607.0960201440404,667.5857305564498,630.6968060275057,667.5857305564498,607.0960201440404,0.2809889997479331,0,39.90525200015327,9.060965153043293,3.742017663307464,9.060965153043293,0.0
14,200,peak_hour,0.1,39.90525200015327,667.5857305564498,630.6968060275057,667.5857305564498,607.0960201440404,607.0960201440404,0.2735070002017892,0,9.060965153043293,3.742017663307464,9.060965153043293,0.0,607.0960201440404,667.5857305564498,630.6968060275057,667.5857305564498,607.0960201440404,0.2735070002017892,0,39.90525200015327,9.060965153043293,3.742017663307464,9.060965153043293,0.0
14,200,peak_hour,0.15,39.90525200015327,667.5857305564498,630.6968060275057,667.5857305564498,607.0960201440404,607.0960201440404,0.27705900038199616,0,9.060965153043293,3.742017663307464,9.060965153043293,0.0,607.0960201440404,667.5857305564498,630.6968060275057,667.5857305564498,607.0960201440404,0.27705900038199616,0,39.90525200015327,9.060965153043293,3.742017663307464,9.060965153043293,0.0
14,200,peak_hour,0.2,39.90525200015327,667.5857305564498,630.6968060275057,667.5857305564498,607.0960201440404,607.0960201440404,0.2745020001384546,0,9.060965153043293,3.742017663307464,9.060965153043293,0.0,607.0960201440404,667.5857305564498,630.6968060275057,667.5857305564498,607.0960201440404,0.2745020001384546,0,39.90525200015327,9.060965153043293,3.742017663307464,9.060965153043293,0.0
92,184,peak_hour,0.05,38.04259600019577,363.10190800185524,360.8510023074765,363.10190800185524,360.8510023074765,361.3884024770587,0.12107800012017833,0,0.471907606937654,-0.14892577993293232,0.471907606937654,-0.14892577993293232,361.3884024770587,363.10190800185524,360.8510023074765,363.10190800185524,360.8510023074765,0.12107800012017833,0,38.04259600019577,0.471907606937654,-0.14892577993293232,0.471907606937654,-0.14892577993293232
92,184,peak_hour,0.1,38.04259600019577,363.10190800185524,360.8510023074765,363.10190800185524,360.8510023074765,361.3884024770587,0.12582999988808297,0,0.471907606937654,-0.14892577993293232,0.471907606937654,-0.14892577993293232,361.3884024770587,363.10190800185524,360.8510023074765,363.10190800185524,360.8510023074765,0.12582999988808297,0,38.04259600019577,0.471907606937654,-0.14892577993293232,0.471907606937654,-0.14892577993293232
92,184,peak_hour,0.15,38.04259600019577,363.10190800185524,360.8510023074765,363.10190800185524,360.8510023074765,361.3884024770587,0.12562099982460495,0,0.471907606937654,-0.14892577993293232,0.471907606937654,-0.14892577993293232,361.3884024770587,363.10190800185524,360.8510023074765,363.10190800185524,360.8510023074765,0.12562099982460495,0,38.04259600019577,0.471907606937654,-0.14892577993293232,0.471907606937654,-0.14892577993293232
92,184,peak_hour,0.2,38.04259600019577,363.10190800185524,360.8510023074765,363.10190800185524,360.8510023074765,361.3884024770587,0.12226199987708242,0,0.471907606937654,-0.14892577993293232,0.471907606937654,-0.14892577993293232,361.3884024770587,363.10190800185524,360.8510023074765,363.10190800185524,360.8510023074765,0.12226199987708242,0,38.04259600019577,0.471907606937654,-0.14892577993293232,0.471907606937654,-0.14892577993293232
75,200,peak_hour,0.05,37.750615999812,612.591295075461,601.7519479274109,612.591295075461,612.591295075461,612.591295075461,0.2627819999361236,0,0.0,-1.801298223526078,0.0,0.0,612.591295075461,612.591295075461,601.7519479274109,612.591295075461,612.591295075461,0.2627819999361236,0,37.750615999812,0.0,-1.801298223526078,0.0,0.0
75,200,peak_hour,0.1,37.750615999812,612.591295075461,601.7519479274109,612.591295075461,612.591295075461,612.591295075461,0.32356999963667477,0,0.0,-1.801298223526078,0.0,0.0,612.591295075461,612.591295075461,601.7519479274109,612.591295075461,612.591295075461,0.32356999963667477,0,37.750615999812,0.0,-1.801298223526078,0.0,0.0
75,200,peak_hour,0.15,37.750615999812,612.591295075461,601.7519479274109,612.591295075461,612.591295075461,612.591295075461,0.26031900006273645,0,0.0,-1.801298223526078,0.0,0.0,612.591295075461,612.591295075461,601.7519479274109,612.591295075461,612.591295075461,0.26031900006273645,0,37.750615999812,0.0,-1.801298223526078,0.0,0.0
75,200,peak_hour,0.2,37.750615999812,612.591295075461,601.7519479274109,612.591295075461,612.591295075461,612.591295075461,0.2777080003397714,0,0.0,-1.801298223526078,0.0,0.0,612.591295075461,612.591295075461,601.7519479274109,612.591295075461,612.591295075461,0.2777080003397714,0,37.750615999812,0.0,-1.801298223526078,0.0,0.0
187,76,peak_hour,0.05,38.84349200006909,399.75801844424814,569.3635308341114,399.75801844424814,404.1972592592467,393.87115826262624,0.5330559997673845,0,1.472605904074668,30.822552388346818,1.472605904074668,2.554718212474929,393.87115826262624,399.75801844424814,569.3635308341114,399.75801844424814,404.1972592592467,0.5330559997673845,0,38.84349200006909,1.472605904074668,30.822552388346818,1.472605904074668,2.554718212474929
187,76,peak_hour,0.1,38.84349200006909,399.75801844424814,569.3635308341114,399.75801844424814,404.1972592592467,393.87115826262624,0.5400029999691469,0,1.472605904074668,30.822552388346818,1.472605904074668,2.554718212474929,393.87115826262624,399.75801844424814,569.3635308341114,399.75801844424814,404.1972592592467,0.5400029999691469,0,38.84349200006909,1.472605904074668,30.822552388346818,1.472605904074668,2.554718212474929
187,76,peak_hour,0.15,38.84349200006909,399.75801844424814,569.3635308341114,399.75801844424814,404.1972592592467,393.87115826262624,0.5298350001794461,0,1.472605904074668,30.822552388346818,1.472605904074668,2.554718212474929,393.87115826262624,399.75801844424814,569.3635308341114,399.75801844424814,404.1972592592467,0.5298350001794461,0,38.84349200006909,1.472605904074668,30.822552388346818,1.472605904074668,2.554718212474929
187,76,peak_hour,0.2,38.84349200006909,399.75801844424814,569.3635308341114,399.75801844424814,404.1972592592467,393.87115826262624,0.5517779995898309,0,1.472605904074668,30.822552388346818,1.472605904074668,2.554718212474929,393.87115826262624,399.75801844424814,569.3635308341114,399.75801844424814,404.1972592592467,0.5517779995898309,0,38.84349200006909,1.472605904074668,30.822552388346818,1.472605904074668,2.554718212474929
33,172,peak_hour,0.05,40.02035099983914,485.86685156946714,485.86685156946714,485.86685156946714,485.86685156946714,485.86685156946714,0.17633900006330805,0,0.0,0.0,0.0,0.0,485.86685156946714,485.86685156946714,485.86685156946714,485.86685156946714,485.86685156946714,0.17633900006330805,0,40.02035099983914,0.0,0.0,0.0,0.0
33,172,peak_hour,0.1,40.02035099983914,485.86685156946714,485.86685156946714,485.86685156946714,485.86685156946714,485.86685156946714,0.15916599977572332,0,0.0,0.0,0.0,0.0,485.86685156946714,485.86685156946714,485.86685156946714,485.86685156946714,485.86685156946714,0.15916599977572332,0,40.02035099983914,0.0,0.0,0.0,0.0
33,172,peak_hour,0.15,40.02035099983914,485.86685156946714,485.86685156946714,485.86685156946714,485.86685156946714,485.86685156946714,0.15663200019844226,0,0.0,0.0,0.0,0.0,485.86685156946714,485.86685156946714,485.86685156946714,485.86685156946714,485.86685156946714,0.15663200019844226,0,40.02035099983914,0.0,0.0,0.0,0.0
33,172,peak_hour,0.2,40.02035099983914,485.86685156946714,485.86685156946714,485.86685156946714,485.86685156946714,485.86685156946714,0.1577250000082131,0,0.0,0.0,0.0,0.0,485.86685156946714,485.86685156946714,485.86685156946714,485.86685156946714,485.86685156946714,0.1577250000082131,0,40.02035099983914,0.0,0.0,0.0,0.0
130,144,peak_hour,0.05,36.72060600001714,595.2632573763302,703.1104573736568,595.2632573763302,589.9953130651634,589.9953130651634,0.2076650002891256,0,0.884977234171268,16.087819932449133,0.884977234171268,0.0,589.9953130651634,595.2632573763302,703.1104573736568,595.2632573763302,589.9953130651634,0.2076650002891256,0,36.72060600001714,0.884977234171268,16.087819932449133,0.884977234171268,0.0
130,144,peak_hour,0.1,36.72060600001714,595.2632573763302,703.1104573736568,595.2632573763302,589.9953130651634,589.9953130651634,0.22774299986849655,0,0.884977234171268,16.087819932449133,0.884977234171268,0.0,589.9953130651634,595.2632573763302,703.1104573736568,595.2632573763302,589.9953130651634,0.22774299986849655,0,36.72060600001714,0.884977234171268,16.087819932449133,0.884977234171268,0.0
130,144,peak_hour,0.15,36.72060600001714,595.2632573763302,703.1104573736568,595.2632573763302,589.9953130651634,589.9953130651634,0.20759300014105975,0,0.884977234171268,16.087819932449133,0.884977234171268,0.0,589.9953130651634,595.2632573763302,703.1104573736568,595.2632573763302,589.9953130651634,0.20759300014105975,0,36.72060600001714,0.884977234171268,16.087819932449133,0.884977234171268,0.0
130,144,peak_hour,0.2,36.72060600001714,595.2632573763302,703.1104573736568,595.2632573763302,589.9953130651634,589.9953130651634,0.20965900012015481,0,0.884977234171268,16.087819932449133,0.884977234171268,0.0,589.9953130651634,595.2632573763302,703.1104573736568,595.2632573763302,589.9953130651634,0.20965900012015481,0,36.72060600001714,0.884977234171268,16.087819932449133,0.884977234171268,0.0
90,166,peak_hour,0.05,38.68961899979695,571.2338394406271,807.9403747742389,571.2338394406271,522.4705616033258,568.5331970869428,0.218417500036594,1,0.4727735241191038,29.631787835110128,0.4727735241191038,-8.816312127187182,568.5331970869428,571.2338394406271,807.9403747742389,571.2338394406271,522.4705616033258,0.218417500036594,1,38.68961899979695,0.4727735241191038,29.631787835110128,0.4727735241191038,-8.816312127187182
90,166,peak_hour,0.1,38.68961899979695,571.2338394406271,807.9403747742389,571.2338394406271,522.4705616033258,536.1288318483572,0.32433599972137017,0,6.1454705881300695,33.64252504423156,6.1454705881300695,-2.6141702994935736,536.1288318483572,571.2338394406271,807.9403747742389,571.2338394406271,522.4705616033258,0.32433599972137017,0,38.68961899979695,6.1454705881300695,33.64252504423156,6.1454705881300695,-2.6141702994935736
90,166,peak_hour,0.15,38.68961899979695,571.2338394406271,807.9403747742389,571.2338394406271,522.4705616033258,536.1288318483572,0.3147019997413736,0,6.1454705881300695,33.64252504423156,6.1454705881300695,-2.6141702994935736,536.1288318483572,571.2338394406271,807.9403747742389,571.2338394406271,522.4705616033258,0.3147019997413736,0,38.68961899979695,6.1454705881300695,33.64252504423156,6.1454705881300695,-2.6141702994935736
90,166,peak_hour,0.2,38.68961899979695,571.2338394406271,807.9403747742389,571.2338394406271,522.4705616033258,536.1288318483572,0.3393930001038825,0,6.1454705881300695,33.64252504423156,6.1454705881300695,-2.6141702994935736,536.1288318483572,571.2338394406271,807.9403747742389,571.2338394406271,522.4705616033258,0.3393930001038825,0,38.68961899979695,6.1454705881300695,33.64252504423156,6.1454705881300695,-2.6141702994935736
131,28,peak_hour,0.05,38.8168620002034,641.1937334102404,694.4419927147837,641.1937334102404,641.1937334102404,641.1937334102404,0.9938339999280288,0,0.0,7.6677764108676385,0.0,0.0,641.1937334102404,641.1937334102404,694.4419927147837,641.1937334102404,641.1937334102404,0.9938339999280288,0,38.8168620002034,0.0,7.6677764108676385,0.0,0.0
131,28,peak_hour,0.1,38.8168620002034,641.1937334102404,694.4419927147837,641.1937334102404,641.1937334102404,641.1937334102404,0.9338710001429718,0,0.0,7.6677764108676385,0.0,0.0,641.1937334102404,641.1937334102404,694.4419927147837,641.1937334102404,641.1937334102404,0.9338710001429718,0,38.8168620002034,0.0,7.6677764108676385,0.0,0.0
131,28,peak_hour,0.15,38.8168620002034,641.1937334102404,694.4419927147837,641.1937334102404,641.1937334102404,641.1937334102404,0.9496349998698861,0,0.0,7.6677764108676385,0.0,0.0,641.1937334102404,641.1937334102404,694.4419927147837,641.1937334102404,641.1937334102404,0.9496349998698861,0,38.8168620002034,0.0,7.6677764108676385,0.0,0.0
131,28,peak_hour,0.2,38.8168620002034,641.1937334102404,694.4419927147837,641.1937334102404,641.1937334102404,641.1937334102404,0.9425349999219179,0,0.0,7.6677764108676385,0.0,0.0,641.1937334102404,641.1937334102404,694.4419927147837,641.1937334102404,641.1937334102404,0.9425349999219179,0,38.8168620002034,0.0,7.6677764108676385,0.0,0.0
50,23,peak_hour,0.05,39.90310599965596,483.8661782731785,483.46693633994056,483.8661782731785,482.69626633538155,482.69626633538155,0.7852689996070694,0,0.24178419371490711,0.15940490375480948,0.24178419371490711,0.0,482.69626633538155,483.8661782731785,483.46693633994056,483.8661782731785,482.69626633538155,0.7852689996070694,0,39.90310599965596,0.24178419371490711,0.15940490375480948,0.24178419371490711,0.0
50,23,peak_hour,0.1,39.90310599965596,483.8661782731785,483.46693633994056,483.8661782731785,482.69626633538155,482.69626633538155,0.7989759997144574,0,0.24178419371490711,0.15940490375480948,0.24178419371490711,0.0,482.69626633538155,483.8661782731785,483.46693633994056,483.8661782731785,482.69626633538155,0.7989759997144574,0,39.90310599965596,0.24178419371490711,0.15940490375480948,0.24178419371490711,0.0
50,23,peak_hour,0.15,39.90310599965596,483.8661782731785,483.46693633994056,483.8661782731785,482.69626633538155,482.69626633538155,0.7842280001568724,0,0.24178419371490711,0.15940490375480948,0.24178419371490711,0.0,482.69626633538155,483.8661782731785,483.46693633994056,483.8661782731785,482.69626633538155,0.7842280001568724,0,39.90310599965596,0.24178419371490711,0.15940490375480948,0.24178419371490711,0.0
50,23,peak_hour,0.2,39.90310599965596,483.8661782731785,483.46693633994056,483.8661782731785,482.69626633538155,482.69626633538155,0.8661790002406633,0,0.24178419371490711,0.15940490375480948,0.24178419371490711,0.0,482.69626633538155,483.8661782731785,483.46693633994056,483.8661782731785,482.69626633538155,0.8661790002406633,0,39.90310599965596,0.24178419371490711,0.15940490375480948,0.24178419371490711,0.0
16,158,peak_hour,0.05,36.95967200019368,472.2715332075163,529.9296353664614,472.2715332075163,472.2715332075163,472.2715332075163,0.17672400008450495,0,0.0,10.8803317102794,0.0,0.0,472.2715332075163,472.2715332075163,529.9296353664614,472.2715332075163,472.2715332075163,0.17672400008450495,0,36.95967200019368,0.0,10.8803317102794,0.0,0.0
16,158,peak_hour,0.1,36.95967200019368,472.2715332075163,529.9296353664614,472.2715332075163,472.2715332075163,472.2715332075163,0.18913099984274595,0,0.0,10.8803317102794,0.0,0.0,472.2715332075163,472.2715332075163,529.9296353664614,472.2715332075163,472.2715332075163,0.18913099984274595,0,36.95967200019368,0.0,10.8803317102794,0.0,0.0
16,158,peak_hour,0.15,36.95967200019368,472.2715332075163,529.9296353664614,472.2715332075163,472.2715332075163,472.2715332075163,0.18156600026486558,0,0.0,10.8803317102794,0.0,0.0,472.2715332075163,472.2715332075163,529.9296353664614,472.2715332075163,472.2715332075163,0.18156600026486558,0,36.95967200019368,0.0,10.8803317102794,0.0,0.0
16,158,peak_hour,0.2,36.95967200019368,472.2715332075163,529.9296353664614,472.2715332075163,472.2715332075163,472.2715332075163,0.18366200038144598,0,0.0,10.8803317102794,0.0,0.0,472.2715332075163,472.2715332075163,529.9296353664614,472.2715332075163,472.2715332075163,0.18366200038144598,0,36.95967200019368,0.0,10.8803317102794,0.0,0.0
189,60,peak_hour,0.05,37.87162900016483,567.572640673436,531.9936554763992,567.572640673436,531.9936554763992,618.5727286497721,0.10729349992288917,1,-8.985649469612117,-16.274455960539886,-8.985649469612117,-16.274455960539886,618.5727286497721,567.572640673436,531.9936554763992,567.572640673436,531.9936554763992,0.10729349992288917,1,37.87162900016483,-8.985649469612117,-16.274455960539886,-8.985649469612117,-16.274455960539886
189,60,peak_hour,0.1,37.87162900016483,567.572640673436,531.9936554763992,567.572640673436,531.9936554763992,618.5727286497721,0.1075494999440707,1,-8.985649469612117,-16.274455960539886,-8.985649469612117,-16.274455960539886,618.5727286497721,567.572640673436,531.9936554763992,567.572640673436,531.9936554763992,0.1075494999440707,1,37.87162900016483,-8.985649469612117,-16.274455960539886,-8.985649469612117,-16.274455960539886
189,60,peak_hour,0.15,37.87162900016483,567.572640673436,531.9936554763992,567.572640673436,531.9936554763992,618.5727286497721,0.11127749985462287,1,-8.985649469612117,-16.274455960539886,-8.985649469612117,-16.274455960539886,618.5727286497721,567.572640673436,531.9936554763992,567.572640673436,531.9936554763992,0.11127749985462287,1,37.87162900016483,-8.985649469612117,-16.274455960539886,-8.985649469612117,-16.274455960539886
189,60,peak_hour,0.2,37.87162900016483,567.572640673436,531.9936554763992,567.572640673436,531.9936554763992,618.5727286497721,0.1157320000402251,1,-8.985649469612117,-16.274455960539886,-8.985649469612117,-16.274455960539886,618.5727286497721,567.572640673436,531.9936554763992,567.572640673436,531.9936554763992,0.1157320000402251,1,37.87162900016483,-8.985649469612117,-16.274455960539886,-8.985649469612117,-16.274455960539886
104,162,peak_hour,0.05,39.35641199996098,508.0161307416689,649.7995746992185,508.0161307416689,508.0161307416689,508.0161307416689,0.2502769998500298,0,0.0,21.819565521134546,0.0,0.0,508.0161307416689,508.0161307416689,649.7995746992185,508.0161307416689,508.0161307416689,0.2502769998500298,0,39.35641199996098,0.0,21.819565521134546,0.0,0.0
104,162,peak_hour,0.1,39.35641199996098,508.0161307416689,649.7995746992185,508.0161307416689,508.0161307416689,508.0161307416689,0.21649300015269546,0,0.0,21.819565521134546,0.0,0.0,508.0161307416689,508.0161307416689,649.7995746992185,508.0161307416689,508.0161307416689,0.21649300015269546,0,39.35641199996098,0.0,21.819565521134546,0.0,0.0
104,162,peak_hour,0.15,39.35641199996098,508.0161307416689,649.7995746992185,508.0161307416689,508.0161307416689,508.0161307416689,0.21569099999396713,0,0.0,21.819565521134546,0.0,0.0,508.0161307416689,508.0161307416689,649.7995746992185,508.0161307416689,508.0161307416689,0.21569099999396713,0,39.35641199996098,0.0,21.819565521134546,0.0,0.0
104,162,peak_hour,0.2,39.35641199996098,508.0161307416689,649.7995746992185,508.0161307416689,508.0161307416689,508.0161307416689,0.21523700024772552,0,0.0,21.819565521134546,0.0,0.0,508.0161307416689,508.0161307416689,649.7995746992185,508.0161307416689,508.0161307416689,0.21523700024772552,0,39.35641199996098,0.0,21.819565521134546,0.0,0.0
86,168,peak_hour,0.05,39.80341900023632,473.25824966346664,488.1946205949128,473.25824966346664,539.0706357891231,541.694212469066,0.17174200002045836,0,-14.460595848939573,-10.958660668763349,-14.460595848939573,-0.48668514026966286,541.694212469066,473.25824966346664,488.1946205949128,473.25824966346664,539.0706357891231,0.17174200002045836,0,39.80341900023632,-14.460595848939573,-10.958660668763349,-14.460595848939573,-0.48668514026966286
86,168,peak_hour,0.1,39.80341900023632,473.25824966346664,488.1946205949128,473.25824966346664,539.0706357891231,541.694212469066,0.15188199995463947,0,-14.460595848939573,-10.958660668763349,-14.460595848939573,-0.48668514026966286,541.694212469066,473.25824966346664,488.1946205949128,473.25824966346664,539.0706357891231,0.15188199995463947,0,39.80341900023632,-14.460595848939573,-10.958660668763349,-14.460595848939573,-0.48668514026966286
86,168,peak_hour,0.15,39.80341900023632,473.25824966346664,488.1946205949128,473.25824966346664,539.0706357891231,541.694212469066,0.16116999995574588,0,-14.460595848939573,-10.958660668763349,-14.460595848939573,-0.48668514026966286,541.694212469066,473.25824966346664,488.1946205949128,473.25824966346664,539.0706357891231,0.16116999995574588,0,39.80341900023632,-14.460595848939573,-10.958660668763349,-14.460595848939573,-0.48668514026966286
86,168,peak_hour,0.2,39.80341900023632,473.25824966346664,488.1946205949128,473.25824966346664,539.0706357891231,541.694212469066,0.14876099976390833,0,-14.460595848939573,-10.958660668763349,-14.460595848939573,-0.48668514026966286,541.694212469066,473.25824966346664,488.1946205949128,473.25824966346664,539.0706357891231,0.14876099976390833,0,39.80341900023632,-14.460595848939573,-10.958660668763349,-14.460595848939573,-0.48668514026966286
66,34,peak_hour,0.05,38.800666999577516,427.90294693064345,427.90294693064345,427.90294693064345,427.90294693064345,427.90294693064345,0.16307599980791565,0,0.0,0.0,0.0,0.0,427.90294693064345,427.90294693064345,427.90294693064345,427.90294693064345,427.90294693064345,0.16307599980791565,0,38.800666999577516,0.0,0.0,0.0,0.0
66,34,peak_hour,0.1,38.800666999577516,427.90294693064345,427.90294693064345,427.90294693064345,427.90294693064345,427.90294693064345,0.17341400007353514,0,0.0,0.0,0.0,0.0,427.90294693064345,427.90294693064345,427.90294693064345,427.90294693064345,427.90294693064345,0.17341400007353514,0,38.800666999577516,0.0,0.0,0.0,0.0
66,34,peak_hour,0.15,38.800666999577516,427.90294693064345,427.90294693064345,427.90294693064345,427.90294693064345,427.90294693064345,0.1719790002425725,0,0.0,0.0,0.0,0.0,427.90294693064345,427.90294693064345,427.90294693064345,427.90294693064345,427.90294693064345,0.1719790002425725,0,38.800666999577516,0.0,0.0,0.0,0.0
66,34,peak_hour,0.2,38.800666999577516,427.90294693064345,427.90294693064345,427.90294693064345,427.90294693064345,427.90294693064345,0.1673609999670589,0,0.0,0.0,0.0,0.0,427.90294693064345,427.90294693064345,427.90294693064345,427.90294693064345,427.90294693064345,0.1673609999670589,0,38.800666999577516,0.0,0.0,0.0,0.0
148,33,peak_hour,0.05,38.18918900014978,602.9942731210908,621.5740981636383,602.9942731210908,602.9942731210908,605.5360407684987,0.2191240000684047,0,-0.42152434288499385,2.5802325808816713,-0.42152434288499385,-0.42152434288499385,605.5360407684987,602.9942731210908,621.5740981636383,602.9942731210908,602.9942731210908,0.2191240000684047,0,38.18918900014978,-0.42152434288499385,2.5802325808816713,-0.42152434288499385,-0.42152434288499385
148,33,peak_hour,0.1,38.18918900014978,602.9942731210908,621.5740981636383,602.9942731210908,602.9942731210908,605.5360407684987,0.22109200017439434,0,-0.42152434288499385,2.5802325808816713,-0.42152434288499385,-0.42152434288499385,605.5360407684987,602.9942731210908,621.5740981636383,602.9942731210908,602.9942731210908,0.22109200017439434,0,38.18918900014978,-0.42152434288499385,2.5802325808816713,-0.42152434288499385,-0.42152434288499385
148,33,peak_hour,0.15,38.18918900014978,602.9942731210908,621.5740981636383,602.9942731210908,602.9942731210908,605.5360407684987,0.21964899997328757,0,-0.42152434288499385,2.5802325808816713,-0.42152434288499385,-0.42152434288499385,605.5360407684987,602.9942731210908,621.5740981636383,602.9942731210908,602.9942731210908,0.21964899997328757,0,38.18918900014978,-0.42152434288499385,2.5802325808816713,-0.42152434288499385,-0.42152434288499385
148,33,peak_hour,0.2,38.18918900014978,602.9942731210908,621.5740981636383,602.9942731210908,602.9942731210908,605.5360407684987,0.2281960000800609,0,-0.42152434288499385,2.5802325808816713,-0.42152434288499385,-0.42152434288499385,605.5360407684987,602.9942731210908,621.5740981636383,602.9942731210908,602.9942731210908,0.2281960000800609,0,38.18918900014978,-0.42152434288499385,2.5802325808816713,-0.42152434288499385,-0.42152434288499385
34,78,peak_hour,0.05,38.6440219999713,673.2178137596114,610.499221306984,673.2178137596114,610.499221306984,610.499221306984,0.20770599985553417,0,9.316240772414046,0.0,9.316240772414046,0.0,610.499221306984,673.2178137596114,610.499221306984,673.2178137596114,610.499221306984,0.20770599985553417,0,38.6440219999713,9.316240772414046,0.0,9.316240772414046,0.0
34,78,peak_hour,0.1,38.6440219999713,673.2178137596114,610.499221306984,673.2178137596114,610.499221306984,610.499221306984,0.20591300017258618,0,9.316240772414046,0.0,9.316240772414046,0.0,610.499221306984,673.2178137596114,610.499221306984,673.2178137596114,610.499221306984,0.20591300017258618,0,38.6440219999713,9.316240772414046,0.0,9.316240772414046,0.0
34,78,peak_hour,0.15,38.6440219999713,673.2178137596114,610.499221306984,673.2178137596114,610.499221306984,610.499221306984,0.2048809997177159,0,9.316240772414046,0.0,9.316240772414046,0.0,610.499221306984,673.2178137596114,610.499221306984,673.2178137596114,610.499221306984,0.2048809997177159,0,38.6440219999713,9.316240772414046,0.0,9.316240772414046,0.0
34,78,peak_hour,0.2,38.6440219999713,673.2178137596114,610.499221306984,673.2178137596114,610.499221306984,610.499221306984,0.2037009999185102,0,9.316240772414046,0.0,9.316240772414046,0.0,610.499221306984,673.2178137596114,610.499221306984,673.2178137596114,610.499221306984,0.2037009999185102,0,38.6440219999713,9.316240772414046,0.0,9.316240772414046,0.0
125,74,peak_hour,0.05,39.53757499994026,679.4983234149321,714.1824334005095,679.4983234149321,651.1464866783817,651.1464866783817,0.4429760001585237,1,4.172466032596441,8.826308765673256,4.172466032596441,0.0,651.1464866783817,679.4983234149321,714.1824334005095,679.4983234149321,651.1464866783817,0.4429760001585237,1,39.53757499994026,4.172466032596441,8.826308765673256,4.172466032596441,0.0
125,74,peak_hour,0.1,39.53757499994026,679.4983234149321,714.1824334005095,679.4983234149321,651.1464866783817,651.1464866783817,0.4377119998935086,1,4.172466032596441,8.826308765673256,4.172466032596441,0.0,651.1464866783817,679.4983234149321,714.1824334005095,679.4983234149321,651.1464866783817,0.4377119998935086,1,39.53757499994026,4.172466032596441,8.826308765673256,4.172466032596441,0.0
125,74,peak_hour,0.15,39.53757499994026,679.4983234149321,714.1824334005095,679.4983234149321,651.1464866783817,651.1464866783817,0.446746499846995,1,4.172466032596441,8.826308765673256,4.172466032596441,0.0,651.1464866783817,679.4983234149321,714.1824334005095,679.4983234149321,651.1464866783817,0.446746499846995,1,39.53757499994026,4.172466032596441,8.826308765673256,4.172466032596441,0.0
125,74,peak_hour,0.2,39.53757499994026,679.4983234149321,714.1824334005095,679.4983234149321,651.1464866783817,651.1464866783817,0.43775349990937684,1,4.172466032596441,8.826308765673256,4.172466032596441,0.0,651.1464866783817,679.4983234149321,714.1824334005095,679.4983234149321,651.1464866783817,0.43775349990937684,1,39.53757499994026,4.172466032596441,8.826308765673256,4.172466032596441,0.0
198,18,peak_hour,0.05,38.75934000006964,414.5793365071434,413.385175791634,414.5793365071434,413.20135549251785,413.20135549251785,0.34579600014694734,0,0.3323805345039955,0.044467075715562715,0.3323805345039955,0.0,413.20135549251785,414.5793365071434,413.385175791634,414.5793365071434,413.20135549251785,0.34579600014694734,0,38.75934000006964,0.3323805345039955,0.044467075715562715,0.3323805345039955,0.0
198,18,peak_hour,0.1,38.75934000006964,414.5793365071434,413.385175791634,414.5793365071434,413.20135549251785,413.20135549251785,0.3382929999133921,0,0.3323805345039955,0.044467075715562715,0.3323805345039955,0.0,413.20135549251785,414.5793365071434,413.385175791634,414.5793365071434,413.20135549251785,0.3382929999133921,0,38.75934000006964,0.3323805345039955,0.044467075715562715,0.3323805345039955,0.0
198,18,peak_hour,0.15,38.75934000006964,414.5793365071434,413.385175791634,414.5793365071434,413.20135549251785,413.20135549251785,0.34037000023090513,0,0.3323805345039955,0.044467075715562715,0.3323805345039955,0.0,413.20135549251785,414.5793365071434,413.385175791634,414.5793365071434,413.20135549251785,0.34037000023090513,0,38.75934000006964,0.3323805345039955,0.044467075715562715,0.3323805345039955,0.0
198,18,peak_hour,0.2,38.75934000006964,414.5793365071434,413.385175791634,414.5793365071434,413.20135549251785,413.20135549251785,0.34192200018878793,0,0.3323805345039955,0.044467075715562715,0.3323805345039955,0.0,413.20135549251785,414.5793365071434,413.385175791634,414.5793365071434,413.20135549251785,0.34192200018878793,0,38.75934000006964,0.3323805345039955,0.044467075715562715,0.3323805345039955,0.0
158,200,peak_hour,0.05,38.64484099995025,609.63857258191,609.63857258191,609.63857258191,609.63857258191,609.63857258191,0.1845510000748618,0,0.0,0.0,0.0,0.0,609.63857258191,609.63857258191,609.63857258191,609.63857258191,609.63857258191,0.1845510000748618,0,38.64484099995025,0.0,0.0,0.0,0.0
158,200,peak_hour,0.1,38.64484099995025,609.63857258191,609.63857258191,609.63857258191,609.63857258191,609.63857258191,0.18467600011717877,0,0.0,0.0,0.0,0.0,609.63857258191,609.63857258191,609.63857258191,609.63857258191,609.63857258191,0.18467600011717877,0,38.64484099995025,0.0,0.0,0.0,0.0
158,200,peak_hour,0.15,38.64484099995025,609.63857258191,609.63857258191,609.63857258191,609.63857258191,609.63857258191,0.18249000004288973,0,0.0,0.0,0.0,0.0,609.63857258191,609.63857258191,609.63857258191,609.63857258191,609.63857258191,0.18249000004288973,0,38.64484099995025,0.0,0.0,0.0,0.0
158,200,peak_hour,0.2,38.64484099995025,609.63857258191,609.63857258191,609.63857258191,609.63857258191,609.63857258191,0.18297699989489047,0,0.0,0.0,0.0,0.0,609.63857258191,609.63857258191,609.63857258191,609.63857258191,609.63857258191,0.18297699989489047,0,38.64484099995025,0.0,0.0,0.0,0.0
54,148,peak_hour,0.05,37.17565699980696,529.797573216483,618.4766452887958,529.797573216483,520.965700922902,529.797573216483,0.18812949997482065,1,0.0,14.338305698011341,0.0,-1.6952886299299834,529.797573216483,529.797573216483,618.4766452887958,529.797573216483,520.965700922902,0.18812949997482065,1,37.17565699980696,0.0,14.338305698011341,0.0,-1.6952886299299834
54,148,peak_hour,0.1,37.17565699980696,529.797573216483,618.4766452887958,529.797573216483,520.965700922902,529.797573216483,0.18669849987418274,1,0.0,14.338305698011341,0.0,-1.6952886299299834,529.797573216483,529.797573216483,618.4766452887958,529.797573216483,520.965700922902,0.18669849987418274,1,37.17565699980696,0.0,14.338305698011341,0.0,-1.6952886299299834
54,148,peak_hour,0.15,37.17565699980696,529.797573216483,618.4766452887958,529.797573216483,520.965700922902,529.797573216483,0.20019099997625744,1,0.0,14.338305698011341,0.0,-1.6952886299299834,529.797573216483,529.797573216483,618.4766452887958,529.797573216483,520.965700922902,0.20019099997625744,1,37.17565699980696,0.0,14.338305698011341,0.0,-1.6952886299299834
54,148,peak_hour,0.2,37.17565699980696,529.797573216483,618.4766452887958,529.797573216483,520.965700922902,529.797573216483,0.20332450003479607,1,0.0,14.338305698011341,0.0,-1.6952886299299834,529.797573216483,529.797573216483,618.4766452887958,529.797573216483,520.965700922902,0.20332450003479607,1,37.17565699980696,0.0,14.338305698011341,0.0,-1.6952886299299834
92,186,peak_hour,0.05,38.45242000033977,728.7362368848501,728.7362368848501,728.7362368848501,699.1269935910068,702.5208433050962,0.11455150001893344,1,3.597377521916248,3.597377521916248,3.597377521916248,-0.4854410922766883,702.5208433050962,728.7362368848501,728.7362368848501,728.7362368848501,699.1269935910068,0.11455150001893344,1,38.45242000033977,3.597377521916248,3.597377521916248,3.597377521916248,-0.4854410922766883
92,186,peak_hour,0.1,38.45242000033977,728.7362368848501,728.7362368848501,728.7362368848501,699.1269935910068,702.5208433050962,0.11238999991292076,1,3.597377521916248,3.597377521916248,3.597377521916248,-0.4854410922766883,702.5208433050962,728.7362368848501,728.7362368848501,728.7362368848501,699.1269935910068,0.11238999991292076,1,38.45242000033977,3.597377521916248,3.597377521916248,3.597377521916248,-0.4854410922766883
92,186,peak_hour,0.15,38.45242000033977,728.7362368848501,728.7362368848501,728.7362368848501,699.1269935910068,702.5208433050962,0.11074800022470299,1,3.597377521916248,3.597377521916248,3.597377521916248,-0.4854410922766883,702.5208433050962,728.7362368848501,728.7362368848501,728.7362368848501,699.1269935910068,0.11074800022470299,1,38.45242000033977,3.597377521916248,3.597377521916248,3.597377521916248,-0.4854410922766883
92,186,peak_hour,0.2,38.45242000033977,728.7362368848501,728.7362368848501,728.7362368848501,699.1269935910068,702.5208433050962,0.11662550014079898,1,3.597377521916248,3.597377521916248,3.597377521916248,-0.4854410922766883,702.5208433050962,728.7362368848501,728.7362368848501,728.7362368848501,699.1269935910068,0.11662550014079898,1,38.45242000033977,3.597377521916248,3.597377521916248,3.597377521916248,-0.4854410922766883
130,17,peak_hour,0.05,38.13421199993172,525.224493323307,751.8176787391442,525.224493323307,462.62006790250973,460.0185582807629,0.44450199993661954,0,12.414869426587458,38.81248455712704,12.414869426587458,0.5623425792015331,460.0185582807629,525.224493323307,751.8176787391442,525.224493323307,462.62006790250973,0.44450199993661954,0,38.13421199993172,12.414869426587458,38.81248455712704,12.414869426587458,0.5623425792015331
130,17,peak_hour,0.1,38.13421199993172,525.224493323307,751.8176787391442,525.224493323307,462.62006790250973,460.0185582807629,0.42689000019890955,0,12.414869426587458,38.81248455712704,12.414869426587458,0.5623425792015331,460.0185582807629,525.224493323307,751.8176787391442,525.224493323307,462.62006790250973,0.42689000019890955,0,38.13421199993172,12.414869426587458,38.81248455712704,12.414869426587458,0.5623425792015331
130,17,peak_hour,0.15,38.13421199993172,525.224493323307,751.8176787391442,525.224493323307,462.62006790250973,460.0185582807629,0.4285479999452946,0,12.414869426587458,38.81248455712704,12.414869426587458,0.5623425792015331,460.0185582807629,525.224493323307,751.8176787391442,525.224493323307,462.62006790250973,0.4285479999452946,0,38.13421199993172,12.414869426587458,38.81248455712704,12.414869426587458,0.5623425792015331
130,17,peak_hour,0.2,38.13421199993172,525.224493323307,751.8176787391442,525.224493323307,462.62006790250973,460.0185582807629,0.4463390000637446,0,12.414869426587458,38.81248455712704,12.414869426587458,0.5623425792015331,460.0185582807629,525.224493323307,751.8176787391442,525.224493323307,462.62006790250973,0.4463390000637446,0,38.13421199993172,12.414869426587458,38.81248455712704,12.414869426587458,0.5623425792015331
162,8,peak_hour,0.05,38.419478999912826,417.6343676067589,421.0427267345902,417.6343676067589,421.3854219687476,421.3854219687476,0.13458400007948512,1,-0.8981670697945764,-0.08139203277900114,-0.8981670697945764,0.0,421.3854219687476,417.6343676067589,421.0427267345902,417.6343676067589,421.3854219687476,0.13458400007948512,1,38.419478999912826,-0.8981670697945764,-0.08139203277900114,-0.8981670697945764,0.0
162,8,peak_hour,0.1,38.419478999912826,417.6343676067589,421.0427267345902,417.6343676067589,421.3854219687476,421.3854219687476,0.12083499996151659,1,-0.8981670697945764,-0.08139203277900114,-0.8981670697945764,0.0,421.3854219687476,417.6343676067589,421.0427267345902,417.6343676067589,421.3854219687476,0.12083499996151659,1,38.419478999912826,-0.8981670697945764,-0.08139203277900114,-0.8981670697945764,0.0
162,8,peak_hour,0.15,38.419478999912826,417.6343676067589,421.0427267345902,417.6343676067589,421.3854219687476,421.3854219687476,0.11669550008264196,1,-0.8981670697945764,-0.08139203277900114,-0.8981670697945764,0.0,421.3854219687476,417.6343676067589,421.0427267345902,417.6343676067589,421.3854219687476,0.11669550008264196,1,38.419478999912826,-0.8981670697945764,-0.08139203277900114,-0.8981670697945764,0.0
162,8,peak_hour,0.2,38.419478999912826,417.6343676067589,421.0427267345902,417.6343676067589,421.3854219687476,421.3854219687476,0.13705249989470758,1,-0.8981670697945764,-0.08139203277900114,-0.8981670697945764,0.0,421.3854219687476,417.6343676067589,421.0427267345902,417.6343676067589,421.3854219687476,0.13705249989470758,1,38.419478999912826,-0.8981670697945764,-0.08139203277900114,-0.8981670697945764,0.0
140,21,peak_hour,0.05,37.5739269998121,329.923191630116,330.045587826276,329.923191630116,329.923191630116,329.923191630116,0.13297099985720706,0,0.0,0.037084633358119665,0.0,0.0,329.923191630116,329.923191630116,330.045587826276,329.923191630116,329.923191630116,0.13297099985720706,0,37.5739269998121,0.0,0.037084633358119665,0.0,0.0
140,21,peak_hour,0.1,37.5739269998121,329.923191630116,330.045587826276,329.923191630116,329.923191630116,329.923191630116,0.1323690003118827,0,0.0,0.037084633358119665,0.0,0.0,329.923191630116,329.923191630116,330.045587826276,329.923191630116,329.923191630116,0.1323690003118827,0,37.5739269998121,0.0,0.037084633358119665,0.0,0.0
140,21,peak_hour,0.15,37.5739269998121,329.923191630116,330.045587826276,329.923191630116,329.923191630116,329.923191630116,0.12134100006733206,0,0.0,0.037084633358119665,0.0,0.0,329.923191630116,329.923191630116,330.045587826276,329.923191630116,329.923191630116,0.12134100006733206,0,37.5739269998121,0.0,0.037084633358119665,0.0,0.0
140,21,peak_hour,0.2,37.5739269998121,329.923191630116,330.045587826276,329.923191630116,329.923191630116,329.923191630116,0.11863300005643396,0,0.0,0.037084633358119665,0.0,0.0,329.923191630116,329.923191630116,330.045587826276,329.923191630116,329.923191630116,0.11863300005643396,0,37.5739269998121,0.0,0.037084633358119665,0.0,0.0
164,35,peak_hour,0.05,37.80079299986028,414.3660265950163,523.8800562381613,414.3660265950163,414.1553124885744,414.3660265950163,0.08566250016883714,1,0.0,20.904409003376674,0.0,-0.05087804021534206,414.3660265950163,414.3660265950163,523.8800562381613,414.3660265950163,414.1553124885744,0.08566250016883714,1,37.80079299986028,0.0,20.904409003376674,0.0,-0.05087804021534206
164,35,peak_hour,0.1,37.80079299986028,414.3660265950163,523.8800562381613,414.3660265950163,414.1553124885744,414.3660265950163,0.09825549977904302,1,0.0,20.904409003376674,0.0,-0.05087804021534206,414.3660265950163,414.3660265950163,523.8800562381613,414.3660265950163,414.1553124885744,0.09825549977904302,1,37.80079299986028,0.0,20.904409003376674,0.0,-0.05087804021534206
164,35,peak_hour,0.15,37.80079299986028,414.3660265950163,523.8800562381613,414.3660265950163,414.1553124885744,414.3660265950163,0.0974660001702432,1,0.0,20.904409003376674,0.0,-0.05087804021534206,414.3660265950163,414.3660265950163,523.8800562381613,414.3660265950163,414.1553124885744,0.0974660001702432,1,37.80079299986028,0.0,20.904409003376674,0.0,-0.05087804021534206
164,35,peak_hour,0.2,37.80079299986028,414.3660265950163,523.8800562381613,414.3660265950163,414.1553124885744,414.3660265950163,0.08528199987267726,1,0.0,20.904409003376674,0.0,-0.05087804021534206,414.3660265950163,414.3660265950163,523.8800562381613,414.3660265950163,414.1553124885744,0.08528199987267726,1,37.80079299986028,0.0,20.904409003376674,0.0,-0.05087804021534206
92,71,peak_hour,0.05,38.20544899963352,463.0798421809935,463.0798421809935,463.0798421809935,463.0798421809935,463.0798421809935,0.16553100022065337,0,0.0,0.0,0.0,0.0,463.0798421809935,463.0798421809935,463.0798421809935,463.0798421809935,463.0798421809935,0.16553100022065337,0,38.20544899963352,0.0,0.0,0.0,0.0
92,71,peak_hour,0.1,38.20544899963352,463.0798421809935,463.0798421809935,463.0798421809935,463.0798421809935,463.0798421809935,0.1700679999885324,0,0.0,0.0,0.0,0.0,463.0798421809935,463.0798421809935,463.0798421809935,463.0798421809935,463.0798421809935,0.1700679999885324,0,38.20544899963352,0.0,0.0,0.0,0.0
92,71,peak_hour,0.15,38.20544899963352,463.0798421809935,463.0798421809935,463.0798421809935,463.0798421809935,463.0798421809935,0.1577409998390067,0,0.0,0.0,0.0,0.0,463.0798421809935,463.0798421809935,463.0798421809935,463.0798421809935,463.0798421809935,0.1577409998390067,0,38.20544899963352,0.0,0.0,0.0,0.0
92,71,peak_hour,0.2,38.20544899963352,463.0798421809935,463.0798421809935,463.0798421809935,463.0798421809935,463.0798421809935,0.17539999998916755,0,0.0,0.0,0.0,0.0,463.0798421809935,463.0798421809935,463.0798421809935,463.0798421809935,463.0798421809935,0.17539999998916755,0,38.20544899963352,0.0,0.0,0.0,0.0
75,171,peak_hour,0.05,38.86941000018851,386.4423597114434,386.4423597114434,386.4423597114434,386.4423597114434,386.4423597114434,0.14481299967883388,0,0.0,0.0,0.0,0.0,386.4423597114434,386.4423597114434,386.4423597114434,386.4423597114434,386.4423597114434,0.14481299967883388,0,38.86941000018851,0.0,0.0,0.0,0.0
75,171,peak_hour,0.1,38.86941000018851,386.4423597114434,386.4423597114434,386.4423597114434,386.4423597114434,386.4423597114434,0.14301900000646128,0,0.0,0.0,0.0,0.0,386.4423597114434,386.4423597114434,386.4423597114434,386.4423597114434,386.4423597114434,0.14301900000646128,0,38.86941000018851,0.0,0.0,0.0,0.0
75,171,peak_hour,0.15,38.86941000018851,386.4423597114434,386.4423597114434,386.4423597114434,386.4423597114434,386.4423597114434,0.14457299994319328,0,0.0,0.0,0.0,0.0,386.4423597114434,386.4423597114434,386.4423597114434,386.4423597114434,386.4423597114434,0.14457299994319328,0,38.86941000018851,0.0,0.0,0.0,0.0
75,171,peak_hour,0.2,38.86941000018851,386.4423597114434,386.4423597114434,386.4423597114434,386.4423597114434,386.4423597114434,0.14553599976352416,0,0.0,0.0,0.0,0.0,386.4423597114434,386.4423597114434,386.4423597114434,386.4423597114434,386.4423597114434,0.14553599976352416,0,38.86941000018851,0.0,0.0,0.0,0.0
2,185,peak_hour,0.05,38.492437999593676,493.19480531594814,491.3641938778813,493.19480531594814,490.7464695978283,491.21784886703756,0.2916010002991243,0,0.4008469731639035,0.029783409671910795,0.4008469731639035,-0.09605352221801029,491.21784886703756,493.19480531594814,491.3641938778813,493.19480531594814,490.7464695978283,0.2916010002991243,0,38.492437999593676,0.4008469731639035,0.029783409671910795,0.4008469731639035,-0.09605352221801029
2,185,peak_hour,0.1,38.492437999593676,493.19480531594814,491.3641938778813,493.19480531594814,490.7464695978283,491.21784886703756,0.2714809997996781,0,0.4008469731639035,0.029783409671910795,0.4008469731639035,-0.09605352221801029,491.21784886703756,493.19480531594814,491.3641938778813,493.19480531594814,490.7464695978283,0.2714809997996781,0,38.492437999593676,0.4008469731639035,0.029783409671910795,0.4008469731639035,-0.09605352221801029
2,185,peak_hour,0.15,38.492437999593676,493.19480531594814,491.3641938778813,493.19480531594814,490.7464695978283,491.21784886703756,0.26394500036985846,0,0.4008469731639035,0.029783409671910795,0.4008469731639035,-0.09605352221801029,491.21784886703756,493.19480531594814,491.3641938778813,493.19480531594814,490.7464695978283,0.26394500036985846,0,38.492437999593676,0.4008469731639035,0.029783409671910795,0.4008469731639035,-0.09605352221801029
2,185,peak_hour,0.2,38.492437999593676,493.19480531594814,491.3641938778813,493.19480531594814,490.7464695978283,491.21784886703756,0.2594749998934276,0,0.4008469731639035,0.029783409671910795,0.4008469731639035,-0.09605352221801029,491.21784886703756,493.19480531594814,491.3641938778813,493.19480531594814,490.7464695978283,0.2594749998934276,0,38.492437999593676,0.4008469731639035,0.029783409671910795,0.4008469731639035,-0.09605352221801029
50,136,peak_hour,0.05,38.284394000129396,483.8992235999754,485.6361590592408,483.8992235999754,484.484623672532,486.60066249049225,0.7009660000676377,1,-0.558264770589927,-0.19860618145070785,-0.558264770589927,-0.4367607793040117,486.60066249049225,483.8992235999754,485.6361590592408,483.8992235999754,484.484623672532,0.7009660000676377,1,38.284394000129396,-0.558264770589927,-0.19860618145070785,-0.558264770589927,-0.4367607793040117
50,136,peak_hour,0.1,38.284394000129396,483.8992235999754,485.6361590592408,483.8992235999754,484.484623672532,486.60066249049225,0.6916855002145894,1,-0.558264770589927,-0.19860618145070785,-0.558264770589927,-0.4367607793040117,486.60066249049225,483.8992235999754,485.6361590592408,483.8992235999754,484.484623672532,0.6916855002145894,1,38.284394000129396,-0.558264770589927,-0.19860618145070785,-0.558264770589927,-0.4367607793040117
50,136,peak_hour,0.15,38.284394000129396,483.8992235999754,485.6361590592408,483.8992235999754,484.484623672532,486.60066249049225,0.7093014999099978,1,-0.558264770589927,-0.19860618145070785,-0.558264770589927,-0.4367607793040117,486.60066249049225,483.8992235999754,485.6361590592408,483.8992235999754,484.484623672532,0.7093014999099978,1,38.284394000129396,-0.558264770589927,-0.19860618145070785,-0.558264770589927,-0.4367607793040117
50,136,peak_hour,0.2,38.284394000129396,483.8992235999754,485.6361590592408,483.8992235999754,484.484623672532,486.60066249049225,0.6929740002306062,1,-0.558264770589927,-0.19860618145070785,-0.558264770589927,-0.4367607793040117,486.60066249049225,483.8992235999754,485.6361590592408,483.8992235999754,484.484623672532,0.6929740002306062,1,38.284394000129396,-0.558264770589927,-0.19860618145070785,-0.558264770589927,-0.4367607793040117
127,189,peak_hour,0.05,38.764939999964554,520.513511169559,549.7128814277017,520.513511169559,520.513511169559,522.7007341435866,0.24228699999184755,1,-0.42020484139077063,4.913864709511593,-0.42020484139077063,-0.42020484139077063,522.7007341435866,520.513511169559,549.7128814277017,520.513511169559,520.513511169559,0.24228699999184755,1,38.764939999964554,-0.42020484139077063,4.913864709511593,-0.42020484139077063,-0.42020484139077063
127,189,peak_hour,0.1,38.764939999964554,520.513511169559,549.7128814277017,520.513511169559,520.513511169559,522.7007341435866,0.24421300008725666,1,-0.42020484139077063,4.913864709511593,-0.42020484139077063,-0.42020484139077063,522.7007341435866,520.513511169559,549.7128814277017,520.513511169559,520.513511169559,0.24421300008725666,1,38.764939999964554,-0.42020484139077063,4.913864709511593,-0.42020484139077063,-0.42020484139077063
127,189,peak_hour,0.15,38.764939999964554,520.513511169559,549.7128814277017,520.513511169559,520.513511169559,522.7007341435866,0.23295299979508854,1,-0.42020484139077063,4.913864709511593,-0.42020484139077063,-0.42020484139077063,522.7007341435866,520.513511169559,549.7128814277017,520.513511169559,520.513511169559,0.23295299979508854,1,38.764939999964554,-0.42020484139077063,4.913864709511593,-0.42020484139077063,-0.42020484139077063
127,189,peak_hour,0.2,38.764939999964554,520.513511169559,549.7128814277017,520.513511169559,520.513511169559,522.5682611965279,0.4205560003356368,0,-0.3947544074988625,4.937963280153526,-0.3947544074988625,-0.3947544074988625,522.5682611965279,520.513511169559,549.7128814277017,520.513511169559,520.513511169559,0.4205560003356368,0,38.764939999964554,-0.3947544074988625,4.937963280153526,-0.3947544074988625,-0.3947544074988625
128,106,peak_hour,0.05,40.83453700013706,319.3998282296494,554.8414874872577,319.3998282296494,318.3933140255964,318.3933140255964,0.5277390000628657,0,0.3151267205220074,42.615445815430576,0.3151267205220074,0.0,318.3933140255964,319.3998282296494,554.8414874872577,319.3998282296494,318.3933140255964,0.5277390000628657,0,40.83453700013706,0.3151267205220074,42.615445815430576,0.3151267205220074,0.0
128,106,peak_hour,0.1,40.83453700013706,319.3998282296494,554.8414874872577,319.3998282296494,318.3933140255964,318.3933140255964,0.5300109996824176,0,0.3151267205220074,42.615445815430576,0.3151267205220074,0.0,318.3933140255964,319.3998282296494,554.8414874872577,319.3998282296494,318.3933140255964,0.5300109996824176,0,40.83453700013706,0.3151267205220074,42.615445815430576,0.3151267205220074,0.0
128,106,peak_hour,0.15,40.83453700013706,319.3998282296494,554.8414874872577,319.3998282296494,318.3933140255964,318.3933140255964,0.5133300001034513,0,0.3151267205220074,42.615445815430576,0.3151267205220074,0.0,318.3933140255964,319.3998282296494,554.8414874872577,319.3998282296494,318.3933140255964,0.5133300001034513,0,40.83453700013706,0.3151267205220074,42.615445815430576,0.3151267205220074,0.0
128,106,peak_hour,0.2,40.83453700013706,319.3998282296494,554.8414874872577,319.3998282296494,318.3933140255964,318.3933140255964,0.5035509998378984,0,0.3151267205220074,42.615445815430576,0.3151267205220074,0.0,318.3933140255964,319.3998282296494,554.8414874872577,319.3998282296494,318.3933140255964,0.5035509998378984,0,40.83453700013706,0.3151267205220074,42.615445815430576,0.3151267205220074,0.0
37,34,peak_hour,0.05,38.09462600020197,366.52197298826155,366.52197298826155,366.52197298826155,357.6986524262037,357.6986524262037,0.19382100026632543,0,2.4073101238982035,2.4073101238982035,2.4073101238982035,0.0,357.6986524262037,366.52197298826155,366.52197298826155,366.52197298826155,357.6986524262037,0.19382100026632543,0,38.09462600020197,2.4073101238982035,2.4073101238982035,2.4073101238982035,0.0
37,34,peak_hour,0.1,38.09462600020197,366.52197298826155,366.52197298826155,366.52197298826155,357.6986524262037,357.6986524262037,0.18758299984256155,0,2.4073101238982035,2.4073101238982035,2.4073101238982035,0.0,357.6986524262037,366.52197298826155,366.52197298826155,366.52197298826155,357.6986524262037,0.18758299984256155,0,38.09462600020197,2.4073101238982035,2.4073101238982035,2.4073101238982035,0.0
37,34,peak_hour,0.15,38.09462600020197,366.52197298826155,366.52197298826155,366.52197298826155,357.6986524262037,357.6986524262037,0.20457599975998164,0,2.4073101238982035,2.4073101238982035,2.4073101238982035,0.0,357.6986524262037,366.52197298826155,366.52197298826155,366.52197298826155,357.6986524262037,0.20457599975998164,0,38.09462600020197,2.4073101238982035,2.4073101238982035,2.4073101238982035,0.0
37,34,peak_hour,0.2,38.09462600020197,366.52197298826155,366.52197298826155,366.52197298826155,357.6986524262037,357.6986524262037,0.1977189999706752,0,2.4073101238982035,2.4073101238982035,2.4073101238982035,0.0,357.6986524262037,366.52197298826155,366.52197298826155,366.52197298826155,357.6986524262037,0.1977189999706752,0,38.09462600020197,2.4073101238982035,2.4073101238982035,2.4073101238982035,0.0
200,205,peak_hour,0.05,39.18519399985598,404.6834679539757,404.6834679539757,404.6834679539757,404.6834679539757,404.6834679539757,0.16183400020963745,0,0.0,0.0,0.0,0.0,404.6834679539757,404.6834679539757,404.6834679539757,404.6834679539757,404.6834679539757,0.16183400020963745,0,39.18519399985598,0.0,0.0,0.0,0.0
200,205,peak_hour,0.1,39.18519399985598,404.6834679539757,404.6834679539757,404.6834679539757,404.6834679539757,404.6834679539757,0.1587329998073983,0,0.0,0.0,0.0,0.0,404.6834679539757,404.6834679539757,404.6834679539757,404.6834679539757,404.6834679539757,0.1587329998073983,0,39.18519399985598,0.0,0.0,0.0,0.0
200,205,peak_hour,0.15,39.18519399985598,404.6834679539757,404.6834679539757,404.6834679539757,404.6834679539757,404.6834679539757,0.15684199979659752,0,0.0,0.0,0.0,0.0,404.6834679539757,404.6834679539757,404.6834679539757,404.6834679539757,404.6834679539757,0.15684199979659752,0,39.18519399985598,0.0,0.0,0.0,0.0
200,205,peak_hour,0.2,39.18519399985598,404.6834679539757,404.6834679539757,404.6834679539757,404.6834679539757,404.6834679539757,0.15661599991290132,0,0.0,0.0,0.0,0.0,404.6834679539757,404.6834679539757,404.6834679539757,404.6834679539757,404.6834679539757,0.15661599991290132,0,39.18519399985598,0.0,0.0,0.0,0.0
31,184,peak_hour,0.05,40.13285300015923,420.5641908183675,678.7671144221773,420.5641908183675,420.5641908183675,420.5641908183675,3.3050420001927705,0,0.0,38.03998722354331,0.0,0.0,420.5641908183675,420.5641908183675,678.7671144221773,420.5641908183675,420.5641908183675,3.3050420001927705,0,40.13285300015923,0.0,38.03998722354331,0.0,0.0
31,184,peak_hour,0.1,40.13285300015923,420.5641908183675,678.7671144221773,420.5641908183675,420.5641908183675,420.5641908183675,2.750728999671992,0,0.0,38.03998722354331,0.0,0.0,420.5641908183675,420.5641908183675,678.7671144221773,420.5641908183675,420.5641908183675,2.750728999671992,0,40.13285300015923,0.0,38.03998722354331,0.0,0.0
31,184,peak_hour,0.15,40.13285300015923,420.5641908183675,678.7671144221773,420.5641908183675,420.5641908183675,420.5641908183675,2.839642999788339,0,0.0,38.03998722354331,0.0,0.0,420.5641908183675,420.5641908183675,678.7671144221773,420.5641908183675,420.5641908183675,2.839642999788339,0,40.13285300015923,0.0,38.03998722354331,0.0,0.0
31,184,peak_hour,0.2,40.13285300015923,420.5641908183675,678.7671144221773,420.5641908183675,420.5641908183675,420.5641908183675,2.774090000002616,0,0.0,38.03998722354331,0.0,0.0,420.5641908183675,420.5641908183675,678.7671144221773,420.5641908183675,420.5641908183675,2.774090000002616,0,40.13285300015923,0.0,38.03998722354331,0.0,0.0
18,154,peak_hour,0.05,38.40040000022782,564.4551348216604,578.6343900350355,564.4551348216604,540.049197667836,550.1794936506327,0.6934840000667464,1,2.529101126086503,4.917595095355443,2.529101126086503,-1.8758098385376158,550.1794936506327,564.4551348216604,578.6343900350355,564.4551348216604,540.049197667836,0.6934840000667464,1,38.40040000022782,2.529101126086503,4.917595095355443,2.529101126086503,-1.8758098385376158
18,154,peak_hour,0.1,38.40040000022782,564.4551348216604,578.6343900350355,564.4551348216604,540.049197667836,550.1794936506327,0.7518605000313983,1,2.529101126086503,4.917595095355443,2.529101126086503,-1.8758098385376158,550.1794936506327,564.4551348216604,578.6343900350355,564.4551348216604,540.049197667836,0.7518605000313983,1,38.40040000022782,2.529101126086503,4.917595095355443,2.529101126086503,-1.8758098385376158
18,154,peak_hour,0.15,38.40040000022782,564.4551348216604,578.6343900350355,564.4551348216604,540.049197667836,550.1794936506327,0.6841745000656374,1,2.529101126086503,4.917595095355443,2.529101126086503,-1.8758098385376158,550.1794936506327,564.4551348216604,578.6343900350355,564.4551348216604,540.049197667836,0.6841745000656374,1,38.40040000022782,2.529101126086503,4.917595095355443,2.529101126086503,-1.8758098385376158
18,154,peak_hour,0.2,38.40040000022782,564.4551348216604,578.6343900350355,564.4551348216604,540.049197667836,544.5181580947435,1.2094029998479527,0,3.532074649868494,5.895991065831101,3.532074649868494,-0.8275098724720666,544.5181580947435,564.4551348216604,578.6343900350355,564.4551348216604,540.049197667836,1.2094029998479527,0,38.40040000022782,3.532074649868494,5.895991065831101,3.532074649868494,-0.8275098724720666
69,136,peak_hour,0.05,39.27565799995136,574.9703130860902,798.2934994180373,574.9703130860902,528.8760397994245,556.6026147818898,0.45237800031827646,0,3.194547246381088,30.275942972395768,3.194547246381088,-5.24254700458364,556.6026147818898,574.9703130860902,798.2934994180373,574.9703130860902,528.8760397994245,0.45237800031827646,0,39.27565799995136,3.194547246381088,30.275942972395768,3.194547246381088,-5.24254700458364
69,136,peak_hour,0.1,39.27565799995136,574.9703130860902,798.2934994180373,574.9703130860902,528.8760397994245,556.6026147818898,0.4526910001914075,0,3.194547246381088,30.275942972395768,3.194547246381088,-5.24254700458364,556.6026147818898,574.9703130860902,798.2934994180373,574.9703130860902,528.8760397994245,0.4526910001914075,0,39.27565799995136,3.194547246381088,30.275942972395768,3.194547246381088,-5.24254700458364
69,136,peak_hour,0.15,39.27565799995136,574.9703130860902,798.2934994180373,574.9703130860902,528.8760397994245,556.6026147818898,0.4624890002560278,0,3.194547246381088,30.275942972395768,3.194547246381088,-5.24254700458364,556.6026147818898,574.9703130860902,798.2934994180373,574.9703130860902,528.8760397994245,0.4624890002560278,0,39.27565799995136,3.194547246381088,30.275942972395768,3.194547246381088,-5.24254700458364
69,136,peak_hour,0.2,39.27565799995136,574.9703130860902,798.2934994180373,574.9703130860902,528.8760397994245,556.6026147818898,0.4562509998322639,0,3.194547246381088,30.275942972395768,3.194547246381088,-5.24254700458364,556.6026147818898,574.9703130860902,798.2934994180373,574.9703130860902,528.8760397994245,0.4562509998322639,0,39.27565799995136,3.194547246381088,30.275942972395768,3.194547246381088,-5.24254700458364
183,19,peak_hour,0.05,39.152240000021266,368.96847018521913,369.32221292269963,368.96847018521913,363.8697846354252,363.8697846354252,0.30400199966607033,0,1.3818756782210726,1.4763336990011013,1.3818756782210726,0.0,363.8697846354252,368.96847018521913,369.32221292269963,368.96847018521913,363.8697846354252,0.30400199966607033,0,39.152240000021266,1.3818756782210726,1.4763336990011013,1.3818756782210726,0.0
183,19,peak_hour,0.1,39.152240000021266,368.96847018521913,369.32221292269963,368.96847018521913,363.8697846354252,363.8697846354252,0.2967049999824667,0,1.3818756782210726,1.4763336990011013,1.3818756782210726,0.0,363.8697846354252,368.96847018521913,369.32221292269963,368.96847018521913,363.8697846354252,0.2967049999824667,0,39.152240000021266,1.3818756782210726,1.4763336990011013,1.3818756782210726,0.0
183,19,peak_hour,0.15,39.152240000021266,368.96847018521913,369.32221292269963,368.96847018521913,363.8697846354252,363.8697846354252,0.30756500018469524,0,1.3818756782210726,1.4763336990011013,1.3818756782210726,0.0,363.8697846354252,368.96847018521913,369.32221292269963,368.96847018521913,363.8697846354252,0.30756500018469524,0,39.152240000021266,1.3818756782210726,1.4763336990011013,1.3818756782210726,0.0
183,19,peak_hour,0.2,39.152240000021266,368.96847018521913,369.32221292269963,368.96847018521913,363.8697846354252,363.8697846354252,0.31513600015387055,0,1.3818756782210726,1.4763336990011013,1.3818756782210726,0.0,363.8697846354252,368.96847018521913,369.32221292269963,368.96847018521913,363.8697846354252,0.31513600015387055,0,39.152240000021266,1.3818756782210726,1.4763336990011013,1.3818756782210726,0.0
152,154,peak_hour,0.05,38.77004100013437,371.4241887612545,371.4241887612545,371.4241887612545,369.9320040265631,369.9320040265631,0.7642969999324123,0,0.40174678436211725,0.40174678436211725,0.40174678436211725,0.0,369.9320040265631,371.4241887612545,371.4241887612545,371.4241887612545,369.9320040265631,0.7642969999324123,0,38.77004100013437,0.40174678436211725,0.40174678436211725,0.40174678436211725,0.0
152,154,peak_hour,0.1,38.77004100013437,371.4241887612545,371.4241887612545,371.4241887612545,369.9320040265631,369.9320040265631,0.7815170001777005,0,0.40174678436211725,0.40174678436211725,0.40174678436211725,0.0,369.9320040265631,371.4241887612545,371.4241887612545,371.4241887612545,369.9320040265631,0.7815170001777005,0,38.77004100013437,0.40174678436211725,0.40174678436211725,0.40174678436211725,0.0
152,154,peak_hour,0.15,38.77004100013437,371.4241887612545,371.4241887612545,371.4241887612545,369.9320040265631,369.9320040265631,0.7559619998573908,0,0.40174678436211725,0.40174678436211725,0.40174678436211725,0.0,369.9320040265631,371.4241887612545,371.4241887612545,371.4241887612545,369.9320040265631,0.7559619998573908,0,38.77004100013437,0.40174678436211725,0.40174678436211725,0.40174678436211725,0.0
152,154,peak_hour,0.2,38.77004100013437,371.4241887612545,371.4241887612545,371.4241887612545,369.9320040265631,369.9320040265631,0.771330000134185,0,0.40174678436211725,0.40174678436211725,0.40174678436211725,0.0,369.9320040265631,371.4241887612545,371.4241887612545,371.4241887612545,369.9320040265631,0.771330000134185,0,38.77004100013437,0.40174678436211725,0.40174678436211725,0.40174678436211725,0.0
184,31,peak_hour,0.05,40.38579200005188,315.30296335176445,326.01137368692,315.30296335176445,315.30296335176445,315.30296335176445,0.14359699980559526,0,0.0,3.2846738486612534,0.0,0.0,315.30296335176445,315.30296335176445,326.01137368692,315.30296335176445,315.30296335176445,0.14359699980559526,0,40.38579200005188,0.0,3.2846738486612534,0.0,0.0
184,31,peak_hour,0.1,40.38579200005188,315.30296335176445,326.01137368692,315.30296335176445,315.30296335176445,315.30296335176445,0.16172400000868947,0,0.0,3.2846738486612534,0.0,0.0,315.30296335176445,315.30296335176445,326.01137368692,315.30296335176445,315.30296335176445,0.16172400000868947,0,40.38579200005188,0.0,3.2846738486612534,0.0,0.0
184,31,peak_hour,0.15,40.38579200005188,315.30296335176445,326.01137368692,315.30296335176445,315.30296335176445,315.30296335176445,0.15255200014507864,0,0.0,3.2846738486612534,0.0,0.0,315.30296335176445,315.30296335176445,326.01137368692,315.30296335176445,315.30296335176445,0.15255200014507864,0,40.38579200005188,0.0,3.2846738486612534,0.0,0.0
184,31,peak_hour,0.2,40.38579200005188,315.30296335176445,326.01137368692,315.30296335176445,315.30296335176445,315.30296335176445,0.16290899975501816,0,0.0,3.2846738486612534,0.0,0.0,315.30296335176445,315.30296335176445,326.01137368692,315.30296335176445,315.30296335176445,0.16290899975501816,0,40.38579200005188,0.0,3.2846738486612534,0.0,0.0
76,124,peak_hour,0.05,37.7295220000633,767.9441480181475,911.3347231937352,767.9441480181475,693.4939410952628,738.5517493650291,0.185160499995618,1,3.8274135858671676,18.95933178351805,3.8274135858671676,-6.497217293435133,738.5517493650291,767.9441480181475,911.3347231937352,767.9441480181475,693.4939410952628,0.185160499995618,1,37.7295220000633,3.8274135858671676,18.95933178351805,3.8274135858671676,-6.497217293435133
76,124,peak_hour,0.1,37.7295220000633,767.9441480181475,911.3347231937352,767.9441480181475,693.4939410952628,738.5517493650291,0.18994149991158338,1,3.8274135858671676,18.95933178351805,3.8274135858671676,-6.497217293435133,738.5517493650291,767.9441480181475,911.3347231937352,767.9441480181475,693.4939410952628,0.18994149991158338,1,37.7295220000633,3.8274135858671676,18.95933178351805,3.8274135858671676,-6.497217293435133
76,124,peak_hour,0.15,37.7295220000633,767.9441480181475,911.3347231937352,767.9441480181475,693.4939410952628,702.274122218112,0.2303129999745579,0,8.551406501307653,22.940045589723486,8.551406501307653,-1.266078995438991,702.274122218112,767.9441480181475,911.3347231937352,767.9441480181475,693.4939410952628,0.2303129999745579,0,37.7295220000633,8.551406501307653,22.940045589723486,8.551406501307653,-1.266078995438991
76,124,peak_hour,0.2,37.7295220000633,767.9441480181475,911.3347231937352,767.9441480181475,693.4939410952628,702.274122218112,0.21863199981453363,0,8.551406501307653,22.940045589723486,8.551406501307653,-1.266078995438991,702.274122218112,767.9441480181475,911.3347231937352,767.9441480181475,693.4939410952628,0.21863199981453363,0,37.7295220000633,8.551406501307653,22.940045589723486,8.551406501307653,-1.266078995438991
89,29,peak_hour,0.05,38.965435000136495,732.0833815312734,875.8927311739496,732.0833815312734,756.737235224392,760.1830011159648,0.5997584999022365,1,-3.838308626254617,13.210490958510452,-3.838308626254617,-0.4553450961813794,760.1830011159648,732.0833815312734,875.8927311739496,732.0833815312734,756.737235224392,0.5997584999022365,1,38.965435000136495,-3.838308626254617,13.210490958510452,-3.838308626254617,-0.4553450961813794
89,29,peak_hour,0.1,38.965435000136495,732.0833815312734,875.8927311739496,732.0833815312734,756.737235224392,760.1830011159648,0.6218344999524561,1,-3.838308626254617,13.210490958510452,-3.838308626254617,-0.4553450961813794,760.1830011159648,732.0833815312734,875.8927311739496,732.0833815312734,756.737235224392,0.6218344999524561,1,38.965435000136495,-3.838308626254617,13.210490958510452,-3.838308626254617,-0.4553450961813794
89,29,peak_hour,0.15,38.965435000136495,732.0833815312734,875.8927311739496,732.0833815312734,756.737235224392,760.1830011159648,0.5938879999121127,1,-3.838308626254617,13.210490958510452,-3.838308626254617,-0.4553450961813794,760.1830011159648,732.0833815312734,875.8927311739496,732.0833815312734,756.737235224392,0.5938879999121127,1,38.965435000136495,-3.838308626254617,13.210490958510452,-3.838308626254617,-0.4553450961813794
89,29,peak_hour,0.2,38.965435000136495,732.0833815312734,875.8927311739496,732.0833815312734,756.737235224392,754.7798346051931,0.7418469999720401,0,-3.100255195855733,13.827366326745317,-3.100255195855733,0.258663182949954,754.7798346051931,732.0833815312734,875.8927311739496,732.0833815312734,756.737235224392,0.7418469999720401,0,38.965435000136495,-3.100255195855733,13.827366326745317,-3.100255195855733,0.258663182949954
158,120,peak_hour,0.05,39.07201999982135,596.294199802762,617.2372122365447,596.294199802762,596.294199802762,596.294199802762,0.7281590001184668,0,0.0,3.3930249211475987,0.0,0.0,596.294199802762,596.294199802762,617.2372122365447,596.294199802762,596.294199802762,0.7281590001184668,0,39.07201999982135,0.0,3.3930249211475987,0.0,0.0
158,120,peak_hour,0.1,39.07201999982135,596.294199802762,617.2372122365447,596.294199802762,596.294199802762,596.294199802762,0.7126629998310818,0,0.0,3.3930249211475987,0.0,0.0,596.294199802762,596.294199802762,617.2372122365447,596.294199802762,596.294199802762,0.7126629998310818,0,39.07201999982135,0.0,3.3930249211475987,0.0,0.0
158,120,peak_hour,0.15,39.07201999982135,596.294199802762,617.2372122365447,596.294199802762,596.294199802762,596.294199802762,0.7090919998518075,0,0.0,3.3930249211475987,0.0,0.0,596.294199802762,596.294199802762,617.2372122365447,596.294199802762,596.294199802762,0.7090919998518075,0,39.07201999982135,0.0,3.3930249211475987,0.0,0.0
158,120,peak_hour,0.2,39.07201999982135,596.294199802762,617.2372122365447,596.294199802762,596.294199802762,596.294199802762,0.6957049999982701,0,0.0,3.3930249211475987,0.0,0.0,596.294199802762,596.294199802762,617.2372122365447,596.294199802762,596.294199802762,0.6957049999982701,0,39.07201999982135,0.0,3.3930249211475987,0.0,0.0
5,148,peak_hour,0.05,39.29115700020702,439.22068422097703,439.22068422097703,439.22068422097703,439.22068422097703,439.22068422097703,0.10008399999605899,1,0.0,0.0,0.0,0.0,439.22068422097703,439.22068422097703,439.22068422097703,439.22068422097703,439.22068422097703,0.10008399999605899,1,39.29115700020702,0.0,0.0,0.0,0.0
5,148,peak_hour,0.1,39.29115700020702,439.22068422097703,439.22068422097703,439.22068422097703,439.22068422097703,439.22068422097703,0.09917049987961946,1,0.0,0.0,0.0,0.0,439.22068422097703,439.22068422097703,439.22068422097703,439.22068422097703,439.22068422097703,0.09917049987961946,1,39.29115700020702,0.0,0.0,0.0,0.0
5,148,peak_hour,0.15,39.29115700020702,439.22068422097703,439.22068422097703,439.22068422097703,439.22068422097703,439.22068422097703,0.09904350008582696,1,0.0,0.0,0.0,0.0,439.22068422097703,439.22068422097703,439.22068422097703,439.22068422097703,439.22068422097703,0.09904350008582696,1,39.29115700020702,0.0,0.0,0.0,0.0
5,148,peak_hour,0.2,39.29115700020702,439.22068422097703,439.22068422097703,439.22068422097703,439.22068422097703,439.22068422097703,0.11193550017196685,1,0.0,0.0,0.0,0.0,439.22068422097703,439.22068422097703,439.22068422097703,439.22068422097703,439.22068422097703,0.11193550017196685,1,39.29115700020702,0.0,0.0,0.0,0.0
89,25,peak_hour,0.05,39.57207399980689,571.0534502733761,597.0293013858269,571.0534502733761,571.0534502733761,571.0534502733761,0.8950650003498595,0,0.0,4.350850293638101,0.0,0.0,571.0534502733761,571.0534502733761,597.0293013858269,571.0534502733761,571.0534502733761,0.8950650003498595,0,39.57207399980689,0.0,4.350850293638101,0.0,0.0
89,25,peak_hour,0.1,39.57207399980689,571.0534502733761,597.0293013858269,571.0534502733761,571.0534502733761,571.0534502733761,0.9729510002216557,0,0.0,4.350850293638101,0.0,0.0,571.0534502733761,571.0534502733761,597.0293013858269,571.0534502733761,571.0534502733761,0.9729510002216557,0,39.57207399980689,0.0,4.350850293638101,0.0,0.0
89,25,peak_hour,0.15,39.57207399980689,571.0534502733761,597.0293013858269,571.0534502733761,571.0534502733761,571.0534502733761,0.9107729997595015,0,0.0,4.350850293638101,0.0,0.0,571.0534502733761,571.0534502733761,597.0293013858269,571.0534502733761,571.0534502733761,0.9107729997595015,0,39.57207399980689,0.0,4.350850293638101,0.0,0.0
89,25,peak_hour,0.2,39.57207399980689,571.0534502733761,597.0293013858269,571.0534502733761,571.0534502733761,571.0534502733761,0.8971649999693909,0,0.0,4.350850293638101,0.0,0.0,571.0534502733761,571.0534502733761,597.0293013858269,571.0534502733761,571.0534502733761,0.8971649999693909,0,39.57207399980689,0.0,4.350850293638101,0.0,0.0
16,82,peak_hour,0.05,40.63551400031429,636.1566333920975,684.1983298495854,636.1566333920975,594.6992143152537,636.1566333920975,0.2472830001352122,1,0.0,7.021603877350797,0.0,-6.9711575329015005,636.1566333920975,636.1566333920975,684.1983298495854,636.1566333920975,594.6992143152537,0.2472830001352122,1,40.63551400031429,0.0,7.021603877350797,0.0,-6.9711575329015005
16,82,peak_hour,0.1,40.63551400031429,636.1566333920975,684.1983298495854,636.1566333920975,594.6992143152537,636.1566333920975,0.2486680000401975,1,0.0,7.021603877350797,0.0,-6.9711575329015005,636.1566333920975,636.1566333920975,684.1983298495854,636.1566333920975,594.6992143152537,0.2486680000401975,1,40.63551400031429,0.0,7.021603877350797,0.0,-6.9711575329015005
16,82,peak_hour,0.15,40.63551400031429,636.1566333920975,684.1983298495854,636.1566333920975,594.6992143152537,636.1566333920975,0.2297045000432263,1,0.0,7.021603877350797,0.0,-6.9711575329015005,636.1566333920975,636.1566333920975,684.1983298495854,636.1566333920975,594.6992143152537,0.2297045000432263,1,40.63551400031429,0.0,7.021603877350797,0.0,-6.9711575329015005
16,82,peak_hour,0.2,40.63551400031429,636.1566333920975,684.1983298495854,636.1566333920975,594.6992143152537,594.6992143152537,0.2758689997790498,0,6.516857154469285,13.080873137180454,6.516857154469285,0.0,594.6992143152537,636.1566333920975,684.1983298495854,636.1566333920975,594.6992143152537,0.2758689997790498,0,40.63551400031429,6.516857154469285,13.080873137180454,6.516857154469285,0.0
64,197,peak_hour,0.05,39.53244300009828,530.7126860793542,518.0824960114384,530.7126860793542,518.0824960114384,518.0824960114384,0.17637199971431983,0,2.379854561461772,0.0,2.379854561461772,0.0,518.0824960114384,530.7126860793542,518.0824960114384,530.7126860793542,518.0824960114384,0.17637199971431983,0,39.53244300009828,2.379854561461772,0.0,2.379854561461772,0.0
64,197,peak_hour,0.1,39.53244300009828,530.7126860793542,518.0824960114384,530.7126860793542,518.0824960114384,518.0824960114384,0.19847000021400163,0,2.379854561461772,0.0,2.379854561461772,0.0,518.0824960114384,530.7126860793542,518.0824960114384,530.7126860793542,518.0824960114384,0.19847000021400163,0,39.53244300009828,2.379854561461772,0.0,2.379854561461772,0.0
64,197,peak_hour,0.15,39.53244300009828,530.7126860793542,518.0824960114384,530.7126860793542,518.0824960114384,518.0824960114384,0.19220500007577357,0,2.379854561461772,0.0,2.379854561461772,0.0,518.0824960114384,530.7126860793542,518.0824960114384,530.7126860793542,518.0824960114384,0.19220500007577357,0,39.53244300009828,2.379854561461772,0.0,2.379854561461772,0.0
64,197,peak_hour,0.2,39.53244300009828,530.7126860793542,518.0824960114384,530.7126860793542,518.0824960114384,518.0824960114384,0.18550999993749429,0,2.379854561461772,0.0,2.379854561461772,0.0,518.0824960114384,530.7126860793542,518.0824960114384,530.7126860793542,518.0824960114384,0.18550999993749429,0,39.53244300009828,2.379854561461772,0.0,2.379854561461772,0.0
107,59,peak_hour,0.05,38.99909000028856,585.5036979436794,585.5036979436794,585.5036979436794,553.809357915856,581.4002041011312,0.18766400035019615,0,0.7008484928378632,0.7008484928378632,0.7008484928378632,-4.982011551611812,581.4002041011312,585.5036979436794,585.5036979436794,585.5036979436794,553.809357915856,0.18766400035019615,0,38.99909000028856,0.7008484928378632,0.7008484928378632,0.7008484928378632,-4.982011551611812
107,59,peak_hour,0.1,38.99909000028856,585.5036979436794,585.5036979436794,585.5036979436794,553.809357915856,581.4002041011312,0.17940299994734232,0,0.7008484928378632,0.7008484928378632,0.7008484928378632,-4.982011551611812,581.4002041011312,585.5036979436794,585.5036979436794,585.5036979436794,553.809357915856,0.17940299994734232,0,38.99909000028856,0.7008484928378632,0.7008484928378632,0.7008484928378632,-4.982011551611812
107,59,peak_hour,0.15,38.99909000028856,585.5036979436794,585.5036979436794,585.5036979436794,553.809357915856,581.4002041011312,0.17884099997900194,0,0.7008484928378632,0.7008484928378632,0.7008484928378632,-4.982011551611812,581.4002041011312,585.5036979436794,585.5036979436794,585.5036979436794,553.809357915856,0.17884099997900194,0,38.99909000028856,0.7008484928378632,0.7008484928378632,0.7008484928378632,-4.982011551611812
107,59,peak_hour,0.2,38.99909000028856,585.5036979436794,585.5036979436794,585.5036979436794,553.809357915856,581.4002041011312,0.20200200015096925,0,0.7008484928378632,0.7008484928378632,0.7008484928378632,-4.982011551611812,581.4002041011312,585.5036979436794,585.5036979436794,585.5036979436794,553.809357915856,0.20200200015096925,0,38.99909000028856,0.7008484928378632,0.7008484928378632,0.7008484928378632,-4.982011551611812
30,131,peak_hour,0.05,38.55916400016213,470.17615634623775,470.17615634623775,470.17615634623775,470.17615634623775,470.17615634623775,0.14531399983752635,0,0.0,0.0,0.0,0.0,470.17615634623775,470.17615634623775,470.17615634623775,470.17615634623775,470.17615634623775,0.14531399983752635,0,38.55916400016213,0.0,0.0,0.0,0.0
30,131,peak_hour,0.1,38.55916400016213,470.17615634623775,470.17615634623775,470.17615634623775,470.17615634623775,470.17615634623775,0.1355290000901732,0,0.0,0.0,0.0,0.0,470.17615634623775,470.17615634623775,470.17615634623775,470.17615634623775,470.17615634623775,0.1355290000901732,0,38.55916400016213,0.0,0.0,0.0,0.0
30,131,peak_hour,0.15,38.55916400016213,470.17615634623775,470.17615634623775,470.17615634623775,470.17615634623775,470.17615634623775,0.13552300015362562,0,0.0,0.0,0.0,0.0,470.17615634623775,470.17615634623775,470.17615634623775,470.17615634623775,470.17615634623775,0.13552300015362562,0,38.55916400016213,0.0,0.0,0.0,0.0
30,131,peak_hour,0.2,38.55916400016213,470.17615634623775,470.17615634623775,470.17615634623775,470.17615634623775,470.17615634623775,0.13401999967754818,0,0.0,0.0,0.0,0.0,470.17615634623775,470.17615634623775,470.17615634623775,470.17615634623775,470.17615634623775,0.13401999967754818,0,38.55916400016213,0.0,0.0,0.0,0.0
174,21,peak_hour,0.05,39.824354000302264,428.0495056415611,428.0495056415611,428.0495056415611,416.91667189847544,416.91667189847544,0.1809950003917038,0,2.600828548183872,2.600828548183872,2.600828548183872,0.0,416.91667189847544,428.0495056415611,428.0495056415611,428.0495056415611,416.91667189847544,0.1809950003917038,0,39.824354000302264,2.600828548183872,2.600828548183872,2.600828548183872,0.0
174,21,peak_hour,0.1,39.824354000302264,428.0495056415611,428.0495056415611,428.0495056415611,416.91667189847544,416.91667189847544,0.17208400004165014,0,2.600828548183872,2.600828548183872,2.600828548183872,0.0,416.91667189847544,428.0495056415611,428.0495056415611,428.0495056415611,416.91667189847544,0.17208400004165014,0,39.824354000302264,2.600828548183872,2.600828548183872,2.600828548183872,0.0
174,21,peak_hour,0.15,39.824354000302264,428.0495056415611,428.0495056415611,428.0495056415611,416.91667189847544,416.91667189847544,0.1617729999452422,0,2.600828548183872,2.600828548183872,2.600828548183872,0.0,416.91667189847544,428.0495056415611,428.0495056415611,428.0495056415611,416.91667189847544,0.1617729999452422,0,39.824354000302264,2.600828548183872,2.600828548183872,2.600828548183872,0.0
174,21,peak_hour,0.2,39.824354000302264,428.0495056415611,428.0495056415611,428.0495056415611,416.91667189847544,416.91667189847544,0.15525500020885374,0,2.600828548183872,2.600828548183872,2.600828548183872,0.0,416.91667189847544,428.0495056415611,428.0495056415611,428.0495056415611,416.91667189847544,0.15525500020885374,0,39.824354000302264,2.600828548183872,2.600828548183872,2.600828548183872,0.0
149,29,peak_hour,0.05,39.29590600000665,516.8820602871206,558.362529136313,516.8820602871206,513.3382717038711,513.7597928136013,0.477870999930019,0,0.6040580073111672,7.988132081804306,0.6040580073111672,-0.08211371194496508,513.7597928136013,516.8820602871206,558.362529136313,516.8820602871206,513.3382717038711,0.477870999930019,0,39.29590600000665,0.6040580073111672,7.988132081804306,0.6040580073111672,-0.08211371194496508
149,29,peak_hour,0.1,39.29590600000665,516.8820602871206,558.362529136313,516.8820602871206,513.3382717038711,513.7597928136013,0.49417499985793256,0,0.6040580073111672,7.988132081804306,0.6040580073111672,-0.08211371194496508,513.7597928136013,516.8820602871206,558.362529136313,516.8820602871206,513.3382717038711,0.49417499985793256,0,39.29590600000665,0.6040580073111672,7.988132081804306,0.6040580073111672,-0.08211371194496508
149,29,peak_hour,0.15,39.29590600000665,516.8820602871206,558.362529136313,516.8820602871206,513.3382717038711,513.7597928136013,0.49026699980458943,0,0.6040580073111672,7.988132081804306,0.6040580073111672,-0.08211371194496508,513.7597928136013,516.8820602871206,558.362529136313,516.8820602871206,513.3382717038711,0.49026699980458943,0,39.29590600000665,0.6040580073111672,7.988132081804306,0.6040580073111672,-0.08211371194496508
149,29,peak_hour,0.2,39.29590600000665,516.8820602871206,558.362529136313,516.8820602871206,513.3382717038711,513.7597928136013,0.5023559997425764,0,0.6040580073111672,7.988132081804306,0.6040580073111672,-0.08211371194496508,513.7597928136013,516.8820602871206,558.362529136313,516.8820602871206,513.3382717038711,0.5023559997425764,0,39.29590600000665,0.6040580073111672,7.988132081804306,0.6040580073111672,-0.08211371194496508
34,123,peak_hour,0.05,37.597039999582194,608.172896944001,564.5760613393714,608.172896944001,564.5760613393714,564.5760613393714,0.13332300022739219,0,7.168493667458484,0.0,7.168493667458484,0.0,564.5760613393714,608.172896944001,564.5760613393714,608.172896944001,564.5760613393714,0.13332300022739219,0,37.597039999582194,7.168493667458484,0.0,7.168493667458484,0.0
34,123,peak_hour,0.1,37.597039999582194,608.172896944001,564.5760613393714,608.172896944001,564.5760613393714,564.5760613393714,0.12805200003640493,0,7.168493667458484,0.0,7.168493667458484,0.0,564.5760613393714,608.172896944001,564.5760613393714,608.172896944001,564.5760613393714,0.12805200003640493,0,37.597039999582194,7.168493667458484,0.0,7.168493667458484,0.0
34,123,peak_hour,0.15,37.597039999582194,608.172896944001,564.5760613393714,608.172896944001,564.5760613393714,564.5760613393714,0.14626099982706364,0,7.168493667458484,0.0,7.168493667458484,0.0,564.5760613393714,608.172896944001,564.5760613393714,608.172896944001,564.5760613393714,0.14626099982706364,0,37.597039999582194,7.168493667458484,0.0,7.168493667458484,0.0
34,123,peak_hour,0.2,37.597039999582194,608.172896944001,564.5760613393714,608.172896944001,564.5760613393714,564.5760613393714,0.15427400012413273,0,7.168493667458484,0.0,7.168493667458484,0.0,564.5760613393714,608.172896944001,564.5760613393714,608.172896944001,564.5760613393714,0.15427400012413273,0,37.597039999582194,7.168493667458484,0.0,7.168493667458484,0.0
59,171,peak_hour,0.05,38.13296899988927,538.5291357193456,552.1655301988436,538.5291357193456,564.5105155726854,564.5105155726854,0.3899270000147226,0,-4.824507743417623,-2.235739954537946,-4.824507743417623,0.0,564.5105155726854,538.5291357193456,552.1655301988436,538.5291357193456,564.5105155726854,0.3899270000147226,0,38.13296899988927,-4.824507743417623,-2.235739954537946,-4.824507743417623,0.0
59,171,peak_hour,0.1,38.13296899988927,538.5291357193456,552.1655301988436,538.5291357193456,564.5105155726854,564.5105155726854,0.3888510000251699,0,-4.824507743417623,-2.235739954537946,-4.824507743417623,0.0,564.5105155726854,538.5291357193456,552.1655301988436,538.5291357193456,564.5105155726854,0.3888510000251699,0,38.13296899988927,-4.824507743417623,-2.235739954537946,-4.824507743417623,0.0
59,171,peak_hour,0.15,38.13296899988927,538.5291357193456,552.1655301988436,538.5291357193456,564.5105155726854,564.5105155726854,0.3756950000024517,0,-4.824507743417623,-2.235739954537946,-4.824507743417623,0.0,564.5105155726854,538.5291357193456,552.1655301988436,538.5291357193456,564.5105155726854,0.3756950000024517,0,38.13296899988927,-4.824507743417623,-2.235739954537946,-4.824507743417623,0.0
59,171,peak_hour,0.2,38.13296899988927,538.5291357193456,552.1655301988436,538.5291357193456,564.5105155726854,564.5105155726854,0.38812299999335664,0,-4.824507743417623,-2.235739954537946,-4.824507743417623,0.0,564.5105155726854,538.5291357193456,552.1655301988436,538.5291357193456,564.5105155726854,0.38812299999335664,0,38.13296899988927,-4.824507743417623,-2.235739954537946,-4.824507743417623,0.0
69,109,peak_hour,0.05,40.73041199990257,514.6635841203847,629.6438299910213,514.6635841203847,514.1707634786999,515.0944053068733,0.672987999905672,1,-0.08370928112680606,18.19273361033038,-0.08370928112680606,-0.17963717383003663,515.0944053068733,514.6635841203847,629.6438299910213,514.6635841203847,514.1707634786999,0.672987999905672,1,40.73041199990257,-0.08370928112680606,18.19273361033038,-0.08370928112680606,-0.17963717383003663
69,109,peak_hour,0.1,40.73041199990257,514.6635841203847,629.6438299910213,514.6635841203847,514.1707634786999,515.0944053068733,0.6340694999380503,1,-0.08370928112680606,18.19273361033038,-0.08370928112680606,-0.17963717383003663,515.0944053068733,514.6635841203847,629.6438299910213,514.6635841203847,514.1707634786999,0.6340694999380503,1,40.73041199990257,-0.08370928112680606,18.19273361033038,-0.08370928112680606,-0.17963717383003663
69,109,peak_hour,0.15,40.73041199990257,514.6635841203847,629.6438299910213,514.6635841203847,514.1707634786999,515.0944053068733,0.6280575000801036,1,-0.08370928112680606,18.19273361033038,-0.08370928112680606,-0.17963717383003663,515.0944053068733,514.6635841203847,629.6438299910213,514.6635841203847,514.1707634786999,0.6280575000801036,1,40.73041199990257,-0.08370928112680606,18.19273361033038,-0.08370928112680606,-0.17963717383003663
69,109,peak_hour,0.2,40.73041199990257,514.6635841203847,629.6438299910213,514.6635841203847,514.1707634786999,515.095659279313,0.9854019999693264,0,-0.08395293008088082,18.19253445449338,-0.08395293008088082,-0.17988105631593082,515.095659279313,514.6635841203847,629.6438299910213,514.6635841203847,514.1707634786999,0.9854019999693264,0,40.73041199990257,-0.08395293008088082,18.19253445449338,-0.08395293008088082,-0.17988105631593082
191,88,peak_hour,0.05,38.2164070001636,427.3218854787966,449.850102424527,427.3218854787966,449.37872315531774,449.850102424527,0.19906300030925195,0,-5.271954868515203,0.0,-5.271954868515203,-0.10489576940791862,449.850102424527,427.3218854787966,449.850102424527,427.3218854787966,449.37872315531774,0.19906300030925195,0,38.2164070001636,-5.271954868515203,0.0,-5.271954868515203,-0.10489576940791862
191,88,peak_hour,0.1,38.2164070001636,427.3218854787966,449.850102424527,427.3218854787966,449.37872315531774,449.850102424527,0.2229340002486424,0,-5.271954868515203,0.0,-5.271954868515203,-0.10489576940791862,449.850102424527,427.3218854787966,449.850102424527,427.3218854787966,449.37872315531774,0.2229340002486424,0,38.2164070001636,-5.271954868515203,0.0,-5.271954868515203,-0.10489576940791862
191,88,peak_hour,0.15,38.2164070001636,427.3218854787966,449.850102424527,427.3218854787966,449.37872315531774,449.850102424527,0.21717700019507902,0,-5.271954868515203,0.0,-5.271954868515203,-0.10489576940791862,449.850102424527,427.3218854787966,449.850102424527,427.3218854787966,449.37872315531774,0.21717700019507902,0,38.2164070001636,-5.271954868515203,0.0,-5.271954868515203,-0.10489576940791862
191,88,peak_hour,0.2,38.2164070001636,427.3218854787966,449.850102424527,427.3218854787966,449.37872315531774,449.850102424527,0.20872899995083571,0,-5.271954868515203,0.0,-5.271954868515203,-0.10489576940791862,449.850102424527,427.3218854787966,449.850102424527,427.3218854787966,449.37872315531774,0.20872899995083571,0,38.2164070001636,-5.271954868515203,0.0,-5.271954868515203,-0.10489576940791862
198,21,peak_hour,0.05,38.40179899998475,376.25390791291505,376.25390791291505,376.25390791291505,375.8020981332524,375.8020981332524,0.3089239999098936,0,0.12008108624541541,0.12008108624541541,0.12008108624541541,0.0,375.8020981332524,376.25390791291505,376.25390791291505,376.25390791291505,375.8020981332524,0.3089239999098936,0,38.40179899998475,0.12008108624541541,0.12008108624541541,0.12008108624541541,0.0
198,21,peak_hour,0.1,38.40179899998475,376.25390791291505,376.25390791291505,376.25390791291505,375.8020981332524,375.8020981332524,0.3086619999521645,0,0.12008108624541541,0.12008108624541541,0.12008108624541541,0.0,375.8020981332524,376.25390791291505,376.25390791291505,376.25390791291505,375.8020981332524,0.3086619999521645,0,38.40179899998475,0.12008108624541541,0.12008108624541541,0.12008108624541541,0.0
198,21,peak_hour,0.15,38.40179899998475,376.25390791291505,376.25390791291505,376.25390791291505,375.8020981332524,375.8020981332524,0.3222479999749339,0,0.12008108624541541,0.12008108624541541,0.12008108624541541,0.0,375.8020981332524,376.25390791291505,376.25390791291505,376.25390791291505,375.8020981332524,0.3222479999749339,0,38.40179899998475,0.12008108624541541,0.12008108624541541,0.12008108624541541,0.0
198,21,peak_hour,0.2,38.40179899998475,376.25390791291505,376.25390791291505,376.25390791291505,375.8020981332524,375.8020981332524,0.3337930002089706,0,0.12008108624541541,0.12008108624541541,0.12008108624541541,0.0,375.8020981332524,376.25390791291505,376.25390791291505,376.25390791291505,375.8020981332524,0.3337930002089706,0,38.40179899998475,0.12008108624541541,0.12008108624541541,0.12008108624541541,0.0
189,190,peak_hour,0.05,39.47238800037667,379.4111871088635,379.4111871088635,379.4111871088635,379.4111871088635,379.4111871088635,0.13000099988857983,0,0.0,0.0,0.0,0.0,379.4111871088635,379.4111871088635,379.4111871088635,379.4111871088635,379.4111871088635,0.13000099988857983,0,39.47238800037667,0.0,0.0,0.0,0.0
189,190,peak_hour,0.1,39.47238800037667,379.4111871088635,379.4111871088635,379.4111871088635,379.4111871088635,379.4111871088635,0.12428099989847397,0,0.0,0.0,0.0,0.0,379.4111871088635,379.4111871088635,379.4111871088635,379.4111871088635,379.4111871088635,0.12428099989847397,0,39.47238800037667,0.0,0.0,0.0,0.0
189,190,peak_hour,0.15,39.47238800037667,379.4111871088635,379.4111871088635,379.4111871088635,379.4111871088635,379.4111871088635,0.12022900000374648,0,0.0,0.0,0.0,0.0,379.4111871088635,379.4111871088635,379.4111871088635,379.4111871088635,379.4111871088635,0.12022900000374648,0,39.47238800037667,0.0,0.0,0.0,0.0
189,190,peak_hour,0.2,39.47238800037667,379.4111871088635,379.4111871088635,379.4111871088635,379.4111871088635,379.4111871088635,0.11852299985548598,0,0.0,0.0,0.0,0.0,379.4111871088635,379.4111871088635,379.4111871088635,379.4111871088635,379.4111871088635,0.11852299985548598,0,39.47238800037667,0.0,0.0,0.0,0.0
123,34,peak_hour,0.05,39.991745999941486,671.2210414320926,569.2028119333863,671.2210414320926,507.44956249692683,671.2210414320926,0.19973500002379296,0,0.0,-17.92300167179172,0.0,-32.273449627056806,671.2210414320926,671.2210414320926,569.2028119333863,671.2210414320926,507.44956249692683,0.19973500002379296,0,39.991745999941486,0.0,-17.92300167179172,0.0,-32.273449627056806
123,34,peak_hour,0.1,39.991745999941486,671.2210414320926,569.2028119333863,671.2210414320926,507.44956249692683,671.2210414320926,0.19335599972691853,0,0.0,-17.92300167179172,0.0,-32.273449627056806,671.2210414320926,671.2210414320926,569.2028119333863,671.2210414320926,507.44956249692683,0.19335599972691853,0,39.991745999941486,0.0,-17.92300167179172,0.0,-32.273449627056806
123,34,peak_hour,0.15,39.991745999941486,671.2210414320926,569.2028119333863,671.2210414320926,507.44956249692683,671.2210414320926,0.1731639999889012,0,0.0,-17.92300167179172,0.0,-32.273449627056806,671.2210414320926,671.2210414320926,569.2028119333863,671.2210414320926,507.44956249692683,0.1731639999889012,0,39.991745999941486,0.0,-17.92300167179172,0.0,-32.273449627056806
123,34,peak_hour,0.2,39.991745999941486,671.2210414320926,569.2028119333863,671.2210414320926,507.44956249692683,671.2210414320926,0.1706839998405485,0,0.0,-17.92300167179172,0.0,-32.273449627056806,671.2210414320926,671.2210414320926,569.2028119333863,671.2210414320926,507.44956249692683,0.1706839998405485,0,39.991745999941486,0.0,-17.92300167179172,0.0,-32.273449627056806
146,11,peak_hour,0.05,39.011705000120855,509.67180109303763,479.13462615039793,509.67180109303763,479.13462615039793,479.13462615039793,0.15517599968006834,0,5.991537078792654,0.0,5.991537078792654,0.0,479.13462615039793,509.67180109303763,479.13462615039793,509.67180109303763,479.13462615039793,0.15517599968006834,0,39.011705000120855,5.991537078792654,0.0,5.991537078792654,0.0
146,11,peak_hour,0.1,39.011705000120855,509.67180109303763,479.13462615039793,509.67180109303763,479.13462615039793,479.13462615039793,0.1503769999544602,0,5.991537078792654,0.0,5.991537078792654,0.0,479.13462615039793,509.67180109303763,479.13462615039793,509.67180109303763,479.13462615039793,0.1503769999544602,0,39.011705000120855,5.991537078792654,0.0,5.991537078792654,0.0
146,11,peak_hour,0.15,39.011705000120855,509.67180109303763,479.13462615039793,509.67180109303763,479.13462615039793,479.13462615039793,0.14528499968946562,0,5.991537078792654,0.0,5.991537078792654,0.0,479.13462615039793,509.67180109303763,479.13462615039793,509.67180109303763,479.13462615039793,0.14528499968946562,0,39.011705000120855,5.991537078792654,0.0,5.991537078792654,0.0
146,11,peak_hour,0.2,39.011705000120855,509.67180109303763,479.13462615039793,509.67180109303763,479.13462615039793,479.13462615039793,0.14201400017554988,0,5.991537078792654,0.0,5.991537078792654,0.0,479.13462615039793,509.67180109303763,479.13462615039793,509.67180109303763,479.13462615039793,0.14201400017554988,0,39.011705000120855,5.991537078792654,0.0,5.991537078792654,0.0
172,11,peak_hour,0.05,38.975363000190555,690.1636420349112,825.9796088597104,690.1636420349112,666.6208015699549,666.6208015699549,0.23074499995345832,0,3.4111968569572055,19.293310098751125,3.4111968569572055,0.0,666.6208015699549,690.1636420349112,825.9796088597104,690.1636420349112,666.6208015699549,0.23074499995345832,0,38.975363000190555,3.4111968569572055,19.293310098751125,3.4111968569572055,0.0
172,11,peak_hour,0.1,38.975363000190555,690.1636420349112,825.9796088597104,690.1636420349112,666.6208015699549,666.6208015699549,0.2513320000616659,0,3.4111968569572055,19.293310098751125,3.4111968569572055,0.0,666.6208015699549,690.1636420349112,825.9796088597104,690.1636420349112,666.6208015699549,0.2513320000616659,0,38.975363000190555,3.4111968569572055,19.293310098751125,3.4111968569572055,0.0
172,11,peak_hour,0.15,38.975363000190555,690.1636420349112,825.9796088597104,690.1636420349112,666.6208015699549,666.6208015699549,0.2325610003026668,0,3.4111968569572055,19.293310098751125,3.4111968569572055,0.0,666.6208015699549,690.1636420349112,825.9796088597104,690.1636420349112,666.6208015699549,0.2325610003026668,0,38.975363000190555,3.4111968569572055,19.293310098751125,3.4111968569572055,0.0
172,11,peak_hour,0.2,38.975363000190555,690.1636420349112,825.9796088597104,690.1636420349112,666.6208015699549,666.6208015699549,0.2256620000480325,0,3.4111968569572055,19.293310098751125,3.4111968569572055,0.0,666.6208015699549,690.1636420349112,825.9796088597104,690.1636420349112,666.6208015699549,0.2256620000480325,0,38.975363000190555,3.4111968569572055,19.293310098751125,3.4111968569572055,0.0
166,81,peak_hour,0.05,37.91998099995908,454.4350679524616,516.1883173889211,454.4350679524616,454.4350679524616,454.4350679524616,0.17888399997900706,0,0.0,11.963317912507419,0.0,0.0,454.4350679524616,454.4350679524616,516.1883173889211,454.4350679524616,454.4350679524616,0.17888399997900706,0,37.91998099995908,0.0,11.963317912507419,0.0,0.0
166,81,peak_hour,0.1,37.91998099995908,454.4350679524616,516.1883173889211,454.4350679524616,454.4350679524616,454.4350679524616,0.17465800010540988,0,0.0,11.963317912507419,0.0,0.0,454.4350679524616,454.4350679524616,516.1883173889211,454.4350679524616,454.4350679524616,0.17465800010540988,0,37.91998099995908,0.0,11.963317912507419,0.0,0.0
166,81,peak_hour,0.15,37.91998099995908,454.4350679524616,516.1883173889211,454.4350679524616,454.4350679524616,454.4350679524616,0.16566599970246898,0,0.0,11.963317912507419,0.0,0.0,454.4350679524616,454.4350679524616,516.1883173889211,454.4350679524616,454.4350679524616,0.16566599970246898,0,37.91998099995908,0.0,11.963317912507419,0.0,0.0
166,81,peak_hour,0.2,37.91998099995908,454.4350679524616,516.1883173889211,454.4350679524616,454.4350679524616,454.4350679524616,0.15567599984933622,0,0.0,11.963317912507419,0.0,0.0,454.4350679524616,454.4350679524616,516.1883173889211,454.4350679524616,454.4350679524616,0.15567599984933622,0,37.91998099995908,0.0,11.963317912507419,0.0,0.0
152,181,peak_hour,0.05,39.57365699989168,515.4015476824931,515.4015476824931,515.4015476824931,515.4015476824931,515.4015476824931,0.18990099988513975,0,0.0,0.0,0.0,0.0,515.4015476824931,515.4015476824931,515.4015476824931,515.4015476824931,515.4015476824931,0.18990099988513975,0,39.57365699989168,0.0,0.0,0.0,0.0
152,181,peak_hour,0.1,39.57365699989168,515.4015476824931,515.4015476824931,515.4015476824931,515.4015476824931,515.4015476824931,0.18592100013847812,0,0.0,0.0,0.0,0.0,515.4015476824931,515.4015476824931,515.4015476824931,515.4015476824931,515.4015476824931,0.18592100013847812,0,39.57365699989168,0.0,0.0,0.0,0.0
152,181,peak_hour,0.15,39.57365699989168,515.4015476824931,515.4015476824931,515.4015476824931,515.4015476824931,515.4015476824931,0.22190199979377212,0,0.0,0.0,0.0,0.0,515.4015476824931,515.4015476824931,515.4015476824931,515.4015476824931,515.4015476824931,0.22190199979377212,0,39.57365699989168,0.0,0.0,0.0,0.0
152,181,peak_hour,0.2,39.57365699989168,515.4015476824931,515.4015476824931,515.4015476824931,515.4015476824931,515.4015476824931,0.20826299987675156,0,0.0,0.0,0.0,0.0,515.4015476824931,515.4015476824931,515.4015476824931,515.4015476824931,515.4015476824931,0.20826299987675156,0,39.57365699989168,0.0,0.0,0.0,0.0
111,8,peak_hour,0.05,38.83673099971929,420.23139406695816,425.545319430299,420.23139406695816,420.23139406695816,420.2752946753243,0.24732950009820343,1,-0.010446770276076704,1.2384168064708092,-0.010446770276076704,-0.010446770276076704,420.2752946753243,420.23139406695816,425.545319430299,420.23139406695816,420.23139406695816,0.24732950009820343,1,38.83673099971929,-0.010446770276076704,1.2384168064708092,-0.010446770276076704,-0.010446770276076704
111,8,peak_hour,0.1,38.83673099971929,420.23139406695816,425.545319430299,420.23139406695816,420.23139406695816,420.2752946753243,0.22702699993715214,1,-0.010446770276076704,1.2384168064708092,-0.010446770276076704,-0.010446770276076704,420.2752946753243,420.23139406695816,425.545319430299,420.23139406695816,420.23139406695816,0.22702699993715214,1,38.83673099971929,-0.010446770276076704,1.2384168064708092,-0.010446770276076704,-0.010446770276076704
111,8,peak_hour,0.15,38.83673099971929,420.23139406695816,425.545319430299,420.23139406695816,420.23139406695816,420.2752946753243,0.34580199985612126,1,-0.010446770276076704,1.2384168064708092,-0.010446770276076704,-0.010446770276076704,420.2752946753243,420.23139406695816,425.545319430299,420.23139406695816,420.23139406695816,0.34580199985612126,1,38.83673099971929,-0.010446770276076704,1.2384168064708092,-0.010446770276076704,-0.010446770276076704
111,8,peak_hour,0.2,38.83673099971929,420.23139406695816,425.545319430299,420.23139406695816,420.23139406695816,420.2752946753243,0.23372600003312982,1,-0.010446770276076704,1.2384168064708092,-0.010446770276076704,-0.010446770276076704,420.2752946753243,420.23139406695816,425.545319430299,420.23139406695816,420.23139406695816,0.23372600003312982,1,38.83673099971929,-0.010446770276076704,1.2384168064708092,-0.010446770276076704,-0.010446770276076704
47,51,peak_hour,0.05,38.50956599990241,683.3925875682986,698.0443141822536,683.3925875682986,534.4967561527603,534.7784352878997,0.6075525002415816,1,21.746526811069096,23.38904215352244,21.746526811069096,-0.052699877388753674,534.7784352878997,683.3925875682986,698.0443141822536,683.3925875682986,534.4967561527603,0.6075525002415816,1,38.50956599990241,21.746526811069096,23.38904215352244,21.746526811069096,-0.052699877388753674
47,51,peak_hour,0.1,38.50956599990241,683.3925875682986,698.0443141822536,683.3925875682986,534.4967561527603,534.7784352878997,0.5738139998356928,1,21.746526811069096,23.38904215352244,21.746526811069096,-0.052699877388753674,534.7784352878997,683.3925875682986,698.0443141822536,683.3925875682986,534.4967561527603,0.5738139998356928,1,38.50956599990241,21.746526811069096,23.38904215352244,21.746526811069096,-0.052699877388753674
47,51,peak_hour,0.15,38.50956599990241,683.3925875682986,698.0443141822536,683.3925875682986,534.4967561527603,534.7784352878997,0.574549000020852,1,21.746526811069096,23.38904215352244,21.746526811069096,-0.052699877388753674,534.7784352878997,683.3925875682986,698.0443141822536,683.3925875682986,534.4967561527603,0.574549000020852,1,38.50956599990241,21.746526811069096,23.38904215352244,21.746526811069096,-0.052699877388753674
47,51,peak_hour,0.2,38.50956599990241,683.3925875682986,698.0443141822536,683.3925875682986,534.4967561527603,534.4967561527603,0.846428999921045,0,21.78774457378169,23.42939476859522,21.78774457378169,0.0,534.4967561527603,683.3925875682986,698.0443141822536,683.3925875682986,534.4967561527603,0.846428999921045,0,38.50956599990241,21.78774457378169,23.42939476859522,21.78774457378169,0.0
196,86,peak_hour,0.05,38.45265500012829,507.8271217424414,509.23084309952725,507.8271217424414,507.8271217424414,507.8271217424414,0.17770900012692437,0,0.0,0.2756552114050712,0.0,0.0,507.8271217424414,507.8271217424414,509.23084309952725,507.8271217424414,507.8271217424414,0.17770900012692437,0,38.45265500012829,0.0,0.2756552114050712,0.0,0.0
196,86,peak_hour,0.1,38.45265500012829,507.8271217424414,509.23084309952725,507.8271217424414,507.8271217424414,507.8271217424414,0.18025099961960223,0,0.0,0.2756552114050712,0.0,0.0,507.8271217424414,507.8271217424414,509.23084309952725,507.8271217424414,507.8271217424414,0.18025099961960223,0,38.45265500012829,0.0,0.2756552114050712,0.0,0.0
196,86,peak_hour,0.15,38.45265500012829,507.8271217424414,509.23084309952725,507.8271217424414,507.8271217424414,507.8271217424414,0.16299000026265276,0,0.0,0.2756552114050712,0.0,0.0,507.8271217424414,507.8271217424414,509.23084309952725,507.8271217424414,507.8271217424414,0.16299000026265276,0,38.45265500012829,0.0,0.2756552114050712,0.0,0.0
196,86,peak_hour,0.2,38.45265500012829,507.8271217424414,509.23084309952725,507.8271217424414,507.8271217424414,507.8271217424414,0.1569559999552439,0,0.0,0.2756552114050712,0.0,0.0,507.8271217424414,507.8271217424414,509.23084309952725,507.8271217424414,507.8271217424414,0.1569559999552439,0,38.45265500012829,0.0,0.2756552114050712,0.0,0.0
1,77,peak_hour,0.05,38.97581599994737,446.659968522911,446.659968522911,446.659968522911,446.659968522911,446.659968522911,0.21910800023761112,0,0.0,0.0,0.0,0.0,446.659968522911,446.659968522911,446.659968522911,446.659968522911,446.659968522911,0.21910800023761112,0,38.97581599994737,0.0,0.0,0.0,0.0
1,77,peak_hour,0.1,38.97581599994737,446.659968522911,446.659968522911,446.659968522911,446.659968522911,446.659968522911,0.20476899999266607,0,0.0,0.0,0.0,0.0,446.659968522911,446.659968522911,446.659968522911,446.659968522911,446.659968522911,0.20476899999266607,0,38.97581599994737,0.0,0.0,0.0,0.0
1,77,peak_hour,0.15,38.97581599994737,446.659968522911,446.659968522911,446.659968522911,446.659968522911,446.659968522911,0.23167100016507902,0,0.0,0.0,0.0,0.0,446.659968522911,446.659968522911,446.659968522911,446.659968522911,446.659968522911,0.23167100016507902,0,38.97581599994737,0.0,0.0,0.0,0.0
1,77,peak_hour,0.2,38.97581599994737,446.659968522911,446.659968522911,446.659968522911,446.659968522911,446.659968522911,0.22578500011150027,0,0.0,0.0,0.0,0.0,446.659968522911,446.659968522911,446.659968522911,446.659968522911,446.659968522911,0.22578500011150027,0,38.97581599994737,0.0,0.0,0.0,0.0
165,186,peak_hour,0.05,40.127318000031664,645.2481647158013,669.713184066906,645.2481647158013,637.3036269435738,643.3866676274016,0.18347100012761075,0,0.2884932015606091,3.931013613862846,0.2884932015606091,-0.9544964796452312,643.3866676274016,645.2481647158013,669.713184066906,645.2481647158013,637.3036269435738,0.18347100012761075,0,40.127318000031664,0.2884932015606091,3.931013613862846,0.2884932015606091,-0.9544964796452312
165,186,peak_hour,0.1,40.127318000031664,645.2481647158013,669.713184066906,645.2481647158013,637.3036269435738,643.3866676274016,0.17592599988347501,0,0.2884932015606091,3.931013613862846,0.2884932015606091,-0.9544964796452312,643.3866676274016,645.2481647158013,669.713184066906,645.2481647158013,637.3036269435738,0.17592599988347501,0,40.127318000031664,0.2884932015606091,3.931013613862846,0.2884932015606091,-0.9544964796452312
165,186,peak_hour,0.15,40.127318000031664,645.2481647158013,669.713184066906,645.2481647158013,637.3036269435738,643.3866676274016,0.20002699966426007,0,0.2884932015606091,3.931013613862846,0.2884932015606091,-0.9544964796452312,643.3866676274016,645.2481647158013,669.713184066906,645.2481647158013,637.3036269435738,0.20002699966426007,0,40.127318000031664,0.2884932015606091,3.931013613862846,0.2884932015606091,-0.9544964796452312
165,186,peak_hour,0.2,40.127318000031664,645.2481647158013,669.713184066906,645.2481647158013,637.3036269435738,643.3866676274016,0.19912900006602285,0,0.2884932015606091,3.931013613862846,0.2884932015606091,-0.9544964796452312,643.3866676274016,645.2481647158013,669.713184066906,645.2481647158013,637.3036269435738,0.19912900006602285,0,40.127318000031664,0.2884932015606091,3.931013613862846,0.2884932015606091,-0.9544964796452312
172,95,peak_hour,0.05,39.58652399978746,565.1295936476213,617.0196586704586,565.1295936476213,481.44080108975004,481.44080108975004,0.3732749996743223,0,14.808778994867897,21.97318281120105,14.808778994867897,0.0,481.44080108975004,565.1295936476213,617.0196586704586,565.1295936476213,481.44080108975004,0.3732749996743223,0,39.58652399978746,14.808778994867897,21.97318281120105,14.808778994867897,0.0
172,95,peak_hour,0.1,39.58652399978746,565.1295936476213,617.0196586704586,565.1295936476213,481.44080108975004,481.44080108975004,0.35376599998926395,0,14.808778994867897,21.97318281120105,14.808778994867897,0.0,481.44080108975004,565.1295936476213,617.0196586704586,565.1295936476213,481.44080108975004,0.35376599998926395,0,39.58652399978746,14.808778994867897,21.97318281120105,14.808778994867897,0.0
172,95,peak_hour,0.15,39.58652399978746,565.1295936476213,617.0196586704586,565.1295936476213,481.44080108975004,481.44080108975004,0.36734599962073844,0,14.808778994867897,21.97318281120105,14.808778994867897,0.0,481.44080108975004,565.1295936476213,617.0196586704586,565.1295936476213,481.44080108975004,0.36734599962073844,0,39.58652399978746,14.808778994867897,21.97318281120105,14.808778994867897,0.0
172,95,peak_hour,0.2,39.58652399978746,565.1295936476213,617.0196586704586,565.1295936476213,481.44080108975004,481.44080108975004,0.3870760001518647,0,14.808778994867897,21.97318281120105,14.808778994867897,0.0,481.44080108975004,565.1295936476213,617.0196586704586,565.1295936476213,481.44080108975004,0.3870760001518647,0,39.58652399978746,14.808778994867897,21.97318281120105,14.808778994867897,0.0
89,78,peak_hour,0.05,39.29091800000606,488.1176949357617,547.6376919394439,488.1176949357617,526.6400734590775,526.6400734590775,0.22740700023859972,0,-7.892026640907888,3.834217182167274,-7.892026640907888,0.0,526.6400734590775,488.1176949357617,547.6376919394439,488.1176949357617,526.6400734590775,0.22740700023859972,0,39.29091800000606,-7.892026640907888,3.834217182167274,-7.892026640907888,0.0
89,78,peak_hour,0.1,39.29091800000606,488.1176949357617,547.6376919394439,488.1176949357617,526.6400734590775,526.6400734590775,0.21173999994061887,0,-7.892026640907888,3.834217182167274,-7.892026640907888,0.0,526.6400734590775,488.1176949357617,547.6376919394439,488.1176949357617,526.6400734590775,0.21173999994061887,0,39.29091800000606,-7.892026640907888,3.834217182167274,-7.892026640907888,0.0
89,78,peak_hour,0.15,39.29091800000606,488.1176949357617,547.6376919394439,488.1176949357617,526.6400734590775,526.6400734590775,0.20959699986633495,0,-7.892026640907888,3.834217182167274,-7.892026640907888,0.0,526.6400734590775,488.1176949357617,547.6376919394439,488.1176949357617,526.6400734590775,0.20959699986633495,0,39.29091800000606,-7.892026640907888,3.834217182167274,-7.892026640907888,0.0
89,78,peak_hour,0.2,39.29091800000606,488.1176949357617,547.6376919394439,488.1176949357617,526.6400734590775,526.6400734590775,0.20970499963368638,0,-7.892026640907888,3.834217182167274,-7.892026640907888,0.0,526.6400734590775,488.1176949357617,547.6376919394439,488.1176949357617,526.6400734590775,0.20970499963368638,0,39.29091800000606,-7.892026640907888,3.834217182167274,-7.892026640907888,0.0
41,166,peak_hour,0.05,40.39935099990544,650.526923857414,611.038884786309,650.526923857414,598.9248472008805,669.384693860525,0.2414269999917451,1,-2.8988454299924333,-9.548624568241754,-2.8988454299924333,-11.764388635559824,669.384693860525,650.526923857414,611.038884786309,650.526923857414,598.9248472008805,0.2414269999917451,1,40.39935099990544,-2.8988454299924333,-9.548624568241754,-2.8988454299924333,-11.764388635559824
41,166,peak_hour,0.1,40.39935099990544,650.526923857414,611.038884786309,650.526923857414,598.9248472008805,669.384693860525,0.22435849996327306,1,-2.8988454299924333,-9.548624568241754,-2.8988454299924333,-11.764388635559824,669.384693860525,650.526923857414,611.038884786309,650.526923857414,598.9248472008805,0.22435849996327306,1,40.39935099990544,-2.8988454299924333,-9.548624568241754,-2.8988454299924333,-11.764388635559824
41,166,peak_hour,0.15,40.39935099990544,650.526923857414,611.038884786309,650.526923857414,598.9248472008805,669.384693860525,0.2175834999889048,1,-2.8988454299924333,-9.548624568241754,-2.8988454299924333,-11.764388635559824,669.384693860525,650.526923857414,611.038884786309,650.526923857414,598.9248472008805,0.2175834999889048,1,40.39935099990544,-2.8988454299924333,-9.548624568241754,-2.8988454299924333,-11.764388635559824
41,166,peak_hour,0.2,40.39935099990544,650.526923857414,611.038884786309,650.526923857414,598.9248472008805,669.384693860525,0.2085020000777149,1,-2.8988454299924333,-9.548624568241754,-2.8988454299924333,-11.764388635559824,669.384693860525,650.526923857414,611.038884786309,650.526923857414,598.9248472008805,0.2085020000777149,1,40.39935099990544,-2.8988454299924333,-9.548624568241754,-2.8988454299924333,-11.764388635559824
15,59,peak_hour,0.05,39.49150600010398,530.2821625261222,530.2821625261222,530.2821625261222,530.2821625261222,530.2821625261222,0.22531700005856692,0,0.0,0.0,0.0,0.0,530.2821625261222,530.2821625261222,530.2821625261222,530.2821625261222,530.2821625261222,0.22531700005856692,0,39.49150600010398,0.0,0.0,0.0,0.0
15,59,peak_hour,0.1,39.49150600010398,530.2821625261222,530.2821625261222,530.2821625261222,530.2821625261222,530.2821625261222,0.22189900028024567,0,0.0,0.0,0.0,0.0,530.2821625261222,530.2821625261222,530.2821625261222,530.2821625261222,530.2821625261222,0.22189900028024567,0,39.49150600010398,0.0,0.0,0.0,0.0
15,59,peak_hour,0.15,39.49150600010398,530.2821625261222,530.2821625261222,530.2821625261222,530.2821625261222,530.2821625261222,0.20629900018320768,0,0.0,0.0,0.0,0.0,530.2821625261222,530.2821625261222,530.2821625261222,530.2821625261222,530.2821625261222,0.20629900018320768,0,39.49150600010398,0.0,0.0,0.0,0.0
15,59,peak_hour,0.2,39.49150600010398,530.2821625261222,530.2821625261222,530.2821625261222,530.2821625261222,530.2821625261222,0.20564900023600785,0,0.0,0.0,0.0,0.0,530.2821625261222,530.2821625261222,530.2821625261222,530.2821625261222,530.2821625261222,0.20564900023600785,0,39.49150600010398,0.0,0.0,0.0,0.0
7,41,peak_hour,0.05,39.329778000137594,586.0174446683986,638.5824021757868,586.0174446683986,540.599685907578,567.3551839067704,0.5358910002541961,0,3.1845913345102472,11.15395883543455,3.1845913345102472,-4.949225590886978,567.3551839067704,586.0174446683986,638.5824021757868,586.0174446683986,540.599685907578,0.5358910002541961,0,39.329778000137594,3.1845913345102472,11.15395883543455,3.1845913345102472,-4.949225590886978
7,41,peak_hour,0.1,39.329778000137594,586.0174446683986,638.5824021757868,586.0174446683986,540.599685907578,567.3551839067704,0.5612350000774313,0,3.1845913345102472,11.15395883543455,3.1845913345102472,-4.949225590886978,567.3551839067704,586.0174446683986,638.5824021757868,586.0174446683986,540.599685907578,0.5612350000774313,0,39.329778000137594,3.1845913345102472,11.15395883543455,3.1845913345102472,-4.949225590886978
7,41,peak_hour,0.15,39.329778000137594,586.0174446683986,638.5824021757868,586.0174446683986,540.599685907578,567.3551839067704,0.546352000128536,0,3.1845913345102472,11.15395883543455,3.1845913345102472,-4.949225590886978,567.3551839067704,586.0174446683986,638.5824021757868,586.0174446683986,540.599685907578,0.546352000128536,0,39.329778000137594,3.1845913345102472,11.15395883543455,3.1845913345102472,-4.949225590886978
7,41,peak_hour,0.2,39.329778000137594,586.0174446683986,638.5824021757868,586.0174446683986,540.599685907578,567.3551839067704,0.5850940001437266,0,3.1845913345102472,11.15395883543455,3.1845913345102472,-4.949225590886978,567.3551839067704,586.0174446683986,638.5824021757868,586.0174446683986,540.599685907578,0.5850940001437266,0,39.329778000137594,3.1845913345102472,11.15395883543455,3.1845913345102472,-4.949225590886978
18,160,off_peak,0.05,39.40783300004114,475.93548753263934,474.9089492832294,475.93548753263934,474.88032670529276,475.9068649547027,1.1385790000986162,1,0.006013961699938914,-0.2101277882801443,0.006013961699938914,-0.21616777779194354,475.9068649547027,475.93548753263934,474.9089492832294,475.93548753263934,474.88032670529276,1.1385790000986162,1,39.40783300004114,0.006013961699938914,-0.2101277882801443,0.006013961699938914,-0.21616777779194354
18,160,off_peak,0.1,39.40783300004114,475.93548753263934,474.9089492832294,475.93548753263934,474.88032670529276,475.9068649547027,1.1352139999871724,1,0.006013961699938914,-0.2101277882801443,0.006013961699938914,-0.21616777779194354,475.9068649547027,475.93548753263934,474.9089492832294,475.93548753263934,474.88032670529276,1.1352139999871724,1,39.40783300004114,0.006013961699938914,-0.2101277882801443,0.006013961699938914,-0.21616777779194354
18,160,off_peak,0.15,39.40783300004114,475.93548753263934,474.9089492832294,475.93548753263934,474.88032670529276,475.9068649547027,1.1679860001549969,1,0.006013961699938914,-0.2101277882801443,0.006013961699938914,-0.21616777779194354,475.9068649547027,475.93548753263934,474.9089492832294,475.93548753263934,474.88032670529276,1.1679860001549969,1,39.40783300004114,0.006013961699938914,-0.2101277882801443,0.006013961699938914,-0.21616777779194354
18,160,off_peak,0.2,39.40783300004114,475.93548753263934,474.9089492832294,475.93548753263934,474.88032670529276,475.9068649547027,1.1642634999589063,1,0.006013961699938914,-0.2101277882801443,0.006013961699938914,-0.21616777779194354,475.9068649547027,475.93548753263934,474.9089492832294,475.93548753263934,474.88032670529276,1.1642634999589063,1,39.40783300004114,0.006013961699938914,-0.2101277882801443,0.006013961699938914,-0.21616777779194354
135,90,off_peak,0.05,41.69531200022902,424.3173699748991,425.79988102997515,424.3173699748991,425.2785815917506,425.2785815917506,0.20029500001328415,0,-0.22653129116734796,0.1224282723996021,-0.22653129116734796,0.0,425.2785815917506,424.3173699748991,425.79988102997515,424.3173699748991,425.2785815917506,0.20029500001328415,0,41.69531200022902,-0.22653129116734796,0.1224282723996021,-0.22653129116734796,0.0
135,90,off_peak,0.1,41.69531200022902,424.3173699748991,425.79988102997515,424.3173699748991,425.2785815917506,425.2785815917506,0.1941730001817632,0,-0.22653129116734796,0.1224282723996021,-0.22653129116734796,0.0,425.2785815917506,424.3173699748991,425.79988102997515,424.3173699748991,425.2785815917506,0.1941730001817632,0,41.69531200022902,-0.22653129116734796,0.1224282723996021,-0.22653129116734796,0.0
135,90,off_peak,0.15,41.69531200022902,424.3173699748991,425.79988102997515,424.3173699748991,425.2785815917506,425.2785815917506,0.1898399996207445,0,-0.22653129116734796,0.1224282723996021,-0.22653129116734796,0.0,425.2785815917506,424.3173699748991,425.79988102997515,424.3173699748991,425.2785815917506,0.1898399996207445,0,41.69531200022902,-0.22653129116734796,0.1224282723996021,-0.22653129116734796,0.0
135,90,off_peak,0.2,41.69531200022902,424.3173699748991,425.79988102997515,424.3173699748991,425.2785815917506,425.2785815917506,0.18815900011759368,0,-0.22653129116734796,0.1224282723996021,-0.22653129116734796,0.0,425.2785815917506,424.3173699748991,425.79988102997515,424.3173699748991,425.2785815917506,0.18815900011759368,0,41.69531200022902,-0.22653129116734796,0.1224282723996021,-0.22653129116734796,0.0
89,177,off_peak,0.05,38.85413299985885,430.80138459572055,429.7661286388202,430.80138459572055,422.07493527507336,422.07493527507336,0.0995344998955261,1,2.0256316791637996,1.789622971942163,2.0256316791637996,0.0,422.07493527507336,430.80138459572055,429.7661286388202,430.80138459572055,422.07493527507336,0.0995344998955261,1,38.85413299985885,2.0256316791637996,1.789622971942163,2.0256316791637996,0.0
89,177,off_peak,0.1,38.85413299985885,430.80138459572055,429.7661286388202,430.80138459572055,422.07493527507336,422.07493527507336,0.09540049973111309,1,2.0256316791637996,1.789622971942163,2.0256316791637996,0.0,422.07493527507336,430.80138459572055,429.7661286388202,430.80138459572055,422.07493527507336,0.09540049973111309,1,38.85413299985885,2.0256316791637996,1.789622971942163,2.0256316791637996,0.0
89,177,off_peak,0.15,38.85413299985885,430.80138459572055,429.7661286388202,430.80138459572055,422.07493527507336,422.07493527507336,0.09315700003753591,1,2.0256316791637996,1.789622971942163,2.0256316791637996,0.0,422.07493527507336,430.80138459572055,429.7661286388202,430.80138459572055,422.07493527507336,0.09315700003753591,1,38.85413299985885,2.0256316791637996,1.789622971942163,2.0256316791637996,0.0
89,177,off_peak,0.2,38.85413299985885,430.80138459572055,429.7661286388202,430.80138459572055,422.07493527507336,422.07493527507336,0.09087200010071683,1,2.0256316791637996,1.789622971942163,2.0256316791637996,0.0,422.07493527507336,430.80138459572055,429.7661286388202,430.80138459572055,422.07493527507336,0.09087200010071683,1,38.85413299985885,2.0256316791637996,1.789622971942163,2.0256316791637996,0.0
152,157,off_peak,0.05,38.20966000012049,381.11557994473503,380.7332139809388,381.11557994473503,379.92961346236734,379.92961346236734,0.6245350000426697,0,0.3111828916938175,0.2110665655273445,0.3111828916938175,0.0,379.92961346236734,381.11557994473503,380.7332139809388,381.11557994473503,379.92961346236734,0.6245350000426697,0,38.20966000012049,0.3111828916938175,0.2110665655273445,0.3111828916938175,0.0
152,157,off_peak,0.1,38.20966000012049,381.11557994473503,380.7332139809388,381.11557994473503,379.92961346236734,379.92961346236734,0.6533209998451639,0,0.3111828916938175,0.2110665655273445,0.3111828916938175,0.0,379.92961346236734,381.11557994473503,380.7332139809388,381.11557994473503,379.92961346236734,0.6533209998451639,0,38.20966000012049,0.3111828916938175,0.2110665655273445,0.3111828916938175,0.0
152,157,off_peak,0.15,38.20966000012049,381.11557994473503,380.7332139809388,381.11557994473503,379.92961346236734,379.92961346236734,0.6375699999807694,0,0.3111828916938175,0.2110665655273445,0.3111828916938175,0.0,379.92961346236734,381.11557994473503,380.7332139809388,381.11557994473503,379.92961346236734,0.6375699999807694,0,38.20966000012049,0.3111828916938175,0.2110665655273445,0.3111828916938175,0.0
152,157,off_peak,0.2,38.20966000012049,381.11557994473503,380.7332139809388,381.11557994473503,379.92961346236734,379.92961346236734,0.666866999836202,0,0.3111828916938175,0.2110665655273445,0.3111828916938175,0.0,379.92961346236734,381.11557994473503,380.7332139809388,381.11557994473503,379.92961346236734,0.666866999836202,0,38.20966000012049,0.3111828916938175,0.2110665655273445,0.3111828916938175,0.0
14,200,off_peak,0.05,38.932518000365235,512.0627439514268,512.0627439514268,512.0627439514268,512.0627439514268,512.0627439514268,0.17329499996776576,0,0.0,0.0,0.0,0.0,512.0627439514268,512.0627439514268,512.0627439514268,512.0627439514268,512.0627439514268,0.17329499996776576,0,38.932518000365235,0.0,0.0,0.0,0.0
14,200,off_peak,0.1,38.932518000365235,512.0627439514268,512.0627439514268,512.0627439514268,512.0627439514268,512.0627439514268,0.20219099997120793,0,0.0,0.0,0.0,0.0,512.0627439514268,512.0627439514268,512.0627439514268,512.0627439514268,512.0627439514268,0.20219099997120793,0,38.932518000365235,0.0,0.0,0.0,0.0
14,200,off_peak,0.15,38.932518000365235,512.0627439514268,512.0627439514268,512.0627439514268,512.0627439514268,512.0627439514268,0.20489600001383224,0,0.0,0.0,0.0,0.0,512.0627439514268,512.0627439514268,512.0627439514268,512.0627439514268,512.0627439514268,0.20489600001383224,0,38.932518000365235,0.0,0.0,0.0,0.0
14,200,off_peak,0.2,38.932518000365235,512.0627439514268,512.0627439514268,512.0627439514268,512.0627439514268,512.0627439514268,0.20187500012980308,0,0.0,0.0,0.0,0.0,512.0627439514268,512.0627439514268,512.0627439514268,512.0627439514268,512.0627439514268,0.20187500012980308,0,38.932518000365235,0.0,0.0,0.0,0.0
92,184,off_peak,0.05,39.684916999704,351.63935285092697,351.5112802128997,351.63935285092697,351.3869648353565,351.3869648353565,0.12610899966603029,0,0.0717746786655831,0.0353659710345335,0.0717746786655831,0.0,351.3869648353565,351.63935285092697,351.5112802128997,351.63935285092697,351.3869648353565,0.12610899966603029,0,39.684916999704,0.0717746786655831,0.0353659710345335,0.0717746786655831,0.0
92,184,off_peak,0.1,39.684916999704,351.63935285092697,351.5112802128997,351.63935285092697,351.3869648353565,351.3869648353565,0.11781600005633663,0,0.0717746786655831,0.0353659710345335,0.0717746786655831,0.0,351.3869648353565,351.63935285092697,351.5112802128997,351.63935285092697,351.3869648353565,0.11781600005633663,0,39.684916999704,0.0717746786655831,0.0353659710345335,0.0717746786655831,0.0
92,184,off_peak,0.15,39.684916999704,351.63935285092697,351.5112802128997,351.63935285092697,351.3869648353565,351.3869648353565,0.11780900013036444,0,0.0717746786655831,0.0353659710345335,0.0717746786655831,0.0,351.3869648353565,351.63935285092697,351.5112802128997,351.63935285092697,351.3869648353565,0.11780900013036444,0,39.684916999704,0.0717746786655831,0.0353659710345335,0.0717746786655831,0.0
92,184,off_peak,0.2,39.684916999704,351.63935285092697,351.5112802128997,351.63935285092697,351.3869648353565,351.3869648353565,0.11970200012001442,0,0.0717746786655831,0.0353659710345335,0.0717746786655831,0.0,351.3869648353565,351.63935285092697,351.5112802128997,351.63935285092697,351.3869648353565,0.11970200012001442,0,39.684916999704,0.0717746786655831,0.0353659710345335,0.0717746786655831,0.0
75,200,off_peak,0.05,39.88831800006665,438.97762491765974,438.97762491765974,438.97762491765974,438.97762491765974,438.97762491765974,0.173157000062929,0,0.0,0.0,0.0,0.0,438.97762491765974,438.97762491765974,438.97762491765974,438.97762491765974,438.97762491765974,0.173157000062929,0,39.88831800006665,0.0,0.0,0.0,0.0
75,200,off_peak,0.1,39.88831800006665,438.97762491765974,438.97762491765974,438.97762491765974,438.97762491765974,438.97762491765974,0.1648709999244602,0,0.0,0.0,0.0,0.0,438.97762491765974,438.97762491765974,438.97762491765974,438.97762491765974,438.97762491765974,0.1648709999244602,0,39.88831800006665,0.0,0.0,0.0,0.0
75,200,off_peak,0.15,39.88831800006665,438.97762491765974,438.97762491765974,438.97762491765974,438.97762491765974,438.97762491765974,0.15878100020927377,0,0.0,0.0,0.0,0.0,438.97762491765974,438.97762491765974,438.97762491765974,438.97762491765974,438.97762491765974,0.15878100020927377,0,39.88831800006665,0.0,0.0,0.0,0.0
75,200,off_peak,0.2,39.88831800006665,438.97762491765974,438.97762491765974,438.97762491765974,438.97762491765974,438.97762491765974,0.15691999988121097,0,0.0,0.0,0.0,0.0,438.97762491765974,438.97762491765974,438.97762491765974,438.97762491765974,438.97762491765974,0.15691999988121097,0,39.88831800006665,0.0,0.0,0.0,0.0
187,76,off_peak,0.05,38.46752199979164,325.2609179415583,324.9579813709309,325.2609179415583,324.9579813709309,324.9579813709309,0.17430000025342451,0,0.09313648025855166,0.0,0.09313648025855166,0.0,324.9579813709309,325.2609179415583,324.9579813709309,325.2609179415583,324.9579813709309,0.17430000025342451,0,38.46752199979164,0.09313648025855166,0.0,0.09313648025855166,0.0
187,76,off_peak,0.1,38.46752199979164,325.2609179415583,324.9579813709309,325.2609179415583,324.9579813709309,324.9579813709309,0.19719200008694315,0,0.09313648025855166,0.0,0.09313648025855166,0.0,324.9579813709309,325.2609179415583,324.9579813709309,325.2609179415583,324.9579813709309,0.19719200008694315,0,38.46752199979164,0.09313648025855166,0.0,0.09313648025855166,0.0
187,76,off_peak,0.15,38.46752199979164,325.2609179415583,324.9579813709309,325.2609179415583,324.9579813709309,324.9579813709309,0.20396599984451314,0,0.09313648025855166,0.0,0.09313648025855166,0.0,324.9579813709309,325.2609179415583,324.9579813709309,325.2609179415583,324.9579813709309,0.20396599984451314,0,38.46752199979164,0.09313648025855166,0.0,0.09313648025855166,0.0
187,76,off_peak,0.2,38.46752199979164,325.2609179415583,324.9579813709309,325.2609179415583,324.9579813709309,324.9579813709309,0.1914490003400715,0,0.09313648025855166,0.0,0.09313648025855166,0.0,324.9579813709309,325.2609179415583,324.9579813709309,325.2609179415583,324.9579813709309,0.1914490003400715,0,38.46752199979164,0.09313648025855166,0.0,0.09313648025855166,0.0
33,172,off_peak,0.05,39.14132200043241,400.93669678259994,400.93669678259994,400.93669678259994,400.93669678259994,400.93669678259994,0.18862700017052703,0,0.0,0.0,0.0,0.0,400.93669678259994,400.93669678259994,400.93669678259994,400.93669678259994,400.93669678259994,0.18862700017052703,0,39.14132200043241,0.0,0.0,0.0,0.0
33,172,off_peak,0.1,39.14132200043241,400.93669678259994,400.93669678259994,400.93669678259994,400.93669678259994,400.93669678259994,0.16135999976540916,0,0.0,0.0,0.0,0.0,400.93669678259994,400.93669678259994,400.93669678259994,400.93669678259994,400.93669678259994,0.16135999976540916,0,39.14132200043241,0.0,0.0,0.0,0.0
33,172,off_peak,0.15,39.14132200043241,400.93669678259994,400.93669678259994,400.93669678259994,400.93669678259994,400.93669678259994,0.15840800006117206,0,0.0,0.0,0.0,0.0,400.93669678259994,400.93669678259994,400.93669678259994,400.93669678259994,400.93669678259994,0.15840800006117206,0,39.14132200043241,0.0,0.0,0.0,0.0
33,172,off_peak,0.2,39.14132200043241,400.93669678259994,400.93669678259994,400.93669678259994,400.93669678259994,400.93669678259994,0.15618900033587124,0,0.0,0.0,0.0,0.0,400.93669678259994,400.93669678259994,400.93669678259994,400.93669678259994,400.93669678259994,0.15618900033587124,0,39.14132200043241,0.0,0.0,0.0,0.0
130,144,off_peak,0.05,41.155380999953195,334.6940279477832,334.6940279477832,334.6940279477832,334.6940279477832,334.6940279477832,0.1788019999366952,0,0.0,0.0,0.0,0.0,334.6940279477832,334.6940279477832,334.6940279477832,334.6940279477832,334.6940279477832,0.1788019999366952,0,41.155380999953195,0.0,0.0,0.0,0.0
130,144,off_peak,0.1,41.155380999953195,334.6940279477832,334.6940279477832,334.6940279477832,334.6940279477832,334.6940279477832,0.17475699996793992,0,0.0,0.0,0.0,0.0,334.6940279477832,334.6940279477832,334.6940279477832,334.6940279477832,334.6940279477832,0.17475699996793992,0,41.155380999953195,0.0,0.0,0.0,0.0
130,144,off_peak,0.15,41.155380999953195,334.6940279477832,334.6940279477832,334.6940279477832,334.6940279477832,334.6940279477832,0.16700200012564892,0,0.0,0.0,0.0,0.0,334.6940279477832,334.6940279477832,334.6940279477832,334.6940279477832,334.6940279477832,0.16700200012564892,0,41.155380999953195,0.0,0.0,0.0,0.0
130,144,off_peak,0.2,41.155380999953195,334.6940279477832,334.6940279477832,334.6940279477832,334.6940279477832,334.6940279477832,0.16013300000849995,0,0.0,0.0,0.0,0.0,334.6940279477832,334.6940279477832,334.6940279477832,334.6940279477832,334.6940279477832,0.16013300000849995,0,41.155380999953195,0.0,0.0,0.0,0.0
90,166,off_peak,0.05,39.58674700015763,350.87973928137154,350.87973928137154,350.87973928137154,350.87973928137154,350.87973928137154,0.1664879996496893,0,0.0,0.0,0.0,0.0,350.87973928137154,350.87973928137154,350.87973928137154,350.87973928137154,350.87973928137154,0.1664879996496893,0,39.58674700015763,0.0,0.0,0.0,0.0
90,166,off_peak,0.1,39.58674700015763,350.87973928137154,350.87973928137154,350.87973928137154,350.87973928137154,350.87973928137154,0.16003299970179796,0,0.0,0.0,0.0,0.0,350.87973928137154,350.87973928137154,350.87973928137154,350.87973928137154,350.87973928137154,0.16003299970179796,0,39.58674700015763,0.0,0.0,0.0,0.0
90,166,off_peak,0.15,39.58674700015763,350.87973928137154,350.87973928137154,350.87973928137154,350.87973928137154,350.87973928137154,0.1585149998390989,0,0.0,0.0,0.0,0.0,350.87973928137154,350.87973928137154,350.87973928137154,350.87973928137154,350.87973928137154,0.1585149998390989,0,39.58674700015763,0.0,0.0,0.0,0.0
90,166,off_peak,0.2,39.58674700015763,350.87973928137154,350.87973928137154,350.87973928137154,350.87973928137154,350.87973928137154,0.20611999980246765,0,0.0,0.0,0.0,0.0,350.87973928137154,350.87973928137154,350.87973928137154,350.87973928137154,350.87973928137154,0.20611999980246765,0,39.58674700015763,0.0,0.0,0.0,0.0
131,28,off_peak,0.05,38.745315000142,427.6590832622361,428.82691589015116,427.6590832622361,427.6590832622361,427.6590832622361,0.16922399981922354,0,0.0,0.272331932684518,0.0,0.0,427.6590832622361,427.6590832622361,428.82691589015116,427.6590832622361,427.6590832622361,0.16922399981922354,0,38.745315000142,0.0,0.272331932684518,0.0,0.0
131,28,off_peak,0.1,38.745315000142,427.6590832622361,428.82691589015116,427.6590832622361,427.6590832622361,427.6590832622361,0.15965099964887486,0,0.0,0.272331932684518,0.0,0.0,427.6590832622361,427.6590832622361,428.82691589015116,427.6590832622361,427.6590832622361,0.15965099964887486,0,38.745315000142,0.0,0.272331932684518,0.0,0.0
131,28,off_peak,0.15,38.745315000142,427.6590832622361,428.82691589015116,427.6590832622361,427.6590832622361,427.6590832622361,0.15497000003961148,0,0.0,0.272331932684518,0.0,0.0,427.6590832622361,427.6590832622361,428.82691589015116,427.6590832622361,427.6590832622361,0.15497000003961148,0,38.745315000142,0.0,0.272331932684518,0.0,0.0
131,28,off_peak,0.2,38.745315000142,427.6590832622361,428.82691589015116,427.6590832622361,427.6590832622361,427.6590832622361,0.1493530003244814,0,0.0,0.272331932684518,0.0,0.0,427.6590832622361,427.6590832622361,428.82691589015116,427.6590832622361,427.6590832622361,0.1493530003244814,0,38.745315000142,0.0,0.272331932684518,0.0,0.0
50,23,off_peak,0.05,39.11898599972119,408.25870039374604,407.68670680506887,408.25870039374604,407.46774979233817,407.46774979233817,0.9067500000128348,0,0.19373759840146393,0.05370717491541609,0.19373759840146393,0.0,407.46774979233817,408.25870039374604,407.68670680506887,408.25870039374604,407.46774979233817,0.9067500000128348,0,39.11898599972119,0.19373759840146393,0.05370717491541609,0.19373759840146393,0.0
50,23,off_peak,0.1,39.11898599972119,408.25870039374604,407.68670680506887,408.25870039374604,407.46774979233817,407.46774979233817,0.8953799997470924,0,0.19373759840146393,0.05370717491541609,0.19373759840146393,0.0,407.46774979233817,408.25870039374604,407.68670680506887,408.25870039374604,407.46774979233817,0.8953799997470924,0,39.11898599972119,0.19373759840146393,0.05370717491541609,0.19373759840146393,0.0
50,23,off_peak,0.15,39.11898599972119,408.25870039374604,407.68670680506887,408.25870039374604,407.46774979233817,407.46774979233817,0.8631670002614555,0,0.19373759840146393,0.05370717491541609,0.19373759840146393,0.0,407.46774979233817,408.25870039374604,407.68670680506887,408.25870039374604,407.46774979233817,0.8631670002614555,0,39.11898599972119,0.19373759840146393,0.05370717491541609,0.19373759840146393,0.0
50,23,off_peak,0.2,39.11898599972119,408.25870039374604,407.68670680506887,408.25870039374604,407.46774979233817,407.46774979233817,0.8406660003856814,0,0.19373759840146393,0.05370717491541609,0.19373759840146393,0.0,407.46774979233817,408.25870039374604,407.68670680506887,408.25870039374604,407.46774979233817,0.8406660003856814,0,39.11898599972119,0.19373759840146393,0.05370717491541609,0.19373759840146393,0.0
16,158,off_peak,0.05,37.85192299983464,390.2720667729953,426.0844340553662,390.2720667729953,390.2720667729953,390.2720667729953,0.1845460001277388,0,0.0,8.404993099963235,0.0,0.0,390.2720667729953,390.2720667729953,426.0844340553662,390.2720667729953,390.2720667729953,0.1845460001277388,0,37.85192299983464,0.0,8.404993099963235,0.0,0.0
16,158,off_peak,0.1,37.85192299983464,390.2720667729953,426.0844340553662,390.2720667729953,390.2720667729953,390.2720667729953,0.18018199989455752,0,0.0,8.404993099963235,0.0,0.0,390.2720667729953,390.2720667729953,426.0844340553662,390.2720667729953,390.2720667729953,0.18018199989455752,0,37.85192299983464,0.0,8.404993099963235,0.0,0.0
16,158,off_peak,0.15,37.85192299983464,390.2720667729953,426.0844340553662,390.2720667729953,390.2720667729953,390.2720667729953,0.21359499987738673,0,0.0,8.404993099963235,0.0,0.0,390.2720667729953,390.2720667729953,426.0844340553662,390.2720667729953,390.2720667729953,0.21359499987738673,0,37.85192299983464,0.0,8.404993099963235,0.0,0.0
16,158,off_peak,0.2,37.85192299983464,390.2720667729953,426.0844340553662,390.2720667729953,390.2720667729953,390.2720667729953,0.20553200010908768,0,0.0,8.404993099963235,0.0,0.0,390.2720667729953,390.2720667729953,426.0844340553662,390.2720667729953,390.2720667729953,0.20553200010908768,0,37.85192299983464,0.0,8.404993099963235,0.0,0.0
189,60,off_peak,0.05,39.38921700000719,488.8057804933814,488.8057804933814,488.8057804933814,488.8057804933814,488.8057804933814,0.13499100032277056,0,0.0,0.0,0.0,0.0,488.8057804933814,488.8057804933814,488.8057804933814,488.8057804933814,488.8057804933814,0.13499100032277056,0,39.38921700000719,0.0,0.0,0.0,0.0
189,60,off_peak,0.1,39.38921700000719,488.8057804933814,488.8057804933814,488.8057804933814,488.8057804933814,488.8057804933814,0.13191800007916754,0,0.0,0.0,0.0,0.0,488.8057804933814,488.8057804933814,488.8057804933814,488.8057804933814,488.8057804933814,0.13191800007916754,0,39.38921700000719,0.0,0.0,0.0,0.0
189,60,off_peak,0.15,39.38921700000719,488.8057804933814,488.8057804933814,488.8057804933814,488.8057804933814,488.8057804933814,0.13173000024835346,0,0.0,0.0,0.0,0.0,488.8057804933814,488.8057804933814,488.8057804933814,488.8057804933814,488.8057804933814,0.13173000024835346,0,39.38921700000719,0.0,0.0,0.0,0.0
189,60,off_peak,0.2,39.38921700000719,488.8057804933814,488.8057804933814,488.8057804933814,488.8057804933814,488.8057804933814,0.1623620000827941,0,0.0,0.0,0.0,0.0,488.8057804933814,488.8057804933814,488.8057804933814,488.8057804933814,488.8057804933814,0.1623620000827941,0,39.38921700000719,0.0,0.0,0.0,0.0
104,162,off_peak,0.05,38.88118900022164,350.2558581955031,347.53747971838857,350.2558581955031,349.4512164003469,350.04186372810267,0.20026899983349722,0,0.06109661334514489,-0.7206083245304699,0.06109661334514489,-0.1690213969892488,350.04186372810267,350.2558581955031,347.53747971838857,350.2558581955031,349.4512164003469,0.20026899983349722,0,38.88118900022164,0.06109661334514489,-0.7206083245304699,0.06109661334514489,-0.1690213969892488
104,162,off_peak,0.1,38.88118900022164,350.2558581955031,347.53747971838857,350.2558581955031,349.4512164003469,350.04186372810267,0.1884489997792116,0,0.06109661334514489,-0.7206083245304699,0.06109661334514489,-0.1690213969892488,350.04186372810267,350.2558581955031,347.53747971838857,350.2558581955031,349.4512164003469,0.1884489997792116,0,38.88118900022164,0.06109661334514489,-0.7206083245304699,0.06109661334514489,-0.1690213969892488
104,162,off_peak,0.15,38.88118900022164,350.2558581955031,347.53747971838857,350.2558581955031,349.4512164003469,350.04186372810267,0.18748200000118231,0,0.06109661334514489,-0.7206083245304699,0.06109661334514489,-0.1690213969892488,350.04186372810267,350.2558581955031,347.53747971838857,350.2558581955031,349.4512164003469,0.18748200000118231,0,38.88118900022164,0.06109661334514489,-0.7206083245304699,0.06109661334514489,-0.1690213969892488
104,162,off_peak,0.2,38.88118900022164,350.2558581955031,347.53747971838857,350.2558581955031,349.4512164003469,350.04186372810267,0.189214999863907,0,0.06109661334514489,-0.7206083245304699,0.06109661334514489,-0.1690213969892488,350.04186372810267,350.2558581955031,347.53747971838857,350.2558581955031,349.4512164003469,0.189214999863907,0,38.88118900022164,0.06109661334514489,-0.7206083245304699,0.06109661334514489,-0.1690213969892488
86,168,off_peak,0.05,39.388588999827334,351.7653291378279,351.7653291378279,351.7653291378279,351.7653291378279,351.7653291378279,0.12842500018450664,0,0.0,0.0,0.0,0.0,351.7653291378279,351.7653291378279,351.7653291378279,351.7653291378279,351.7653291378279,0.12842500018450664,0,39.388588999827334,0.0,0.0,0.0,0.0
86,168,off_peak,0.1,39.388588999827334,351.7653291378279,351.7653291378279,351.7653291378279,351.7653291378279,351.7653291378279,0.14550600008078618,0,0.0,0.0,0.0,0.0,351.7653291378279,351.7653291378279,351.7653291378279,351.7653291378279,351.7653291378279,0.14550600008078618,0,39.388588999827334,0.0,0.0,0.0,0.0
86,168,off_peak,0.15,39.388588999827334,351.7653291378279,351.7653291378279,351.7653291378279,351.7653291378279,351.7653291378279,0.13101100012136158,0,0.0,0.0,0.0,0.0,351.7653291378279,351.7653291378279,351.7653291378279,351.7653291378279,351.7653291378279,0.13101100012136158,0,39.388588999827334,0.0,0.0,0.0,0.0
86,168,off_peak,0.2,39.388588999827334,351.7653291378279,351.7653291378279,351.7653291378279,351.7653291378279,351.7653291378279,0.1298910001423792,0,0.0,0.0,0.0,0.0,351.7653291378279,351.7653291378279,351.7653291378279,351.7653291378279,351.7653291378279,0.1298910001423792,0,39.388588999827334,0.0,0.0,0.0,0.0
66,34,off_peak,0.05,39.05971700032751,431.80011811402824,431.80011811402824,431.80011811402824,431.80011811402824,431.80011811402824,0.17986200009545428,0,0.0,0.0,0.0,0.0,431.80011811402824,431.80011811402824,431.80011811402824,431.80011811402824,431.80011811402824,0.17986200009545428,0,39.05971700032751,0.0,0.0,0.0,0.0
66,34,off_peak,0.1,39.05971700032751,431.80011811402824,431.80011811402824,431.80011811402824,431.80011811402824,431.80011811402824,0.17505599998912658,0,0.0,0.0,0.0,0.0,431.80011811402824,431.80011811402824,431.80011811402824,431.80011811402824,431.80011811402824,0.17505599998912658,0,39.05971700032751,0.0,0.0,0.0,0.0
66,34,off_peak,0.15,39.05971700032751,431.80011811402824,431.80011811402824,431.80011811402824,431.80011811402824,431.80011811402824,0.20110700006625848,0,0.0,0.0,0.0,0.0,431.80011811402824,431.80011811402824,431.80011811402824,431.80011811402824,431.80011811402824,0.20110700006625848,0,39.05971700032751,0.0,0.0,0.0,0.0
66,34,off_peak,0.2,39.05971700032751,431.80011811402824,431.80011811402824,431.80011811402824,431.80011811402824,431.80011811402824,0.1926859999912267,0,0.0,0.0,0.0,0.0,431.80011811402824,431.80011811402824,431.80011811402824,431.80011811402824,431.80011811402824,0.1926859999912267,0,39.05971700032751,0.0,0.0,0.0,0.0
148,33,off_peak,0.05,37.94961600033275,383.6937740704141,383.6937740704141,383.6937740704141,383.6937740704141,383.6937740704141,0.16348499957530294,0,0.0,0.0,0.0,0.0,383.6937740704141,383.6937740704141,383.6937740704141,383.6937740704141,383.6937740704141,0.16348499957530294,0,37.94961600033275,0.0,0.0,0.0,0.0
148,33,off_peak,0.1,37.94961600033275,383.6937740704141,383.6937740704141,383.6937740704141,383.6937740704141,383.6937740704141,0.15854999992370722,0,0.0,0.0,0.0,0.0,383.6937740704141,383.6937740704141,383.6937740704141,383.6937740704141,383.6937740704141,0.15854999992370722,0,37.94961600033275,0.0,0.0,0.0,0.0
148,33,off_peak,0.15,37.94961600033275,383.6937740704141,383.6937740704141,383.6937740704141,383.6937740704141,383.6937740704141,0.15824499996597297,0,0.0,0.0,0.0,0.0,383.6937740704141,383.6937740704141,383.6937740704141,383.6937740704141,383.6937740704141,0.15824499996597297,0,37.94961600033275,0.0,0.0,0.0,0.0
148,33,off_peak,0.2,37.94961600033275,383.6937740704141,383.6937740704141,383.6937740704141,383.6937740704141,383.6937740704141,0.16146300004038494,0,0.0,0.0,0.0,0.0,383.6937740704141,383.6937740704141,383.6937740704141,383.6937740704141,383.6937740704141,0.16146300004038494,0,37.94961600033275,0.0,0.0,0.0,0.0
34,78,off_peak,0.05,38.6703550002494,477.58055650162515,479.2414712316661,477.58055650162515,477.58055650162515,479.2414712316661,0.2197009998781141,0,-0.34777687395974993,0.0,-0.34777687395974993,-0.34777687395974993,479.2414712316661,477.58055650162515,479.2414712316661,477.58055650162515,477.58055650162515,0.2197009998781141,0,38.6703550002494,-0.34777687395974993,0.0,-0.34777687395974993,-0.34777687395974993
34,78,off_peak,0.1,38.6703550002494,477.58055650162515,479.2414712316661,477.58055650162515,477.58055650162515,479.2414712316661,0.20778099997187383,0,-0.34777687395974993,0.0,-0.34777687395974993,-0.34777687395974993,479.2414712316661,477.58055650162515,479.2414712316661,477.58055650162515,477.58055650162515,0.20778099997187383,0,38.6703550002494,-0.34777687395974993,0.0,-0.34777687395974993,-0.34777687395974993
34,78,off_peak,0.15,38.6703550002494,477.58055650162515,479.2414712316661,477.58055650162515,477.58055650162515,479.2414712316661,0.20949600002495572,0,-0.34777687395974993,0.0,-0.34777687395974993,-0.34777687395974993,479.2414712316661,477.58055650162515,479.2414712316661,477.58055650162515,477.58055650162515,0.20949600002495572,0,38.6703550002494,-0.34777687395974993,0.0,-0.34777687395974993,-0.34777687395974993
34,78,off_peak,0.2,38.6703550002494,477.58055650162515,479.2414712316661,477.58055650162515,477.58055650162515,479.2414712316661,0.20917899973937892,0,-0.34777687395974993,0.0,-0.34777687395974993,-0.34777687395974993,479.2414712316661,477.58055650162515,479.2414712316661,477.58055650162515,477.58055650162515,0.20917899973937892,0,38.6703550002494,-0.34777687395974993,0.0,-0.34777687395974993,-0.34777687395974993
125,74,off_peak,0.05,38.54239199972653,351.8925976254397,351.9440407292786,351.8925976254397,351.8925976254397,351.8925976254397,0.5365440001696697,0,0.0,0.014616841851418925,0.0,0.0,351.8925976254397,351.8925976254397,351.9440407292786,351.8925976254397,351.8925976254397,0.5365440001696697,0,38.54239199972653,0.0,0.014616841851418925,0.0,0.0
125,74,off_peak,0.1,38.54239199972653,351.8925976254397,351.9440407292786,351.8925976254397,351.8925976254397,351.8925976254397,0.5453500002658984,0,0.0,0.014616841851418925,0.0,0.0,351.8925976254397,351.8925976254397,351.9440407292786,351.8925976254397,351.8925976254397,0.5453500002658984,0,38.54239199972653,0.0,0.014616841851418925,0.0,0.0
125,74,off_peak,0.15,38.54239199972653,351.8925976254397,351.9440407292786,351.8925976254397,351.8925976254397,351.8925976254397,0.5334669999683683,0,0.0,0.014616841851418925,0.0,0.0,351.8925976254397,351.8925976254397,351.9440407292786,351.8925976254397,351.8925976254397,0.5334669999683683,0,38.54239199972653,0.0,0.014616841851418925,0.0,0.0
125,74,off_peak,0.2,38.54239199972653,351.8925976254397,351.9440407292786,351.8925976254397,351.8925976254397,351.8925976254397,0.5179930003578193,0,0.0,0.014616841851418925,0.0,0.0,351.8925976254397,351.8925976254397,351.9440407292786,351.8925976254397,351.8925976254397,0.5179930003578193,0,38.54239199972653,0.0,0.014616841851418925,0.0,0.0
198,18,off_peak,0.05,38.92915799997354,405.7250778700602,405.85256021214065,405.7250778700602,405.35281199516925,405.35281199516925,0.38066199977038195,0,0.09175323271739703,0.123135410729004,0.09175323271739703,0.0,405.35281199516925,405.7250778700602,405.85256021214065,405.7250778700602,405.35281199516925,0.38066199977038195,0,38.92915799997354,0.09175323271739703,0.123135410729004,0.09175323271739703,0.0
198,18,off_peak,0.1,38.92915799997354,405.7250778700602,405.85256021214065,405.7250778700602,405.35281199516925,405.35281199516925,0.38191200019355165,0,0.09175323271739703,0.123135410729004,0.09175323271739703,0.0,405.35281199516925,405.7250778700602,405.85256021214065,405.7250778700602,405.35281199516925,0.38191200019355165,0,38.92915799997354,0.09175323271739703,0.123135410729004,0.09175323271739703,0.0
198,18,off_peak,0.15,38.92915799997354,405.7250778700602,405.85256021214065,405.7250778700602,405.35281199516925,405.35281199516925,0.40542900023865514,0,0.09175323271739703,0.123135410729004,0.09175323271739703,0.0,405.35281199516925,405.7250778700602,405.85256021214065,405.7250778700602,405.35281199516925,0.40542900023865514,0,38.92915799997354,0.09175323271739703,0.123135410729004,0.09175323271739703,0.0
198,18,off_peak,0.2,38.92915799997354,405.7250778700602,405.85256021214065,405.7250778700602,405.35281199516925,405.35281199516925,0.39239099987753434,0,0.09175323271739703,0.123135410729004,0.09175323271739703,0.0,405.35281199516925,405.7250778700602,405.85256021214065,405.7250778700602,405.35281199516925,0.39239099987753434,0,38.92915799997354,0.09175323271739703,0.123135410729004,0.09175323271739703,0.0
158,200,off_peak,0.05,39.6198460002779,512.4481497392892,512.4481497392892,512.4481497392892,512.4481497392892,512.4481497392892,0.17665400037003565,0,0.0,0.0,0.0,0.0,512.4481497392892,512.4481497392892,512.4481497392892,512.4481497392892,512.4481497392892,0.17665400037003565,0,39.6198460002779,0.0,0.0,0.0,0.0
158,200,off_peak,0.1,39.6198460002779,512.4481497392892,512.4481497392892,512.4481497392892,512.4481497392892,512.4481497392892,0.16164799990292522,0,0.0,0.0,0.0,0.0,512.4481497392892,512.4481497392892,512.4481497392892,512.4481497392892,512.4481497392892,0.16164799990292522,0,39.6198460002779,0.0,0.0,0.0,0.0
158,200,off_peak,0.15,39.6198460002779,512.4481497392892,512.4481497392892,512.4481497392892,512.4481497392892,512.4481497392892,0.16262899998764624,0,0.0,0.0,0.0,0.0,512.4481497392892,512.4481497392892,512.4481497392892,512.4481497392892,512.4481497392892,0.16262899998764624,0,39.6198460002779,0.0,0.0,0.0,0.0
158,200,off_peak,0.2,39.6198460002779,512.4481497392892,512.4481497392892,512.4481497392892,512.4481497392892,512.4481497392892,0.1634800000829273,0,0.0,0.0,0.0,0.0,512.4481497392892,512.4481497392892,512.4481497392892,512.4481497392892,512.4481497392892,0.1634800000829273,0,39.6198460002779,0.0,0.0,0.0,0.0
54,148,off_peak,0.05,39.367401999697904,353.8322770256405,353.8322770256405,353.8322770256405,353.8322770256405,353.8322770256405,0.1610459999028535,0,0.0,0.0,0.0,0.0,353.8322770256405,353.8322770256405,353.8322770256405,353.8322770256405,353.8322770256405,0.1610459999028535,0,39.367401999697904,0.0,0.0,0.0,0.0
54,148,off_peak,0.1,39.367401999697904,353.8322770256405,353.8322770256405,353.8322770256405,353.8322770256405,353.8322770256405,0.15337800004999735,0,0.0,0.0,0.0,0.0,353.8322770256405,353.8322770256405,353.8322770256405,353.8322770256405,353.8322770256405,0.15337800004999735,0,39.367401999697904,0.0,0.0,0.0,0.0
54,148,off_peak,0.15,39.367401999697904,353.8322770256405,353.8322770256405,353.8322770256405,353.8322770256405,353.8322770256405,0.14911400012351805,0,0.0,0.0,0.0,0.0,353.8322770256405,353.8322770256405,353.8322770256405,353.8322770256405,353.8322770256405,0.14911400012351805,0,39.367401999697904,0.0,0.0,0.0,0.0
54,148,off_peak,0.2,39.367401999697904,353.8322770256405,353.8322770256405,353.8322770256405,353.8322770256405,353.8322770256405,0.15086100029293448,0,0.0,0.0,0.0,0.0,353.8322770256405,353.8322770256405,353.8322770256405,353.8322770256405,353.8322770256405,0.15086100029293448,0,39.367401999697904,0.0,0.0,0.0,0.0
92,186,off_peak,0.05,38.20495799982382,616.2403414587793,616.2403414587793,616.2403414587793,616.2403414587793,616.2403414587793,0.21095500005685608,0,0.0,0.0,0.0,0.0,616.2403414587793,616.2403414587793,616.2403414587793,616.2403414587793,616.2403414587793,0.21095500005685608,0,38.20495799982382,0.0,0.0,0.0,0.0
92,186,off_peak,0.1,38.20495799982382,616.2403414587793,616.2403414587793,616.2403414587793,616.2403414587793,616.2403414587793,0.23264800029210164,0,0.0,0.0,0.0,0.0,616.2403414587793,616.2403414587793,616.2403414587793,616.2403414587793,616.2403414587793,0.23264800029210164,0,38.20495799982382,0.0,0.0,0.0,0.0
92,186,off_peak,0.15,38.20495799982382,616.2403414587793,616.2403414587793,616.2403414587793,616.2403414587793,616.2403414587793,0.21899400007896475,0,0.0,0.0,0.0,0.0,616.2403414587793,616.2403414587793,616.2403414587793,616.2403414587793,616.2403414587793,0.21899400007896475,0,38.20495799982382,0.0,0.0,0.0,0.0
92,186,off_peak,0.2,38.20495799982382,616.2403414587793,616.2403414587793,616.2403414587793,616.2403414587793,616.2403414587793,0.2120159997502924,0,0.0,0.0,0.0,0.0,616.2403414587793,616.2403414587793,616.2403414587793,616.2403414587793,616.2403414587793,0.2120159997502924,0,38.20495799982382,0.0,0.0,0.0,0.0
130,17,off_peak,0.05,37.96230999978434,311.52801300724536,332.2060731765693,311.52801300724536,311.52801300724536,311.52801300724536,0.19986799998150673,0,0.0,6.224467834558052,0.0,0.0,311.52801300724536,311.52801300724536,332.2060731765693,311.52801300724536,311.52801300724536,0.19986799998150673,0,37.96230999978434,0.0,6.224467834558052,0.0,0.0
130,17,off_peak,0.1,37.96230999978434,311.52801300724536,332.2060731765693,311.52801300724536,311.52801300724536,311.52801300724536,0.20089600002393126,0,0.0,6.224467834558052,0.0,0.0,311.52801300724536,311.52801300724536,332.2060731765693,311.52801300724536,311.52801300724536,0.20089600002393126,0,37.96230999978434,0.0,6.224467834558052,0.0,0.0
130,17,off_peak,0.15,37.96230999978434,311.52801300724536,332.2060731765693,311.52801300724536,311.52801300724536,311.52801300724536,0.20174600012978772,0,0.0,6.224467834558052,0.0,0.0,311.52801300724536,311.52801300724536,332.2060731765693,311.52801300724536,311.52801300724536,0.20174600012978772,0,37.96230999978434,0.0,6.224467834558052,0.0,0.0
130,17,off_peak,0.2,37.96230999978434,311.52801300724536,332.2060731765693,311.52801300724536,311.52801300724536,311.52801300724536,0.2014459996644291,0,0.0,6.224467834558052,0.0,0.0,311.52801300724536,311.52801300724536,332.2060731765693,311.52801300724536,311.52801300724536,0.2014459996644291,0,37.96230999978434,0.0,6.224467834558052,0.0,0.0
162,8,off_peak,0.05,42.415448000156175,379.462759866623,379.462759866623,379.462759866623,379.462759866623,379.462759866623,0.24550199987061205,0,0.0,0.0,0.0,0.0,379.462759866623,379.462759866623,379.462759866623,379.462759866623,379.462759866623,0.24550199987061205,0,42.415448000156175,0.0,0.0,0.0,0.0
162,8,off_peak,0.1,42.415448000156175,379.462759866623,379.462759866623,379.462759866623,379.462759866623,379.462759866623,0.2361809997637465,0,0.0,0.0,0.0,0.0,379.462759866623,379.462759866623,379.462759866623,379.462759866623,379.462759866623,0.2361809997637465,0,42.415448000156175,0.0,0.0,0.0,0.0
162,8,off_peak,0.15,42.415448000156175,379.462759866623,379.462759866623,379.462759866623,379.462759866623,379.462759866623,0.22831899968878133,0,0.0,0.0,0.0,0.0,379.462759866623,379.462759866623,379.462759866623,379.462759866623,379.462759866623,0.22831899968878133,0,42.415448000156175,0.0,0.0,0.0,0.0
162,8,off_peak,0.2,42.415448000156175,379.462759866623,379.462759866623,379.462759866623,379.462759866623,379.462759866623,0.2224659997409617,0,0.0,0.0,0.0,0.0,379.462759866623,379.462759866623,379.462759866623,379.462759866623,379.462759866623,0.2224659997409617,0,42.415448000156175,0.0,0.0,0.0,0.0
140,21,off_peak,0.05,38.9317949998258,304.397633984329,303.1302030088277,304.397633984329,303.1302030088277,303.1302030088277,0.11449600015112082,0,0.41637346483662874,0.0,0.41637346483662874,0.0,303.1302030088277,304.397633984329,303.1302030088277,304.397633984329,303.1302030088277,0.11449600015112082,0,38.9317949998258,0.41637346483662874,0.0,0.41637346483662874,0.0
140,21,off_peak,0.1,38.9317949998258,304.397633984329,303.1302030088277,304.397633984329,303.1302030088277,303.1302030088277,0.11517699977048323,0,0.41637346483662874,0.0,0.41637346483662874,0.0,303.1302030088277,304.397633984329,303.1302030088277,304.397633984329,303.1302030088277,0.11517699977048323,0,38.9317949998258,0.41637346483662874,0.0,0.41637346483662874,0.0
140,21,off_peak,0.15,38.9317949998258,304.397633984329,303.1302030088277,304.397633984329,303.1302030088277,303.1302030088277,0.13978500010125572,0,0.41637346483662874,0.0,0.41637346483662874,0.0,303.1302030088277,304.397633984329,303.1302030088277,304.397633984329,303.1302030088277,0.13978500010125572,0,38.9317949998258,0.41637346483662874,0.0,0.41637346483662874,0.0
140,21,off_peak,0.2,38.9317949998258,304.397633984329,303.1302030088277,304.397633984329,303.1302030088277,303.1302030088277,0.13926000019637286,0,0.41637346483662874,0.0,0.41637346483662874,0.0,303.1302030088277,304.397633984329,303.1302030088277,304.397633984329,303.1302030088277,0.13926000019637286,0,38.9317949998258,0.41637346483662874,0.0,0.41637346483662874,0.0
164,35,off_peak,0.05,38.624703000095906,407.8617768907973,407.8617768907973,407.8617768907973,407.8617768907973,407.8617768907973,0.18150999994759331,0,0.0,0.0,0.0,0.0,407.8617768907973,407.8617768907973,407.8617768907973,407.8617768907973,407.8617768907973,0.18150999994759331,0,38.624703000095906,0.0,0.0,0.0,0.0
164,35,off_peak,0.1,38.624703000095906,407.8617768907973,407.8617768907973,407.8617768907973,407.8617768907973,407.8617768907973,0.17147900007330463,0,0.0,0.0,0.0,0.0,407.8617768907973,407.8617768907973,407.8617768907973,407.8617768907973,407.8617768907973,0.17147900007330463,0,38.624703000095906,0.0,0.0,0.0,0.0
164,35,off_peak,0.15,38.624703000095906,407.8617768907973,407.8617768907973,407.8617768907973,407.8617768907973,407.8617768907973,0.1727849999042519,0,0.0,0.0,0.0,0.0,407.8617768907973,407.8617768907973,407.8617768907973,407.8617768907973,407.8617768907973,0.1727849999042519,0,38.624703000095906,0.0,0.0,0.0,0.0
164,35,off_peak,0.2,38.624703000095906,407.8617768907973,407.8617768907973,407.8617768907973,407.8617768907973,407.8617768907973,0.17219399978785077,0,0.0,0.0,0.0,0.0,407.8617768907973,407.8617768907973,407.8617768907973,407.8617768907973,407.8617768907973,0.17219399978785077,0,38.624703000095906,0.0,0.0,0.0,0.0
92,71,off_peak,0.05,39.35034400001314,469.91897487475256,469.91897487475256,469.91897487475256,469.91897487475256,469.91897487475256,0.18420700007482083,0,0.0,0.0,0.0,0.0,469.91897487475256,469.91897487475256,469.91897487475256,469.91897487475256,469.91897487475256,0.18420700007482083,0,39.35034400001314,0.0,0.0,0.0,0.0
92,71,off_peak,0.1,39.35034400001314,469.91897487475256,469.91897487475256,469.91897487475256,469.91897487475256,469.91897487475256,0.17442200032746769,0,0.0,0.0,0.0,0.0,469.91897487475256,469.91897487475256,469.91897487475256,469.91897487475256,469.91897487475256,0.17442200032746769,0,39.35034400001314,0.0,0.0,0.0,0.0
92,71,off_peak,0.15,39.35034400001314,469.91897487475256,469.91897487475256,469.91897487475256,469.91897487475256,469.91897487475256,0.16721400015740073,0,0.0,0.0,0.0,0.0,469.91897487475256,469.91897487475256,469.91897487475256,469.91897487475256,469.91897487475256,0.16721400015740073,0,39.35034400001314,0.0,0.0,0.0,0.0
92,71,off_peak,0.2,39.35034400001314,469.91897487475256,469.91897487475256,469.91897487475256,469.91897487475256,469.91897487475256,0.16106700013551745,0,0.0,0.0,0.0,0.0,469.91897487475256,469.91897487475256,469.91897487475256,469.91897487475256,469.91897487475256,0.16106700013551745,0,39.35034400001314,0.0,0.0,0.0,0.0
75,171,off_peak,0.05,38.19022300012875,277.80465563391823,278.0347071147842,277.80465563391823,277.80465563391823,277.80465563391823,0.13431999968815944,0,0.0,0.08274200126066301,0.0,0.0,277.80465563391823,277.80465563391823,278.0347071147842,277.80465563391823,277.80465563391823,0.13431999968815944,0,38.19022300012875,0.0,0.08274200126066301,0.0,0.0
75,171,off_peak,0.1,38.19022300012875,277.80465563391823,278.0347071147842,277.80465563391823,277.80465563391823,277.80465563391823,0.1360880000902398,0,0.0,0.08274200126066301,0.0,0.0,277.80465563391823,277.80465563391823,278.0347071147842,277.80465563391823,277.80465563391823,0.1360880000902398,0,38.19022300012875,0.0,0.08274200126066301,0.0,0.0
75,171,off_peak,0.15,38.19022300012875,277.80465563391823,278.0347071147842,277.80465563391823,277.80465563391823,277.80465563391823,0.14031199998498778,0,0.0,0.08274200126066301,0.0,0.0,277.80465563391823,277.80465563391823,278.0347071147842,277.80465563391823,277.80465563391823,0.14031199998498778,0,38.19022300012875,0.0,0.08274200126066301,0.0,0.0
75,171,off_peak,0.2,38.19022300012875,277.80465563391823,278.0347071147842,277.80465563391823,277.80465563391823,277.80465563391823,0.16093099975478253,0,0.0,0.08274200126066301,0.0,0.0,277.80465563391823,277.80465563391823,278.0347071147842,277.80465563391823,277.80465563391823,0.16093099975478253,0,38.19022300012875,0.0,0.08274200126066301,0.0,0.0
2,185,off_peak,0.05,38.602170999638474,453.0330762715086,453.9227669508055,453.0330762715086,452.73439766957745,452.73439766957745,0.23060900002747076,0,0.06592865236006655,0.2617998848594554,0.06592865236006655,0.0,452.73439766957745,453.0330762715086,453.9227669508055,453.0330762715086,452.73439766957745,0.23060900002747076,0,38.602170999638474,0.06592865236006655,0.2617998848594554,0.06592865236006655,0.0
2,185,off_peak,0.1,38.602170999638474,453.0330762715086,453.9227669508055,453.0330762715086,452.73439766957745,452.73439766957745,0.2198500001213688,0,0.06592865236006655,0.2617998848594554,0.06592865236006655,0.0,452.73439766957745,453.0330762715086,453.9227669508055,453.0330762715086,452.73439766957745,0.2198500001213688,0,38.602170999638474,0.06592865236006655,0.2617998848594554,0.06592865236006655,0.0
2,185,off_peak,0.15,38.602170999638474,453.0330762715086,453.9227669508055,453.0330762715086,452.73439766957745,452.73439766957745,0.21686600030079717,0,0.06592865236006655,0.2617998848594554,0.06592865236006655,0.0,452.73439766957745,453.0330762715086,453.9227669508055,453.0330762715086,452.73439766957745,0.21686600030079717,0,38.602170999638474,0.06592865236006655,0.2617998848594554,0.06592865236006655,0.0
2,185,off_peak,0.2,38.602170999638474,453.0330762715086,453.9227669508055,453.0330762715086,452.73439766957745,452.73439766957745,0.21699199987779139,0,0.06592865236006655,0.2617998848594554,0.06592865236006655,0.0,452.73439766957745,453.0330762715086,453.9227669508055,453.0330762715086,452.73439766957745,0.21699199987779139,0,38.602170999638474,0.06592865236006655,0.2617998848594554,0.06592865236006655,0.0
50,136,off_peak,0.05,38.73949500029994,457.2255298615558,450.78269832965975,457.2255298615558,450.78269832965975,450.78269832965975,0.46418200008702115,0,1.4091145640635783,0.0,1.4091145640635783,0.0,450.78269832965975,457.2255298615558,450.78269832965975,457.2255298615558,450.78269832965975,0.46418200008702115,0,38.73949500029994,1.4091145640635783,0.0,1.4091145640635783,0.0
50,136,off_peak,0.1,38.73949500029994,457.2255298615558,450.78269832965975,457.2255298615558,450.78269832965975,450.78269832965975,0.4768919998241472,0,1.4091145640635783,0.0,1.4091145640635783,0.0,450.78269832965975,457.2255298615558,450.78269832965975,457.2255298615558,450.78269832965975,0.4768919998241472,0,38.73949500029994,1.4091145640635783,0.0,1.4091145640635783,0.0
50,136,off_peak,0.15,38.73949500029994,457.2255298615558,450.78269832965975,457.2255298615558,450.78269832965975,450.78269832965975,0.45700700002271333,0,1.4091145640635783,0.0,1.4091145640635783,0.0,450.78269832965975,457.2255298615558,450.78269832965975,457.2255298615558,450.78269832965975,0.45700700002271333,0,38.73949500029994,1.4091145640635783,0.0,1.4091145640635783,0.0
50,136,off_peak,0.2,38.73949500029994,457.2255298615558,450.78269832965975,457.2255298615558,450.78269832965975,450.78269832965975,0.44990600008532056,0,1.4091145640635783,0.0,1.4091145640635783,0.0,450.78269832965975,457.2255298615558,450.78269832965975,457.2255298615558,450.78269832965975,0.44990600008532056,0,38.73949500029994,1.4091145640635783,0.0,1.4091145640635783,0.0
127,189,off_peak,0.05,38.69262499983961,404.05929555144303,403.72939011177925,404.05929555144303,403.39562334203055,403.39562334203055,0.37046600027679233,0,0.16425119202040145,0.08267091223066456,0.16425119202040145,0.0,403.39562334203055,404.05929555144303,403.72939011177925,404.05929555144303,403.39562334203055,0.37046600027679233,0,38.69262499983961,0.16425119202040145,0.08267091223066456,0.16425119202040145,0.0
127,189,off_peak,0.1,38.69262499983961,404.05929555144303,403.72939011177925,404.05929555144303,403.39562334203055,403.39562334203055,0.36710299991682405,0,0.16425119202040145,0.08267091223066456,0.16425119202040145,0.0,403.39562334203055,404.05929555144303,403.72939011177925,404.05929555144303,403.39562334203055,0.36710299991682405,0,38.69262499983961,0.16425119202040145,0.08267091223066456,0.16425119202040145,0.0
127,189,off_peak,0.15,38.69262499983961,404.05929555144303,403.72939011177925,404.05929555144303,403.39562334203055,403.39562334203055,0.40795700033413596,0,0.16425119202040145,0.08267091223066456,0.16425119202040145,0.0,403.39562334203055,404.05929555144303,403.72939011177925,404.05929555144303,403.39562334203055,0.40795700033413596,0,38.69262499983961,0.16425119202040145,0.08267091223066456,0.16425119202040145,0.0
127,189,off_peak,0.2,38.69262499983961,404.05929555144303,403.72939011177925,404.05929555144303,403.39562334203055,403.39562334203055,0.38771800018366775,0,0.16425119202040145,0.08267091223066456,0.16425119202040145,0.0,403.39562334203055,404.05929555144303,403.72939011177925,404.05929555144303,403.39562334203055,0.38771800018366775,0,38.69262499983961,0.16425119202040145,0.08267091223066456,0.16425119202040145,0.0
128,106,off_peak,0.05,39.40734399975554,346.9663460730082,336.86760679982785,346.9663460730082,345.57253084609755,345.57253084609755,0.5222869999670365,0,0.40171481836378503,-2.5840786916155762,0.40171481836378503,0.0,345.57253084609755,346.9663460730082,336.86760679982785,346.9663460730082,345.57253084609755,0.5222869999670365,0,39.40734399975554,0.40171481836378503,-2.5840786916155762,0.40171481836378503,0.0
128,106,off_peak,0.1,39.40734399975554,346.9663460730082,336.86760679982785,346.9663460730082,345.57253084609755,345.57253084609755,0.5226910002420482,0,0.40171481836378503,-2.5840786916155762,0.40171481836378503,0.0,345.57253084609755,346.9663460730082,336.86760679982785,346.9663460730082,345.57253084609755,0.5226910002420482,0,39.40734399975554,0.40171481836378503,-2.5840786916155762,0.40171481836378503,0.0
128,106,off_peak,0.15,39.40734399975554,346.9663460730082,336.86760679982785,346.9663460730082,345.57253084609755,345.57253084609755,0.522409999575757,0,0.40171481836378503,-2.5840786916155762,0.40171481836378503,0.0,345.57253084609755,346.9663460730082,336.86760679982785,346.9663460730082,345.57253084609755,0.522409999575757,0,39.40734399975554,0.40171481836378503,-2.5840786916155762,0.40171481836378503,0.0
128,106,off_peak,0.2,39.40734399975554,346.9663460730082,336.86760679982785,346.9663460730082,345.57253084609755,345.57253084609755,0.5146109997440362,0,0.40171481836378503,-2.5840786916155762,0.40171481836378503,0.0,345.57253084609755,346.9663460730082,336.86760679982785,346.9663460730082,345.57253084609755,0.5146109997440362,0,39.40734399975554,0.40171481836378503,-2.5840786916155762,0.40171481836378503,0.0
37,34,off_peak,0.05,39.00371999998242,340.1432404970965,340.1432404970965,340.1432404970965,340.1432404970965,340.1432404970965,0.1823149996198481,0,0.0,0.0,0.0,0.0,340.1432404970965,340.1432404970965,340.1432404970965,340.1432404970965,340.1432404970965,0.1823149996198481,0,39.00371999998242,0.0,0.0,0.0,0.0
37,34,off_peak,0.1,39.00371999998242,340.1432404970965,340.1432404970965,340.1432404970965,340.1432404970965,340.1432404970965,0.17736900008458178,0,0.0,0.0,0.0,0.0,340.1432404970965,340.1432404970965,340.1432404970965,340.1432404970965,340.1432404970965,0.17736900008458178,0,39.00371999998242,0.0,0.0,0.0,0.0
37,34,off_peak,0.15,39.00371999998242,340.1432404970965,340.1432404970965,340.1432404970965,340.1432404970965,340.1432404970965,0.1681749999988824,0,0.0,0.0,0.0,0.0,340.1432404970965,340.1432404970965,340.1432404970965,340.1432404970965,340.1432404970965,0.1681749999988824,0,39.00371999998242,0.0,0.0,0.0,0.0
37,34,off_peak,0.2,39.00371999998242,340.1432404970965,340.1432404970965,340.1432404970965,340.1432404970965,340.1432404970965,0.16785699972388102,0,0.0,0.0,0.0,0.0,340.1432404970965,340.1432404970965,340.1432404970965,340.1432404970965,340.1432404970965,0.16785699972388102,0,39.00371999998242,0.0,0.0,0.0,0.0
200,205,off_peak,0.05,38.56753100035348,408.5833818902328,408.5833818902328,408.5833818902328,408.5833818902328,408.5833818902328,0.16572200001974124,0,0.0,0.0,0.0,0.0,408.5833818902328,408.5833818902328,408.5833818902328,408.5833818902328,408.5833818902328,0.16572200001974124,0,38.56753100035348,0.0,0.0,0.0,0.0
200,205,off_peak,0.1,38.56753100035348,408.5833818902328,408.5833818902328,408.5833818902328,408.5833818902328,408.5833818902328,0.1843919999373611,0,0.0,0.0,0.0,0.0,408.5833818902328,408.5833818902328,408.5833818902328,408.5833818902328,408.5833818902328,0.1843919999373611,0,38.56753100035348,0.0,0.0,0.0,0.0
200,205,off_peak,0.15,38.56753100035348,408.5833818902328,408.5833818902328,408.5833818902328,408.5833818902328,408.5833818902328,0.18097100019076606,0,0.0,0.0,0.0,0.0,408.5833818902328,408.5833818902328,408.5833818902328,408.5833818902328,408.5833818902328,0.18097100019076606,0,38.56753100035348,0.0,0.0,0.0,0.0
200,205,off_peak,0.2,38.56753100035348,408.5833818902328,408.5833818902328,408.5833818902328,408.5833818902328,408.5833818902328,0.17273699995712377,0,0.0,0.0,0.0,0.0,408.5833818902328,408.5833818902328,408.5833818902328,408.5833818902328,408.5833818902328,0.17273699995712377,0,38.56753100035348,0.0,0.0,0.0,0.0
31,184,off_peak,0.05,39.20547100005933,444.3303265526054,440.77401271580186,444.3303265526054,442.7516452881766,444.1843188193587,2.1611980000670883,0,0.03286017733238097,-0.7737085230012608,0.03286017733238097,-0.32358401068156634,444.1843188193587,444.3303265526054,440.77401271580186,444.3303265526054,442.7516452881766,2.1611980000670883,0,39.20547100005933,0.03286017733238097,-0.7737085230012608,0.03286017733238097,-0.32358401068156634
31,184,off_peak,0.1,39.20547100005933,444.3303265526054,440.77401271580186,444.3303265526054,442.7516452881766,444.1843188193587,2.279766999890853,0,0.03286017733238097,-0.7737085230012608,0.03286017733238097,-0.32358401068156634,444.1843188193587,444.3303265526054,440.77401271580186,444.3303265526054,442.7516452881766,2.279766999890853,0,39.20547100005933,0.03286017733238097,-0.7737085230012608,0.03286017733238097,-0.32358401068156634
31,184,off_peak,0.15,39.20547100005933,444.3303265526054,440.77401271580186,444.3303265526054,442.7516452881766,444.1843188193587,2.2231139996620186,0,0.03286017733238097,-0.7737085230012608,0.03286017733238097,-0.32358401068156634,444.1843188193587,444.3303265526054,440.77401271580186,444.3303265526054,442.7516452881766,2.2231139996620186,0,39.20547100005933,0.03286017733238097,-0.7737085230012608,0.03286017733238097,-0.32358401068156634
31,184,off_peak,0.2,39.20547100005933,444.3303265526054,440.77401271580186,444.3303265526054,442.7516452881766,444.1843188193587,2.246309000383917,0,0.03286017733238097,-0.7737085230012608,0.03286017733238097,-0.32358401068156634,444.1843188193587,444.3303265526054,440.77401271580186,444.3303265526054,442.7516452881766,2.246309000383917,0,39.20547100005933,0.03286017733238097,-0.7737085230012608,0.03286017733238097,-0.32358401068156634
18,154,off_peak,0.05,40.386330999808706,409.71959111586955,407.01844398085893,409.71959111586955,406.92738142387907,406.92738142387907,1.8141499999728694,0,0.6814928435288896,0.022373078745332346,0.6814928435288896,0.0,406.92738142387907,409.71959111586955,407.01844398085893,409.71959111586955,406.92738142387907,1.8141499999728694,0,40.386330999808706,0.6814928435288896,0.022373078745332346,0.6814928435288896,0.0
18,154,off_peak,0.1,40.386330999808706,409.71959111586955,407.01844398085893,409.71959111586955,406.92738142387907,406.92738142387907,1.8226520001007884,0,0.6814928435288896,0.022373078745332346,0.6814928435288896,0.0,406.92738142387907,409.71959111586955,407.01844398085893,409.71959111586955,406.92738142387907,1.8226520001007884,0,40.386330999808706,0.6814928435288896,0.022373078745332346,0.6814928435288896,0.0
18,154,off_peak,0.15,40.386330999808706,409.71959111586955,407.01844398085893,409.71959111586955,406.92738142387907,406.92738142387907,1.823115999741276,0,0.6814928435288896,0.022373078745332346,0.6814928435288896,0.0,406.92738142387907,409.71959111586955,407.01844398085893,409.71959111586955,406.92738142387907,1.823115999741276,0,40.386330999808706,0.6814928435288896,0.022373078745332346,0.6814928435288896,0.0
18,154,off_peak,0.2,40.386330999808706,409.71959111586955,407.01844398085893,409.71959111586955,406.92738142387907,406.92738142387907,1.8203859999630367,0,0.6814928435288896,0.022373078745332346,0.6814928435288896,0.0,406.92738142387907,409.71959111586955,407.01844398085893,409.71959111586955,406.92738142387907,1.8203859999630367,0,40.386330999808706,0.6814928435288896,0.022373078745332346,0.6814928435288896,0.0
69,136,off_peak,0.05,40.279422999901726,344.6861808070816,344.56510009969514,344.6861808070816,344.2222625266723,344.6861808070816,0.19942699964303756,0,0.0,-0.03514015416866693,0.0,-0.13477288685631003,344.6861808070816,344.6861808070816,344.56510009969514,344.6861808070816,344.2222625266723,0.19942699964303756,0,40.279422999901726,0.0,-0.03514015416866693,0.0,-0.13477288685631003
69,136,off_peak,0.1,40.279422999901726,344.6861808070816,344.56510009969514,344.6861808070816,344.2222625266723,344.6861808070816,0.1887550001811178,0,0.0,-0.03514015416866693,0.0,-0.13477288685631003,344.6861808070816,344.6861808070816,344.56510009969514,344.6861808070816,344.2222625266723,0.1887550001811178,0,40.279422999901726,0.0,-0.03514015416866693,0.0,-0.13477288685631003
69,136,off_peak,0.15,40.279422999901726,344.6861808070816,344.56510009969514,344.6861808070816,344.2222625266723,344.6861808070816,0.18310999985260423,0,0.0,-0.03514015416866693,0.0,-0.13477288685631003,344.6861808070816,344.6861808070816,344.56510009969514,344.6861808070816,344.2222625266723,0.18310999985260423,0,40.279422999901726,0.0,-0.03514015416866693,0.0,-0.13477288685631003
69,136,off_peak,0.2,40.279422999901726,344.6861808070816,344.56510009969514,344.6861808070816,344.2222625266723,344.6861808070816,0.1829980001275544,0,0.0,-0.03514015416866693,0.0,-0.13477288685631003,344.6861808070816,344.6861808070816,344.56510009969514,344.6861808070816,344.2222625266723,0.1829980001275544,0,40.279422999901726,0.0,-0.03514015416866693,0.0,-0.13477288685631003
183,19,off_peak,0.05,39.455050000015035,351.9973219084802,351.0843535015867,351.9973219084802,349.0222258933975,349.0222258933975,0.3010650002579496,0,0.845204162052192,0.5873595868406825,0.845204162052192,0.0,349.0222258933975,351.9973219084802,351.0843535015867,351.9973219084802,349.0222258933975,0.3010650002579496,0,39.455050000015035,0.845204162052192,0.5873595868406825,0.845204162052192,0.0
183,19,off_peak,0.1,39.455050000015035,351.9973219084802,351.0843535015867,351.9973219084802,349.0222258933975,349.0222258933975,0.3364630001669866,0,0.845204162052192,0.5873595868406825,0.845204162052192,0.0,349.0222258933975,351.9973219084802,351.0843535015867,351.9973219084802,349.0222258933975,0.3364630001669866,0,39.455050000015035,0.845204162052192,0.5873595868406825,0.845204162052192,0.0
183,19,off_peak,0.15,39.455050000015035,351.9973219084802,351.0843535015867,351.9973219084802,349.0222258933975,349.0222258933975,0.32963400008156896,0,0.845204162052192,0.5873595868406825,0.845204162052192,0.0,349.0222258933975,351.9973219084802,351.0843535015867,351.9973219084802,349.0222258933975,0.32963400008156896,0,39.455050000015035,0.845204162052192,0.5873595868406825,0.845204162052192,0.0
183,19,off_peak,0.2,39.455050000015035,351.9973219084802,351.0843535015867,351.9973219084802,349.0222258933975,349.0222258933975,0.30898800014256267,0,0.845204162052192,0.5873595868406825,0.845204162052192,0.0,349.0222258933975,351.9973219084802,351.0843535015867,351.9973219084802,349.0222258933975,0.30898800014256267,0,39.455050000015035,0.845204162052192,0.5873595868406825,0.845204162052192,0.0
152,154,off_peak,0.05,40.03073500007304,363.81647967859703,362.6646695986767,363.81647967859703,362.5660879147184,362.5660879147184,0.9250279999832856,0,0.3436875000778503,0.02718259930513132,0.3436875000778503,0.0,362.5660879147184,363.81647967859703,362.6646695986767,363.81647967859703,362.5660879147184,0.9250279999832856,0,40.03073500007304,0.3436875000778503,0.02718259930513132,0.3436875000778503,0.0
152,154,off_peak,0.1,40.03073500007304,363.81647967859703,362.6646695986767,363.81647967859703,362.5660879147184,362.5660879147184,0.9126599998126039,0,0.3436875000778503,0.02718259930513132,0.3436875000778503,0.0,362.5660879147184,363.81647967859703,362.6646695986767,363.81647967859703,362.5660879147184,0.9126599998126039,0,40.03073500007304,0.3436875000778503,0.02718259930513132,0.3436875000778503,0.0
152,154,off_peak,0.15,40.03073500007304,363.81647967859703,362.6646695986767,363.81647967859703,362.5660879147184,362.5660879147184,1.1491370000840107,0,0.3436875000778503,0.02718259930513132,0.3436875000778503,0.0,362.5660879147184,363.81647967859703,362.6646695986767,363.81647967859703,362.5660879147184,1.1491370000840107,0,40.03073500007304,0.3436875000778503,0.02718259930513132,0.3436875000778503,0.0
152,154,off_peak,0.2,40.03073500007304,363.81647967859703,362.6646695986767,363.81647967859703,362.5660879147184,362.5660879147184,0.9491309997429198,0,0.3436875000778503,0.02718259930513132,0.3436875000778503,0.0,362.5660879147184,363.81647967859703,362.6646695986767,363.81647967859703,362.5660879147184,0.9491309997429198,0,40.03073500007304,0.3436875000778503,0.02718259930513132,0.3436875000778503,0.0
184,31,off_peak,0.05,40.04657199993744,281.8167772700717,281.8167772700717,281.8167772700717,281.8167772700717,281.8167772700717,0.19199700000172015,0,0.0,0.0,0.0,0.0,281.8167772700717,281.8167772700717,281.8167772700717,281.8167772700717,281.8167772700717,0.19199700000172015,0,40.04657199993744,0.0,0.0,0.0,0.0
184,31,off_peak,0.1,40.04657199993744,281.8167772700717,281.8167772700717,281.8167772700717,281.8167772700717,281.8167772700717,0.17997400027525146,0,0.0,0.0,0.0,0.0,281.8167772700717,281.8167772700717,281.8167772700717,281.8167772700717,281.8167772700717,0.17997400027525146,0,40.04657199993744,0.0,0.0,0.0,0.0
184,31,off_peak,0.15,40.04657199993744,281.8167772700717,281.8167772700717,281.8167772700717,281.8167772700717,281.8167772700717,0.1727560002109385,0,0.0,0.0,0.0,0.0,281.8167772700717,281.8167772700717,281.8167772700717,281.8167772700717,281.8167772700717,0.1727560002109385,0,40.04657199993744,0.0,0.0,0.0,0.0
184,31,off_peak,0.2,40.04657199993744,281.8167772700717,281.8167772700717,281.8167772700717,281.8167772700717,281.8167772700717,0.17230299999937415,0,0.0,0.0,0.0,0.0,281.8167772700717,281.8167772700717,281.8167772700717,281.8167772700717,281.8167772700717,0.17230299999937415,0,40.04657199993744,0.0,0.0,0.0,0.0
76,124,off_peak,0.05,39.09681200002524,369.7898243213848,369.7898243213848,369.7898243213848,369.7898243213848,369.7898243213848,0.1659620002101292,0,0.0,0.0,0.0,0.0,369.7898243213848,369.7898243213848,369.7898243213848,369.7898243213848,369.7898243213848,0.1659620002101292,0,39.09681200002524,0.0,0.0,0.0,0.0
76,124,off_peak,0.1,39.09681200002524,369.7898243213848,369.7898243213848,369.7898243213848,369.7898243213848,369.7898243213848,0.19058299994867411,0,0.0,0.0,0.0,0.0,369.7898243213848,369.7898243213848,369.7898243213848,369.7898243213848,369.7898243213848,0.19058299994867411,0,39.09681200002524,0.0,0.0,0.0,0.0
76,124,off_peak,0.15,39.09681200002524,369.7898243213848,369.7898243213848,369.7898243213848,369.7898243213848,369.7898243213848,0.19187399993825238,0,0.0,0.0,0.0,0.0,369.7898243213848,369.7898243213848,369.7898243213848,369.7898243213848,369.7898243213848,0.19187399993825238,0,39.09681200002524,0.0,0.0,0.0,0.0
76,124,off_peak,0.2,39.09681200002524,369.7898243213848,369.7898243213848,369.7898243213848,369.7898243213848,369.7898243213848,0.18081999996866216,0,0.0,0.0,0.0,0.0,369.7898243213848,369.7898243213848,369.7898243213848,369.7898243213848,369.7898243213848,0.18081999996866216,0,39.09681200002524,0.0,0.0,0.0,0.0
89,29,off_peak,0.05,39.58088700028384,519.0673060296331,514.7356122312615,519.0673060296331,512.2876703567958,519.0673060296331,0.7568319997517392,0,0.0,-0.8415376157081272,0.0,-1.3234040296373677,519.0673060296331,519.0673060296331,514.7356122312615,519.0673060296331,512.2876703567958,0.7568319997517392,0,39.58088700028384,0.0,-0.8415376157081272,0.0,-1.3234040296373677
89,29,off_peak,0.1,39.58088700028384,519.0673060296331,514.7356122312615,519.0673060296331,512.2876703567958,519.0673060296331,0.783801000125095,0,0.0,-0.8415376157081272,0.0,-1.3234040296373677,519.0673060296331,519.0673060296331,514.7356122312615,519.0673060296331,512.2876703567958,0.783801000125095,0,39.58088700028384,0.0,-0.8415376157081272,0.0,-1.3234040296373677
89,29,off_peak,0.15,39.58088700028384,519.0673060296331,514.7356122312615,519.0673060296331,512.2876703567958,519.0673060296331,0.7516480000049341,0,0.0,-0.8415376157081272,0.0,-1.3234040296373677,519.0673060296331,519.0673060296331,514.7356122312615,519.0673060296331,512.2876703567958,0.7516480000049341,0,39.58088700028384,0.0,-0.8415376157081272,0.0,-1.3234040296373677
89,29,off_peak,0.2,39.58088700028384,519.0673060296331,514.7356122312615,519.0673060296331,512.2876703567958,519.0673060296331,0.786495999818726,0,0.0,-0.8415376157081272,0.0,-1.3234040296373677,519.0673060296331,519.0673060296331,514.7356122312615,519.0673060296331,512.2876703567958,0.786495999818726,0,39.58088700028384,0.0,-0.8415376157081272,0.0,-1.3234040296373677
158,120,off_peak,0.05,38.828613000077894,319.50630286239914,319.50630286239914,319.50630286239914,319.50630286239914,319.50630286239914,0.14448599995375844,0,0.0,0.0,0.0,0.0,319.50630286239914,319.50630286239914,319.50630286239914,319.50630286239914,319.50630286239914,0.14448599995375844,0,38.828613000077894,0.0,0.0,0.0,0.0
158,120,off_peak,0.1,38.828613000077894,319.50630286239914,319.50630286239914,319.50630286239914,319.50630286239914,319.50630286239914,0.13743199997406919,0,0.0,0.0,0.0,0.0,319.50630286239914,319.50630286239914,319.50630286239914,319.50630286239914,319.50630286239914,0.13743199997406919,0,38.828613000077894,0.0,0.0,0.0,0.0
158,120,off_peak,0.15,38.828613000077894,319.50630286239914,319.50630286239914,319.50630286239914,319.50630286239914,319.50630286239914,0.1315219997195527,0,0.0,0.0,0.0,0.0,319.50630286239914,319.50630286239914,319.50630286239914,319.50630286239914,319.50630286239914,0.1315219997195527,0,38.828613000077894,0.0,0.0,0.0,0.0
158,120,off_peak,0.2,38.828613000077894,319.50630286239914,319.50630286239914,319.50630286239914,319.50630286239914,319.50630286239914,0.1307539996560081,0,0.0,0.0,0.0,0.0,319.50630286239914,319.50630286239914,319.50630286239914,319.50630286239914,319.50630286239914,0.1307539996560081,0,38.828613000077894,0.0,0.0,0.0,0.0
5,148,off_peak,0.05,38.71500700006436,388.3005760828561,388.3005760828561,388.3005760828561,388.3005760828561,388.3005760828561,0.15941099991323426,0,0.0,0.0,0.0,0.0,388.3005760828561,388.3005760828561,388.3005760828561,388.3005760828561,388.3005760828561,0.15941099991323426,0,38.71500700006436,0.0,0.0,0.0,0.0
5,148,off_peak,0.1,38.71500700006436,388.3005760828561,388.3005760828561,388.3005760828561,388.3005760828561,388.3005760828561,0.15598399977534427,0,0.0,0.0,0.0,0.0,388.3005760828561,388.3005760828561,388.3005760828561,388.3005760828561,388.3005760828561,0.15598399977534427,0,38.71500700006436,0.0,0.0,0.0,0.0
5,148,off_peak,0.15,38.71500700006436,388.3005760828561,388.3005760828561,388.3005760828561,388.3005760828561,388.3005760828561,0.1764809999258432,0,0.0,0.0,0.0,0.0,388.3005760828561,388.3005760828561,388.3005760828561,388.3005760828561,388.3005760828561,0.1764809999258432,0,38.71500700006436,0.0,0.0,0.0,0.0
5,148,off_peak,0.2,38.71500700006436,388.3005760828561,388.3005760828561,388.3005760828561,388.3005760828561,388.3005760828561,0.16725400018913206,0,0.0,0.0,0.0,0.0,388.3005760828561,388.3005760828561,388.3005760828561,388.3005760828561,388.3005760828561,0.16725400018913206,0,38.71500700006436,0.0,0.0,0.0,0.0
89,25,off_peak,0.05,38.86052000007112,359.19726279689945,359.19726279689945,359.19726279689945,359.19726279689945,359.19726279689945,0.13425499992081313,0,0.0,0.0,0.0,0.0,359.19726279689945,359.19726279689945,359.19726279689945,359.19726279689945,359.19726279689945,0.13425499992081313,0,38.86052000007112,0.0,0.0,0.0,0.0
89,25,off_peak,0.1,38.86052000007112,359.19726279689945,359.19726279689945,359.19726279689945,359.19726279689945,359.19726279689945,0.1274080000257527,0,0.0,0.0,0.0,0.0,359.19726279689945,359.19726279689945,359.19726279689945,359.19726279689945,359.19726279689945,0.1274080000257527,0,38.86052000007112,0.0,0.0,0.0,0.0
89,25,off_peak,0.15,38.86052000007112,359.19726279689945,359.19726279689945,359.19726279689945,359.19726279689945,359.19726279689945,0.12010299997200491,0,0.0,0.0,0.0,0.0,359.19726279689945,359.19726279689945,359.19726279689945,359.19726279689945,359.19726279689945,0.12010299997200491,0,38.86052000007112,0.0,0.0,0.0,0.0
89,25,off_peak,0.2,38.86052000007112,359.19726279689945,359.19726279689945,359.19726279689945,359.19726279689945,359.19726279689945,0.14917199996489217,0,0.0,0.0,0.0,0.0,359.19726279689945,359.19726279689945,359.19726279689945,359.19726279689945,359.19726279689945,0.14917199996489217,0,38.86052000007112,0.0,0.0,0.0,0.0
16,82,off_peak,0.05,39.89471000022604,410.83773434487637,450.94502250742,410.83773434487637,410.83773434487637,410.83773434487637,0.23010599988992908,0,0.0,8.894052747169127,0.0,0.0,410.83773434487637,410.83773434487637,450.94502250742,410.83773434487637,410.83773434487637,0.23010599988992908,0,39.89471000022604,0.0,8.894052747169127,0.0,0.0
16,82,off_peak,0.1,39.89471000022604,410.83773434487637,450.94502250742,410.83773434487637,410.83773434487637,410.83773434487637,0.3056079999623762,0,0.0,8.894052747169127,0.0,0.0,410.83773434487637,410.83773434487637,450.94502250742,410.83773434487637,410.83773434487637,0.3056079999623762,0,39.89471000022604,0.0,8.894052747169127,0.0,0.0
16,82,off_peak,0.15,39.89471000022604,410.83773434487637,450.94502250742,410.83773434487637,410.83773434487637,410.83773434487637,0.20268599973860546,0,0.0,8.894052747169127,0.0,0.0,410.83773434487637,410.83773434487637,450.94502250742,410.83773434487637,410.83773434487637,0.20268599973860546,0,39.89471000022604,0.0,8.894052747169127,0.0,0.0
16,82,off_peak,0.2,39.89471000022604,410.83773434487637,450.94502250742,410.83773434487637,410.83773434487637,410.83773434487637,0.2001600000767212,0,0.0,8.894052747169127,0.0,0.0,410.83773434487637,410.83773434487637,450.94502250742,410.83773434487637,410.83773434487637,0.2001600000767212,0,39.89471000022604,0.0,8.894052747169127,0.0,0.0
64,197,off_peak,0.05,40.43190299989874,443.8872731565929,441.2370569515721,443.8872731565929,441.2370569515721,443.8872731565929,0.25759400023162016,0,0.0,-0.6006331887286901,0.0,-0.6006331887286901,443.8872731565929,443.8872731565929,441.2370569515721,443.8872731565929,441.2370569515721,0.25759400023162016,0,40.43190299989874,0.0,-0.6006331887286901,0.0,-0.6006331887286901
64,197,off_peak,0.1,40.43190299989874,443.8872731565929,441.2370569515721,443.8872731565929,441.2370569515721,443.8872731565929,0.20709299997179187,0,0.0,-0.6006331887286901,0.0,-0.6006331887286901,443.8872731565929,443.8872731565929,441.2370569515721,443.8872731565929,441.2370569515721,0.20709299997179187,0,40.43190299989874,0.0,-0.6006331887286901,0.0,-0.6006331887286901
64,197,off_peak,0.15,40.43190299989874,443.8872731565929,441.2370569515721,443.8872731565929,441.2370569515721,443.8872731565929,0.19060100021306425,0,0.0,-0.6006331887286901,0.0,-0.6006331887286901,443.8872731565929,443.8872731565929,441.2370569515721,443.8872731565929,441.2370569515721,0.19060100021306425,0,40.43190299989874,0.0,-0.6006331887286901,0.0,-0.6006331887286901
64,197,off_peak,0.2,40.43190299989874,443.8872731565929,441.2370569515721,443.8872731565929,441.2370569515721,443.8872731565929,0.19581700007620384,0,0.0,-0.6006331887286901,0.0,-0.6006331887286901,443.8872731565929,443.8872731565929,441.2370569515721,443.8872731565929,441.2370569515721,0.19581700007620384,0,40.43190299989874,0.0,-0.6006331887286901,0.0,-0.6006331887286901
107,59,off_peak,0.05,38.88824299974658,432.3706055379535,432.3706055379535,432.3706055379535,432.3706055379535,432.3706055379535,0.16265800013570697,0,0.0,0.0,0.0,0.0,432.3706055379535,432.3706055379535,432.3706055379535,432.3706055379535,432.3706055379535,0.16265800013570697,0,38.88824299974658,0.0,0.0,0.0,0.0
107,59,off_peak,0.1,38.88824299974658,432.3706055379535,432.3706055379535,432.3706055379535,432.3706055379535,432.3706055379535,0.16168299998753355,0,0.0,0.0,0.0,0.0,432.3706055379535,432.3706055379535,432.3706055379535,432.3706055379535,432.3706055379535,0.16168299998753355,0,38.88824299974658,0.0,0.0,0.0,0.0
107,59,off_peak,0.15,38.88824299974658,432.3706055379535,432.3706055379535,432.3706055379535,432.3706055379535,432.3706055379535,0.22663499976260937,0,0.0,0.0,0.0,0.0,432.3706055379535,432.3706055379535,432.3706055379535,432.3706055379535,432.3706055379535,0.22663499976260937,0,38.88824299974658,0.0,0.0,0.0,0.0
107,59,off_peak,0.2,38.88824299974658,432.3706055379535,432.3706055379535,432.3706055379535,432.3706055379535,432.3706055379535,0.17823899997893022,0,0.0,0.0,0.0,0.0,432.3706055379535,432.3706055379535,432.3706055379535,432.3706055379535,432.3706055379535,0.17823899997893022,0,38.88824299974658,0.0,0.0,0.0,0.0
30,131,off_peak,0.05,39.16304600033982,432.3684962966582,432.3684962966582,432.3684962966582,432.3684962966582,432.3684962966582,0.1446119999855,0,0.0,0.0,0.0,0.0,432.3684962966582,432.3684962966582,432.3684962966582,432.3684962966582,432.3684962966582,0.1446119999855,0,39.16304600033982,0.0,0.0,0.0,0.0
30,131,off_peak,0.1,39.16304600033982,432.3684962966582,432.3684962966582,432.3684962966582,432.3684962966582,432.3684962966582,0.13861400020687142,0,0.0,0.0,0.0,0.0,432.3684962966582,432.3684962966582,432.3684962966582,432.3684962966582,432.3684962966582,0.13861400020687142,0,39.16304600033982,0.0,0.0,0.0,0.0
30,131,off_peak,0.15,39.16304600033982,432.3684962966582,432.3684962966582,432.3684962966582,432.3684962966582,432.3684962966582,0.13640899987876764,0,0.0,0.0,0.0,0.0,432.3684962966582,432.3684962966582,432.3684962966582,432.3684962966582,432.3684962966582,0.13640899987876764,0,39.16304600033982,0.0,0.0,0.0,0.0
30,131,off_peak,0.2,39.16304600033982,432.3684962966582,432.3684962966582,432.3684962966582,432.3684962966582,432.3684962966582,0.16940400018938817,0,0.0,0.0,0.0,0.0,432.3684962966582,432.3684962966582,432.3684962966582,432.3684962966582,432.3684962966582,0.16940400018938817,0,39.16304600033982,0.0,0.0,0.0,0.0
174,21,off_peak,0.05,39.70194499970603,294.7715573270415,294.7715573270415,294.7715573270415,294.7715573270415,294.7715573270415,0.13850899995304644,0,0.0,0.0,0.0,0.0,294.7715573270415,294.7715573270415,294.7715573270415,294.7715573270415,294.7715573270415,0.13850899995304644,0,39.70194499970603,0.0,0.0,0.0,0.0
174,21,off_peak,0.1,39.70194499970603,294.7715573270415,294.7715573270415,294.7715573270415,294.7715573270415,294.7715573270415,0.1374829998894711,0,0.0,0.0,0.0,0.0,294.7715573270415,294.7715573270415,294.7715573270415,294.7715573270415,294.7715573270415,0.1374829998894711,0,39.70194499970603,0.0,0.0,0.0,0.0
174,21,off_peak,0.15,39.70194499970603,294.7715573270415,294.7715573270415,294.7715573270415,294.7715573270415,294.7715573270415,0.15713800030425773,0,0.0,0.0,0.0,0.0,294.7715573270415,294.7715573270415,294.7715573270415,294.7715573270415,294.7715573270415,0.15713800030425773,0,39.70194499970603,0.0,0.0,0.0,0.0
174,21,off_peak,0.2,39.70194499970603,294.7715573270415,294.7715573270415,294.7715573270415,294.7715573270415,294.7715573270415,0.1628610002626374,0,0.0,0.0,0.0,0.0,294.7715573270415,294.7715573270415,294.7715573270415,294.7715573270415,294.7715573270415,0.1628610002626374,0,39.70194499970603,0.0,0.0,0.0,0.0
149,29,off_peak,0.05,39.51912100001209,441.32901806582277,440.00176626547375,441.32901806582277,440.9411087872754,441.32901806582277,0.6619160003538127,0,0.0,-0.30164692555989064,0.0,-0.0879730355861378,441.32901806582277,441.32901806582277,440.00176626547375,441.32901806582277,440.9411087872754,0.6619160003538127,0,39.51912100001209,0.0,-0.30164692555989064,0.0,-0.0879730355861378
149,29,off_peak,0.1,39.51912100001209,441.32901806582277,440.00176626547375,441.32901806582277,440.9411087872754,441.32901806582277,0.6434319998334104,0,0.0,-0.30164692555989064,0.0,-0.0879730355861378,441.32901806582277,441.32901806582277,440.00176626547375,441.32901806582277,440.9411087872754,0.6434319998334104,0,39.51912100001209,0.0,-0.30164692555989064,0.0,-0.0879730355861378
149,29,off_peak,0.15,39.51912100001209,441.32901806582277,440.00176626547375,441.32901806582277,440.9411087872754,441.32901806582277,0.6661259999418689,0,0.0,-0.30164692555989064,0.0,-0.0879730355861378,441.32901806582277,441.32901806582277,440.00176626547375,441.32901806582277,440.9411087872754,0.6661259999418689,0,39.51912100001209,0.0,-0.30164692555989064,0.0,-0.0879730355861378
149,29,off_peak,0.2,39.51912100001209,441.32901806582277,440.00176626547375,441.32901806582277,440.9411087872754,441.32901806582277,0.6708629998684046,0,0.0,-0.30164692555989064,0.0,-0.0879730355861378,441.32901806582277,441.32901806582277,440.00176626547375,441.32901806582277,440.9411087872754,0.6708629998684046,0,39.51912100001209,0.0,-0.30164692555989064,0.0,-0.0879730355861378
34,123,off_peak,0.05,41.17638799971246,441.10732293883706,441.10732293883706,441.10732293883706,441.10732293883706,441.10732293883706,0.162985999850207,0,0.0,0.0,0.0,0.0,441.10732293883706,441.10732293883706,441.10732293883706,441.10732293883706,441.10732293883706,0.162985999850207,0,41.17638799971246,0.0,0.0,0.0,0.0
34,123,off_peak,0.1,41.17638799971246,441.10732293883706,441.10732293883706,441.10732293883706,441.10732293883706,441.10732293883706,0.15123499997571344,0,0.0,0.0,0.0,0.0,441.10732293883706,441.10732293883706,441.10732293883706,441.10732293883706,441.10732293883706,0.15123499997571344,0,41.17638799971246,0.0,0.0,0.0,0.0
34,123,off_peak,0.15,41.17638799971246,441.10732293883706,441.10732293883706,441.10732293883706,441.10732293883706,441.10732293883706,0.1496509999014961,0,0.0,0.0,0.0,0.0,441.10732293883706,441.10732293883706,441.10732293883706,441.10732293883706,441.10732293883706,0.1496509999014961,0,41.17638799971246,0.0,0.0,0.0,0.0
34,123,off_peak,0.2,41.17638799971246,441.10732293883706,441.10732293883706,441.10732293883706,441.10732293883706,441.10732293883706,0.14502800013360684,0,0.0,0.0,0.0,0.0,441.10732293883706,441.10732293883706,441.10732293883706,441.10732293883706,441.10732293883706,0.14502800013360684,0,41.17638799971246,0.0,0.0,0.0,0.0
59,171,off_peak,0.05,38.78105300009338,383.0787643760108,383.0787643760108,383.0787643760108,383.0787643760108,383.0787643760108,0.21244899971861742,0,0.0,0.0,0.0,0.0,383.0787643760108,383.0787643760108,383.0787643760108,383.0787643760108,383.0787643760108,0.21244899971861742,0,38.78105300009338,0.0,0.0,0.0,0.0
59,171,off_peak,0.1,38.78105300009338,383.0787643760108,383.0787643760108,383.0787643760108,383.0787643760108,383.0787643760108,0.1955739999175421,0,0.0,0.0,0.0,0.0,383.0787643760108,383.0787643760108,383.0787643760108,383.0787643760108,383.0787643760108,0.1955739999175421,0,38.78105300009338,0.0,0.0,0.0,0.0
59,171,off_peak,0.15,38.78105300009338,383.0787643760108,383.0787643760108,383.0787643760108,383.0787643760108,383.0787643760108,0.18338799964112695,0,0.0,0.0,0.0,0.0,383.0787643760108,383.0787643760108,383.0787643760108,383.0787643760108,383.0787643760108,0.18338799964112695,0,38.78105300009338,0.0,0.0,0.0,0.0
59,171,off_peak,0.2,38.78105300009338,383.0787643760108,383.0787643760108,383.0787643760108,383.0787643760108,383.0787643760108,0.1812230002542492,0,0.0,0.0,0.0,0.0,383.0787643760108,383.0787643760108,383.0787643760108,383.0787643760108,383.0787643760108,0.1812230002542492,0,38.78105300009338,0.0,0.0,0.0,0.0
69,109,off_peak,0.05,38.8227570001618,348.67549134194195,346.2957608582155,348.67549134194195,388.8180020177296,388.8180020177296,0.5697990000044229,0,-11.512856989544003,-12.279168839414146,-11.512856989544003,0.0,388.8180020177296,348.67549134194195,346.2957608582155,348.67549134194195,388.8180020177296,0.5697990000044229,0,38.8227570001618,-11.512856989544003,-12.279168839414146,-11.512856989544003,0.0
69,109,off_peak,0.1,38.8227570001618,348.67549134194195,346.2957608582155,348.67549134194195,388.8180020177296,388.8180020177296,0.5967890001556952,0,-11.512856989544003,-12.279168839414146,-11.512856989544003,0.0,388.8180020177296,348.67549134194195,346.2957608582155,348.67549134194195,388.8180020177296,0.5967890001556952,0,38.8227570001618,-11.512856989544003,-12.279168839414146,-11.512856989544003,0.0
69,109,off_peak,0.15,38.8227570001618,348.67549134194195,346.2957608582155,348.67549134194195,388.8180020177296,388.8180020177296,0.620311999682599,0,-11.512856989544003,-12.279168839414146,-11.512856989544003,0.0,388.8180020177296,348.67549134194195,346.2957608582155,348.67549134194195,388.8180020177296,0.620311999682599,0,38.8227570001618,-11.512856989544003,-12.279168839414146,-11.512856989544003,0.0
69,109,off_peak,0.2,38.8227570001618,348.67549134194195,346.2957608582155,348.67549134194195,388.8180020177296,388.8180020177296,0.5598679999820888,0,-11.512856989544003,-12.279168839414146,-11.512856989544003,0.0,388.8180020177296,348.67549134194195,346.2957608582155,348.67549134194195,388.8180020177296,0.5598679999820888,0,38.8227570001618,-11.512856989544003,-12.279168839414146,-11.512856989544003,0.0
191,88,off_peak,0.05,39.81156800000463,385.54021950639964,386.61547343734213,385.54021950639964,385.54021950639964,385.54021950639964,0.13298099997882673,1,0.0,0.2781197351938782,0.0,0.0,385.54021950639964,385.54021950639964,386.61547343734213,385.54021950639964,385.54021950639964,0.13298099997882673,1,39.81156800000463,0.0,0.2781197351938782,0.0,0.0
191,88,off_peak,0.1,39.81156800000463,385.54021950639964,386.61547343734213,385.54021950639964,385.54021950639964,385.54021950639964,0.128723500210981,1,0.0,0.2781197351938782,0.0,0.0,385.54021950639964,385.54021950639964,386.61547343734213,385.54021950639964,385.54021950639964,0.128723500210981,1,39.81156800000463,0.0,0.2781197351938782,0.0,0.0
191,88,off_peak,0.15,39.81156800000463,385.54021950639964,386.61547343734213,385.54021950639964,385.54021950639964,385.54021950639964,0.13954050018583075,1,0.0,0.2781197351938782,0.0,0.0,385.54021950639964,385.54021950639964,386.61547343734213,385.54021950639964,385.54021950639964,0.13954050018583075,1,39.81156800000463,0.0,0.2781197351938782,0.0,0.0
191,88,off_peak,0.2,39.81156800000463,385.54021950639964,386.61547343734213,385.54021950639964,385.54021950639964,385.54021950639964,0.1449485000648565,1,0.0,0.2781197351938782,0.0,0.0,385.54021950639964,385.54021950639964,386.61547343734213,385.54021950639964,385.54021950639964,0.1449485000648565,1,39.81156800000463,0.0,0.2781197351938782,0.0,0.0
198,21,off_peak,0.05,38.89019799999005,380.5886628876688,380.5886628876688,380.5886628876688,379.3864152849119,379.3864152849119,0.41021199967872235,0,0.3158915963589204,0.3158915963589204,0.3158915963589204,0.0,379.3864152849119,380.5886628876688,380.5886628876688,380.5886628876688,379.3864152849119,0.41021199967872235,0,38.89019799999005,0.3158915963589204,0.3158915963589204,0.3158915963589204,0.0
198,21,off_peak,0.1,38.89019799999005,380.5886628876688,380.5886628876688,380.5886628876688,379.3864152849119,379.3864152849119,0.38690500014126883,0,0.3158915963589204,0.3158915963589204,0.3158915963589204,0.0,379.3864152849119,380.5886628876688,380.5886628876688,380.5886628876688,379.3864152849119,0.38690500014126883,0,38.89019799999005,0.3158915963589204,0.3158915963589204,0.3158915963589204,0.0
198,21,off_peak,0.15,38.89019799999005,380.5886628876688,380.5886628876688,380.5886628876688,379.3864152849119,379.3864152849119,0.3840039998976863,0,0.3158915963589204,0.3158915963589204,0.3158915963589204,0.0,379.3864152849119,380.5886628876688,380.5886628876688,380.5886628876688,379.3864152849119,0.3840039998976863,0,38.89019799999005,0.3158915963589204,0.3158915963589204,0.3158915963589204,0.0
198,21,off_peak,0.2,38.89019799999005,380.5886628876688,380.5886628876688,380.5886628876688,379.3864152849119,379.3864152849119,0.3830709997600934,0,0.3158915963589204,0.3158915963589204,0.3158915963589204,0.0,379.3864152849119,380.5886628876688,380.5886628876688,380.5886628876688,379.3864152849119,0.3830709997600934,0,38.89019799999005,0.3158915963589204,0.3158915963589204,0.3158915963589204,0.0
189,190,off_peak,0.05,39.80850800007829,411.99957784421514,411.99957784421514,411.99957784421514,411.99957784421514,411.99957784421514,0.14601400016545085,0,0.0,0.0,0.0,0.0,411.99957784421514,411.99957784421514,411.99957784421514,411.99957784421514,411.99957784421514,0.14601400016545085,0,39.80850800007829,0.0,0.0,0.0,0.0
189,190,off_peak,0.1,39.80850800007829,411.99957784421514,411.99957784421514,411.99957784421514,411.99957784421514,411.99957784421514,0.1369429996884719,0,0.0,0.0,0.0,0.0,411.99957784421514,411.99957784421514,411.99957784421514,411.99957784421514,411.99957784421514,0.1369429996884719,0,39.80850800007829,0.0,0.0,0.0,0.0
189,190,off_peak,0.15,39.80850800007829,411.99957784421514,411.99957784421514,411.99957784421514,411.99957784421514,411.99957784421514,0.12503800007834798,0,0.0,0.0,0.0,0.0,411.99957784421514,411.99957784421514,411.99957784421514,411.99957784421514,411.99957784421514,0.12503800007834798,0,39.80850800007829,0.0,0.0,0.0,0.0
189,190,off_peak,0.2,39.80850800007829,411.99957784421514,411.99957784421514,411.99957784421514,411.99957784421514,411.99957784421514,0.12303499988775002,0,0.0,0.0,0.0,0.0,411.99957784421514,411.99957784421514,411.99957784421514,411.99957784421514,411.99957784421514,0.12303499988775002,0,39.80850800007829,0.0,0.0,0.0,0.0
123,34,off_peak,0.05,38.65145500003564,431.91921585760554,431.91921585760554,431.91921585760554,431.91921585760554,431.91921585760554,0.20407500005603652,0,0.0,0.0,0.0,0.0,431.91921585760554,431.91921585760554,431.91921585760554,431.91921585760554,431.91921585760554,0.20407500005603652,0,38.65145500003564,0.0,0.0,0.0,0.0
123,34,off_peak,0.1,38.65145500003564,431.91921585760554,431.91921585760554,431.91921585760554,431.91921585760554,431.91921585760554,0.22647100013273302,0,0.0,0.0,0.0,0.0,431.91921585760554,431.91921585760554,431.91921585760554,431.91921585760554,431.91921585760554,0.22647100013273302,0,38.65145500003564,0.0,0.0,0.0,0.0
123,34,off_peak,0.15,38.65145500003564,431.91921585760554,431.91921585760554,431.91921585760554,431.91921585760554,431.91921585760554,0.22497000009025214,0,0.0,0.0,0.0,0.0,431.91921585760554,431.91921585760554,431.91921585760554,431.91921585760554,431.91921585760554,0.22497000009025214,0,38.65145500003564,0.0,0.0,0.0,0.0
123,34,off_peak,0.2,38.65145500003564,431.91921585760554,431.91921585760554,431.91921585760554,431.91921585760554,431.91921585760554,0.20710599983431166,0,0.0,0.0,0.0,0.0,431.91921585760554,431.91921585760554,431.91921585760554,431.91921585760554,431.91921585760554,0.20710599983431166,0,38.65145500003564,0.0,0.0,0.0,0.0
146,11,off_peak,0.05,39.611078000234556,390.345271025616,390.345271025616,390.345271025616,390.345271025616,390.345271025616,0.14782400012336439,0,0.0,0.0,0.0,0.0,390.345271025616,390.345271025616,390.345271025616,390.345271025616,390.345271025616,0.14782400012336439,0,39.611078000234556,0.0,0.0,0.0,0.0
146,11,off_peak,0.1,39.611078000234556,390.345271025616,390.345271025616,390.345271025616,390.345271025616,390.345271025616,0.14636200012319023,0,0.0,0.0,0.0,0.0,390.345271025616,390.345271025616,390.345271025616,390.345271025616,390.345271025616,0.14636200012319023,0,39.611078000234556,0.0,0.0,0.0,0.0
146,11,off_peak,0.15,39.611078000234556,390.345271025616,390.345271025616,390.345271025616,390.345271025616,390.345271025616,0.1750370001900592,0,0.0,0.0,0.0,0.0,390.345271025616,390.345271025616,390.345271025616,390.345271025616,390.345271025616,0.1750370001900592,0,39.611078000234556,0.0,0.0,0.0,0.0
146,11,off_peak,0.2,39.611078000234556,390.345271025616,390.345271025616,390.345271025616,390.345271025616,390.345271025616,0.1761990001796221,0,0.0,0.0,0.0,0.0,390.345271025616,390.345271025616,390.345271025616,390.345271025616,390.345271025616,0.1761990001796221,0,39.611078000234556,0.0,0.0,0.0,0.0
172,11,off_peak,0.05,39.577476999966166,443.5884079169566,420.23276891619696,443.5884079169566,420.23276891619696,420.23276891619696,0.1636370002415788,0,5.265159905876534,0.0,5.265159905876534,0.0,420.23276891619696,443.5884079169566,420.23276891619696,443.5884079169566,420.23276891619696,0.1636370002415788,0,39.577476999966166,5.265159905876534,0.0,5.265159905876534,0.0
172,11,off_peak,0.1,39.577476999966166,443.5884079169566,420.23276891619696,443.5884079169566,420.23276891619696,420.23276891619696,0.15533399982814444,0,5.265159905876534,0.0,5.265159905876534,0.0,420.23276891619696,443.5884079169566,420.23276891619696,443.5884079169566,420.23276891619696,0.15533399982814444,0,39.577476999966166,5.265159905876534,0.0,5.265159905876534,0.0
172,11,off_peak,0.15,39.577476999966166,443.5884079169566,420.23276891619696,443.5884079169566,420.23276891619696,420.23276891619696,0.15059500037750695,0,5.265159905876534,0.0,5.265159905876534,0.0,420.23276891619696,443.5884079169566,420.23276891619696,443.5884079169566,420.23276891619696,0.15059500037750695,0,39.577476999966166,5.265159905876534,0.0,5.265159905876534,0.0
172,11,off_peak,0.2,39.577476999966166,443.5884079169566,420.23276891619696,443.5884079169566,420.23276891619696,420.23276891619696,0.14935999979570624,0,5.265159905876534,0.0,5.265159905876534,0.0,420.23276891619696,443.5884079169566,420.23276891619696,443.5884079169566,420.23276891619696,0.14935999979570624,0,39.577476999966166,5.265159905876534,0.0,5.265159905876534,0.0
166,81,off_peak,0.05,38.9434160001656,362.8123557203487,362.8123557203487,362.8123557203487,362.8712321497645,362.8712321497645,0.19903799966414226,0,-0.016227790616149634,-0.016227790616149634,-0.016227790616149634,0.0,362.8712321497645,362.8123557203487,362.8123557203487,362.8123557203487,362.8712321497645,0.19903799966414226,0,38.9434160001656,-0.016227790616149634,-0.016227790616149634,-0.016227790616149634,0.0
166,81,off_peak,0.1,38.9434160001656,362.8123557203487,362.8123557203487,362.8123557203487,362.8712321497645,362.8712321497645,0.15351699994425871,0,-0.016227790616149634,-0.016227790616149634,-0.016227790616149634,0.0,362.8712321497645,362.8123557203487,362.8123557203487,362.8123557203487,362.8712321497645,0.15351699994425871,0,38.9434160001656,-0.016227790616149634,-0.016227790616149634,-0.016227790616149634,0.0
166,81,off_peak,0.15,38.9434160001656,362.8123557203487,362.8123557203487,362.8123557203487,362.8712321497645,362.8712321497645,0.1478210001550906,0,-0.016227790616149634,-0.016227790616149634,-0.016227790616149634,0.0,362.8712321497645,362.8123557203487,362.8123557203487,362.8123557203487,362.8712321497645,0.1478210001550906,0,38.9434160001656,-0.016227790616149634,-0.016227790616149634,-0.016227790616149634,0.0
166,81,off_peak,0.2,38.9434160001656,362.8123557203487,362.8123557203487,362.8123557203487,362.8712321497645,362.8712321497645,0.14426899997488363,0,-0.016227790616149634,-0.016227790616149634,-0.016227790616149634,0.0,362.8712321497645,362.8123557203487,362.8123557203487,362.8123557203487,362.8712321497645,0.14426899997488363,0,38.9434160001656,-0.016227790616149634,-0.016227790616149634,-0.016227790616149634,0.0
152,181,off_peak,0.05,37.532176000240725,494.26461020349956,494.26461020349956,494.26461020349956,494.03796156620746,494.03796156620746,0.20280599983379943,0,0.045855728412112017,0.045855728412112017,0.045855728412112017,0.0,494.03796156620746,494.26461020349956,494.26461020349956,494.26461020349956,494.03796156620746,0.20280599983379943,0,37.532176000240725,0.045855728412112017,0.045855728412112017,0.045855728412112017,0.0
152,181,off_peak,0.1,37.532176000240725,494.26461020349956,494.26461020349956,494.26461020349956,494.03796156620746,494.03796156620746,0.22938000029171235,0,0.045855728412112017,0.045855728412112017,0.045855728412112017,0.0,494.03796156620746,494.26461020349956,494.26461020349956,494.26461020349956,494.03796156620746,0.22938000029171235,0,37.532176000240725,0.045855728412112017,0.045855728412112017,0.045855728412112017,0.0
152,181,off_peak,0.15,37.532176000240725,494.26461020349956,494.26461020349956,494.26461020349956,494.03796156620746,494.03796156620746,0.222306999603461,0,0.045855728412112017,0.045855728412112017,0.045855728412112017,0.0,494.03796156620746,494.26461020349956,494.26461020349956,494.26461020349956,494.03796156620746,0.222306999603461,0,37.532176000240725,0.045855728412112017,0.045855728412112017,0.045855728412112017,0.0
152,181,off_peak,0.2,37.532176000240725,494.26461020349956,494.26461020349956,494.26461020349956,494.03796156620746,494.03796156620746,0.21065900000394322,0,0.045855728412112017,0.045855728412112017,0.045855728412112017,0.0,494.03796156620746,494.26461020349956,494.26461020349956,494.26461020349956,494.03796156620746,0.21065900000394322,0,37.532176000240725,0.045855728412112017,0.045855728412112017,0.045855728412112017,0.0
111,8,off_peak,0.05,38.91757700012022,396.3583577227004,395.9184240200754,396.3583577227004,395.91716176576705,395.9184240200754,0.2500139999028761,0,0.1109939260906914,0.0,0.1109939260906914,-0.00031881778065099393,395.9184240200754,396.3583577227004,395.9184240200754,396.3583577227004,395.91716176576705,0.2500139999028761,0,38.91757700012022,0.1109939260906914,0.0,0.1109939260906914,-0.00031881778065099393
111,8,off_peak,0.1,38.91757700012022,396.3583577227004,395.9184240200754,396.3583577227004,395.91716176576705,395.9184240200754,0.24920599980760016,0,0.1109939260906914,0.0,0.1109939260906914,-0.00031881778065099393,395.9184240200754,396.3583577227004,395.9184240200754,396.3583577227004,395.91716176576705,0.24920599980760016,0,38.91757700012022,0.1109939260906914,0.0,0.1109939260906914,-0.00031881778065099393
111,8,off_peak,0.15,38.91757700012022,396.3583577227004,395.9184240200754,396.3583577227004,395.91716176576705,395.9184240200754,0.28886400014016544,0,0.1109939260906914,0.0,0.1109939260906914,-0.00031881778065099393,395.9184240200754,396.3583577227004,395.9184240200754,396.3583577227004,395.91716176576705,0.28886400014016544,0,38.91757700012022,0.1109939260906914,0.0,0.1109939260906914,-0.00031881778065099393
111,8,off_peak,0.2,38.91757700012022,396.3583577227004,395.9184240200754,396.3583577227004,395.91716176576705,395.9184240200754,0.2785009996841836,0,0.1109939260906914,0.0,0.1109939260906914,-0.00031881778065099393,395.9184240200754,396.3583577227004,395.9184240200754,396.3583577227004,395.91716176576705,0.2785009996841836,0,38.91757700012022,0.1109939260906914,0.0,0.1109939260906914,-0.00031881778065099393
47,51,off_peak,0.05,38.921197000036045,364.4058793734847,362.62518489231513,364.4058793734847,361.65845508721935,361.65845508721935,1.9438700001046527,0,0.753946201688333,0.2665920199069627,0.753946201688333,0.0,361.65845508721935,364.4058793734847,362.62518489231513,364.4058793734847,361.65845508721935,1.9438700001046527,0,38.921197000036045,0.753946201688333,0.2665920199069627,0.753946201688333,0.0
47,51,off_peak,0.1,38.921197000036045,364.4058793734847,362.62518489231513,364.4058793734847,361.65845508721935,361.65845508721935,1.9175550000909425,0,0.753946201688333,0.2665920199069627,0.753946201688333,0.0,361.65845508721935,364.4058793734847,362.62518489231513,364.4058793734847,361.65845508721935,1.9175550000909425,0,38.921197000036045,0.753946201688333,0.2665920199069627,0.753946201688333,0.0
47,51,off_peak,0.15,38.921197000036045,364.4058793734847,362.62518489231513,364.4058793734847,361.65845508721935,361.65845508721935,1.9846320001306594,0,0.753946201688333,0.2665920199069627,0.753946201688333,0.0,361.65845508721935,364.4058793734847,362.62518489231513,364.4058793734847,361.65845508721935,1.9846320001306594,0,38.921197000036045,0.753946201688333,0.2665920199069627,0.753946201688333,0.0
47,51,off_peak,0.2,38.921197000036045,364.4058793734847,362.62518489231513,364.4058793734847,361.65845508721935,361.65845508721935,1.9073479998041876,0,0.753946201688333,0.2665920199069627,0.753946201688333,0.0,361.65845508721935,364.4058793734847,362.62518489231513,364.4058793734847,361.65845508721935,1.9073479998041876,0,38.921197000036045,0.753946201688333,0.2665920199069627,0.753946201688333,0.0
196,86,off_peak,0.05,40.9542459997283,485.76761770683845,485.76761770683845,485.76761770683845,485.76761770683845,485.76761770683845,0.17672500007392955,0,0.0,0.0,0.0,0.0,485.76761770683845,485.76761770683845,485.76761770683845,485.76761770683845,485.76761770683845,0.17672500007392955,0,40.9542459997283,0.0,0.0,0.0,0.0
196,86,off_peak,0.1,40.9542459997283,485.76761770683845,485.76761770683845,485.76761770683845,485.76761770683845,485.76761770683845,0.16189100006158696,0,0.0,0.0,0.0,0.0,485.76761770683845,485.76761770683845,485.76761770683845,485.76761770683845,485.76761770683845,0.16189100006158696,0,40.9542459997283,0.0,0.0,0.0,0.0
196,86,off_peak,0.15,40.9542459997283,485.76761770683845,485.76761770683845,485.76761770683845,485.76761770683845,485.76761770683845,0.15364299997600028,0,0.0,0.0,0.0,0.0,485.76761770683845,485.76761770683845,485.76761770683845,485.76761770683845,485.76761770683845,0.15364299997600028,0,40.9542459997283,0.0,0.0,0.0,0.0
196,86,off_peak,0.2,40.9542459997283,485.76761770683845,485.76761770683845,485.76761770683845,485.76761770683845,485.76761770683845,0.15062700003909413,0,0.0,0.0,0.0,0.0,485.76761770683845,485.76761770683845,485.76761770683845,485.76761770683845,485.76761770683845,0.15062700003909413,0,40.9542459997283,0.0,0.0,0.0,0.0
1,77,off_peak,0.05,39.14522500008388,408.68040358163233,408.68040358163233,408.68040358163233,408.68040358163233,408.68040358163233,0.1886559998638404,0,0.0,0.0,0.0,0.0,408.68040358163233,408.68040358163233,408.68040358163233,408.68040358163233,408.68040358163233,0.1886559998638404,0,39.14522500008388,0.0,0.0,0.0,0.0
1,77,off_peak,0.1,39.14522500008388,408.68040358163233,408.68040358163233,408.68040358163233,408.68040358163233,408.68040358163233,0.21676699998351978,0,0.0,0.0,0.0,0.0,408.68040358163233,408.68040358163233,408.68040358163233,408.68040358163233,408.68040358163233,0.21676699998351978,0,39.14522500008388,0.0,0.0,0.0,0.0
1,77,off_peak,0.15,39.14522500008388,408.68040358163233,408.68040358163233,408.68040358163233,408.68040358163233,408.68040358163233,0.21425099976113415,0,0.0,0.0,0.0,0.0,408.68040358163233,408.68040358163233,408.68040358163233,408.68040358163233,408.68040358163233,0.21425099976113415,0,39.14522500008388,0.0,0.0,0.0,0.0
1,77,off_peak,0.2,39.14522500008388,408.68040358163233,408.68040358163233,408.68040358163233,408.68040358163233,408.68040358163233,0.20169799972791225,0,0.0,0.0,0.0,0.0,408.68040358163233,408.68040358163233,408.68040358163233,408.68040358163233,408.68040358163233,0.20169799972791225,0,39.14522500008388,0.0,0.0,0.0,0.0
165,186,off_peak,0.05,37.883191000219085,533.5268778978884,587.4617139455225,533.5268778978884,533.5268778978884,533.5268778978884,0.19221299999117036,0,0.0,9.180995929997865,0.0,0.0,533.5268778978884,533.5268778978884,587.4617139455225,533.5268778978884,533.5268778978884,0.19221299999117036,0,37.883191000219085,0.0,9.180995929997865,0.0,0.0
165,186,off_peak,0.1,37.883191000219085,533.5268778978884,587.4617139455225,533.5268778978884,533.5268778978884,533.5268778978884,0.1861010000538954,0,0.0,9.180995929997865,0.0,0.0,533.5268778978884,533.5268778978884,587.4617139455225,533.5268778978884,533.5268778978884,0.1861010000538954,0,37.883191000219085,0.0,9.180995929997865,0.0,0.0
165,186,off_peak,0.15,37.883191000219085,533.5268778978884,587.4617139455225,533.5268778978884,533.5268778978884,533.5268778978884,0.22562000003745197,0,0.0,9.180995929997865,0.0,0.0,533.5268778978884,533.5268778978884,587.4617139455225,533.5268778978884,533.5268778978884,0.22562000003745197,0,37.883191000219085,0.0,9.180995929997865,0.0,0.0
165,186,off_peak,0.2,37.883191000219085,533.5268778978884,587.4617139455225,533.5268778978884,533.5268778978884,533.5268778978884,0.2134950000254321,0,0.0,9.180995929997865,0.0,0.0,533.5268778978884,533.5268778978884,587.4617139455225,533.5268778978884,533.5268778978884,0.2134950000254321,0,37.883191000219085,0.0,9.180995929997865,0.0,0.0
172,95,off_peak,0.05,39.29788599998574,348.2638140340129,348.2638140340129,348.2638140340129,348.2638140340129,348.2638140340129,0.21779899998364272,0,0.0,0.0,0.0,0.0,348.2638140340129,348.2638140340129,348.2638140340129,348.2638140340129,348.2638140340129,0.21779899998364272,0,39.29788599998574,0.0,0.0,0.0,0.0
172,95,off_peak,0.1,39.29788599998574,348.2638140340129,348.2638140340129,348.2638140340129,348.2638140340129,348.2638140340129,0.12996000032217125,0,0.0,0.0,0.0,0.0,348.2638140340129,348.2638140340129,348.2638140340129,348.2638140340129,348.2638140340129,0.12996000032217125,0,39.29788599998574,0.0,0.0,0.0,0.0
172,95,off_peak,0.15,39.29788599998574,348.2638140340129,348.2638140340129,348.2638140340129,348.2638140340129,348.2638140340129,0.12775699997291667,0,0.0,0.0,0.0,0.0,348.2638140340129,348.2638140340129,348.2638140340129,348.2638140340129,348.2638140340129,0.12775699997291667,0,39.29788599998574,0.0,0.0,0.0,0.0
172,95,off_peak,0.2,39.29788599998574,348.2638140340129,348.2638140340129,348.2638140340129,348.2638140340129,348.2638140340129,0.12443999958122731,0,0.0,0.0,0.0,0.0,348.2638140340129,348.2638140340129,348.2638140340129,348.2638140340129,348.2638140340129,0.12443999958122731,0,39.29788599998574,0.0,0.0,0.0,0.0
89,78,off_peak,0.05,39.80621099981363,441.40475051589897,443.9730862767282,441.40475051589897,443.35934847118233,444.90956419803223,0.1887490002445702,0,-0.7940135845925882,-0.21093123665615565,-0.7940135845925882,-0.34965220248438283,444.90956419803223,441.40475051589897,443.9730862767282,441.40475051589897,443.35934847118233,0.1887490002445702,0,39.80621099981363,-0.7940135845925882,-0.21093123665615565,-0.7940135845925882,-0.34965220248438283
89,78,off_peak,0.1,39.80621099981363,441.40475051589897,443.9730862767282,441.40475051589897,443.35934847118233,444.90956419803223,0.17179099995701108,0,-0.7940135845925882,-0.21093123665615565,-0.7940135845925882,-0.34965220248438283,444.90956419803223,441.40475051589897,443.9730862767282,441.40475051589897,443.35934847118233,0.17179099995701108,0,39.80621099981363,-0.7940135845925882,-0.21093123665615565,-0.7940135845925882,-0.34965220248438283
89,78,off_peak,0.15,39.80621099981363,441.40475051589897,443.9730862767282,441.40475051589897,443.35934847118233,444.90956419803223,0.16286199979731464,0,-0.7940135845925882,-0.21093123665615565,-0.7940135845925882,-0.34965220248438283,444.90956419803223,441.40475051589897,443.9730862767282,441.40475051589897,443.35934847118233,0.16286199979731464,0,39.80621099981363,-0.7940135845925882,-0.21093123665615565,-0.7940135845925882,-0.34965220248438283
89,78,off_peak,0.2,39.80621099981363,441.40475051589897,443.9730862767282,441.40475051589897,443.35934847118233,444.90956419803223,0.1603800001248601,0,-0.7940135845925882,-0.21093123665615565,-0.7940135845925882,-0.34965220248438283,444.90956419803223,441.40475051589897,443.9730862767282,441.40475051589897,443.35934847118233,0.1603800001248601,0,39.80621099981363,-0.7940135845925882,-0.21093123665615565,-0.7940135845925882,-0.34965220248438283
41,166,off_peak,0.05,39.55246299983628,373.86092806432964,373.86092806432964,373.86092806432964,373.86092806432964,373.86092806432964,0.17891099969347124,0,0.0,0.0,0.0,0.0,373.86092806432964,373.86092806432964,373.86092806432964,373.86092806432964,373.86092806432964,0.17891099969347124,0,39.55246299983628,0.0,0.0,0.0,0.0
41,166,off_peak,0.1,39.55246299983628,373.86092806432964,373.86092806432964,373.86092806432964,373.86092806432964,373.86092806432964,0.19979199987574248,0,0.0,0.0,0.0,0.0,373.86092806432964,373.86092806432964,373.86092806432964,373.86092806432964,373.86092806432964,0.19979199987574248,0,39.55246299983628,0.0,0.0,0.0,0.0
41,166,off_peak,0.15,39.55246299983628,373.86092806432964,373.86092806432964,373.86092806432964,373.86092806432964,373.86092806432964,0.20120099998166552,0,0.0,0.0,0.0,0.0,373.86092806432964,373.86092806432964,373.86092806432964,373.86092806432964,373.86092806432964,0.20120099998166552,0,39.55246299983628,0.0,0.0,0.0,0.0
41,166,off_peak,0.2,39.55246299983628,373.86092806432964,373.86092806432964,373.86092806432964,373.86092806432964,373.86092806432964,0.183328000275651,0,0.0,0.0,0.0,0.0,373.86092806432964,373.86092806432964,373.86092806432964,373.86092806432964,373.86092806432964,0.183328000275651,0,39.55246299983628,0.0,0.0,0.0,0.0
15,59,off_peak,0.05,39.399227000103565,475.4077093699519,475.4077093699519,475.4077093699519,475.4077093699519,475.4077093699519,0.22541799989994615,0,0.0,0.0,0.0,0.0,475.4077093699519,475.4077093699519,475.4077093699519,475.4077093699519,475.4077093699519,0.22541799989994615,0,39.399227000103565,0.0,0.0,0.0,0.0
15,59,off_peak,0.1,39.399227000103565,475.4077093699519,475.4077093699519,475.4077093699519,475.4077093699519,475.4077093699519,0.2172729996345879,0,0.0,0.0,0.0,0.0,475.4077093699519,475.4077093699519,475.4077093699519,475.4077093699519,475.4077093699519,0.2172729996345879,0,39.399227000103565,0.0,0.0,0.0,0.0
15,59,off_peak,0.15,39.399227000103565,475.4077093699519,475.4077093699519,475.4077093699519,475.4077093699519,475.4077093699519,0.24803899987091427,0,0.0,0.0,0.0,0.0,475.4077093699519,475.4077093699519,475.4077093699519,475.4077093699519,475.4077093699519,0.24803899987091427,0,39.399227000103565,0.0,0.0,0.0,0.0
15,59,off_peak,0.2,39.399227000103565,475.4077093699519,475.4077093699519,475.4077093699519,475.4077093699519,475.4077093699519,0.25103699999817763,0,0.0,0.0,0.0,0.0,475.4077093699519,475.4077093699519,475.4077093699519,475.4077093699519,475.4077093699519,0.25103699999817763,0,39.399227000103565,0.0,0.0,0.0,0.0
7,41,off_peak,0.05,39.346521999959805,416.3059725941302,453.9586508475068,416.3059725941302,416.3059725941302,416.3059725941302,0.2264489999106445,0,0.0,8.294296888732463,0.0,0.0,416.3059725941302,416.3059725941302,453.9586508475068,416.3059725941302,416.3059725941302,0.2264489999106445,0,39.346521999959805,0.0,8.294296888732463,0.0,0.0
7,41,off_peak,0.1,39.346521999959805,416.3059725941302,453.9586508475068,416.3059725941302,416.3059725941302,416.3059725941302,0.21148099995116354,0,0.0,8.294296888732463,0.0,0.0,416.3059725941302,416.3059725941302,453.9586508475068,416.3059725941302,416.3059725941302,0.21148099995116354,0,39.346521999959805,0.0,8.294296888732463,0.0,0.0
7,41,off_peak,0.15,39.346521999959805,416.3059725941302,453.9586508475068,416.3059725941302,416.3059725941302,416.3059725941302,0.2029309998761164,0,0.0,8.294296888732463,0.0,0.0,416.3059725941302,416.3059725941302,453.9586508475068,416.3059725941302,416.3059725941302,0.2029309998761164,0,39.346521999959805,0.0,8.294296888732463,0.0,0.0
7,41,off_peak,0.2,39.346521999959805,416.3059725941302,453.9586508475068,416.3059725941302,416.3059725941302,416.3059725941302,0.2055580002888746,0,0.0,8.294296888732463,0.0,0.0,416.3059725941302,416.3059725941302,453.9586508475068,416.3059725941302,416.3059725941302,0.2055580002888746,0,39.346521999959805,0.0,8.294296888732463,0.0,0.0
18,160,incident,0.05,40.63631799999712,913.2348823870084,904.3291862166693,744.7928919176285,578.3146432440275,620.4685116126942,1.264815499780525,1,32.05816777487551,31.38908695311804,16.692476748111083,-7.289088882862569,620.4685116126942,913.2348823870084,904.3291862166693,744.7928919176285,578.3146432440275,1.264815499780525,1,40.63631799999712,32.05816777487551,31.38908695311804,16.692476748111083,-7.289088882862569
18,160,incident,0.1,40.63631799999712,913.2348823870084,904.3291862166693,744.7928919176285,578.3146432440275,620.4685116126942,1.1494134998883965,1,32.05816777487551,31.38908695311804,16.692476748111083,-7.289088882862569,620.4685116126942,913.2348823870084,904.3291862166693,744.7928919176285,578.3146432440275,1.1494134998883965,1,40.63631799999712,32.05816777487551,31.38908695311804,16.692476748111083,-7.289088882862569
18,160,incident,0.15,40.63631799999712,913.2348823870084,904.3291862166693,744.7928919176285,578.3146432440275,620.4685116126942,1.150096500168729,1,32.05816777487551,31.38908695311804,16.692476748111083,-7.289088882862569,620.4685116126942,913.2348823870084,904.3291862166693,744.7928919176285,578.3146432440275,1.150096500168729,1,40.63631799999712,32.05816777487551,31.38908695311804,16.692476748111083,-7.289088882862569
18,160,incident,0.2,40.63631799999712,913.2348823870084,904.3291862166693,744.7928919176285,578.3146432440275,620.4685116126942,1.194252499999493,1,32.05816777487551,31.38908695311804,16.692476748111083,-7.289088882862569,620.4685116126942,913.2348823870084,904.3291862166693,744.7928919176285,578.3146432440275,1.194252499999493,1,40.63631799999712,32.05816777487551,31.38908695311804,16.692476748111083,-7.289088882862569
135,90,incident,0.05,39.046604999839474,580.539955524136,580.539955524136,513.4345248366343,511.5225372396286,513.4345248366343,0.4179649999969115,1,11.559140770408481,11.559140770408481,0.0,-0.37378364740750386,513.4345248366343,580.539955524136,580.539955524136,513.4345248366343,511.5225372396286,0.4179649999969115,1,39.046604999839474,11.559140770408481,11.559140770408481,0.0,-0.37378364740750386
135,90,incident,0.1,39.046604999839474,580.539955524136,580.539955524136,513.4345248366343,511.5225372396286,513.4345248366343,0.5502635001448652,1,11.559140770408481,11.559140770408481,0.0,-0.37378364740750386,513.4345248366343,580.539955524136,580.539955524136,513.4345248366343,511.5225372396286,0.5502635001448652,1,39.046604999839474,11.559140770408481,11.559140770408481,0.0,-0.37378364740750386
135,90,incident,0.15,39.046604999839474,580.539955524136,580.539955524136,513.4345248366343,511.5225372396286,513.4345248366343,0.39531900006295473,1,11.559140770408481,11.559140770408481,0.0,-0.37378364740750386,513.4345248366343,580.539955524136,580.539955524136,513.4345248366343,511.5225372396286,0.39531900006295473,1,39.046604999839474,11.559140770408481,11.559140770408481,0.0,-0.37378364740750386
135,90,incident,0.2,39.046604999839474,580.539955524136,580.539955524136,513.4345248366343,511.5225372396286,513.4345248366343,0.42154349989687034,1,11.559140770408481,11.559140770408481,0.0,-0.37378364740750386,513.4345248366343,580.539955524136,580.539955524136,513.4345248366343,511.5225372396286,0.42154349989687034,1,39.046604999839474,11.559140770408481,11.559140770408481,0.0,-0.37378364740750386
89,177,incident,0.05,41.3261649996457,660.8795321866717,596.1996761754729,623.4277608116187,520.0925092502146,623.4277608116187,0.12062133358388867,2,5.666958886006836,-4.566940527510798,0.0,-19.868629084924947,623.4277608116187,660.8795321866717,596.1996761754729,623.4277608116187,520.0925092502146,0.12062133358388867,2,41.3261649996457,5.666958886006836,-4.566940527510798,0.0,-19.868629084924947
89,177,incident,0.1,41.3261649996457,660.8795321866717,596.1996761754729,623.4277608116187,520.0925092502146,623.4277608116187,0.11210999991817516,2,5.666958886006836,-4.566940527510798,0.0,-19.868629084924947,623.4277608116187,660.8795321866717,596.1996761754729,623.4277608116187,520.0925092502146,0.11210999991817516,2,41.3261649996457,5.666958886006836,-4.566940527510798,0.0,-19.868629084924947
89,177,incident,0.15,41.3261649996457,660.8795321866717,596.1996761754729,623.4277608116187,520.0925092502146,623.4277608116187,0.11487066664509864,2,5.666958886006836,-4.566940527510798,0.0,-19.868629084924947,623.4277608116187,660.8795321866717,596.1996761754729,623.4277608116187,520.0925092502146,0.11487066664509864,2,41.3261649996457,5.666958886006836,-4.566940527510798,0.0,-19.868629084924947
89,177,incident,0.2,41.3261649996457,660.8795321866717,596.1996761754729,623.4277608116187,520.0925092502146,569.8434138723491,0.16118349981297797,1,13.774994364420504,4.420710603567429,8.595117238524963,-9.565779882863017,569.8434138723491,660.8795321866717,596.1996761754729,623.4277608116187,520.0925092502146,0.16118349981297797,1,41.3261649996457,13.774994364420504,4.420710603567429,8.595117238524963,-9.565779882863017
152,157,incident,0.05,39.442123000299034,636.1235080954452,413.7264724002519,527.3157337636984,413.7264724002519,525.933937229735,0.653610000123687,2,17.322040368484103,-27.121171187936472,0.2620434865656126,-27.121171187936472,525.933937229735,636.1235080954452,413.7264724002519,527.3157337636984,413.7264724002519,0.653610000123687,2,39.442123000299034,17.322040368484103,-27.121171187936472,0.2620434865656126,-27.121171187936472
152,157,incident,0.1,39.442123000299034,636.1235080954452,413.7264724002519,527.3157337636984,413.7264724002519,525.933937229735,0.6435839998933565,2,17.322040368484103,-27.121171187936472,0.2620434865656126,-27.121171187936472,525.933937229735,636.1235080954452,413.7264724002519,527.3157337636984,413.7264724002519,0.6435839998933565,2,39.442123000299034,17.322040368484103,-27.121171187936472,0.2620434865656126,-27.121171187936472
152,157,incident,0.15,39.442123000299034,636.1235080954452,413.7264724002519,527.3157337636984,413.7264724002519,525.933937229735,0.6670616667179274,2,17.322040368484103,-27.121171187936472,0.2620434865656126,-27.121171187936472,525.933937229735,636.1235080954452,413.7264724002519,527.3157337636984,413.7264724002519,0.6670616667179274,2,39.442123000299034,17.322040368484103,-27.121171187936472,0.2620434865656126,-27.121171187936472
152,157,incident,0.2,39.442123000299034,636.1235080954452,413.7264724002519,527.3157337636984,413.7264724002519,525.933937229735,0.6967376666580094,2,17.322040368484103,-27.121171187936472,0.2620434865656126,-27.121171187936472,525.933937229735,636.1235080954452,413.7264724002519,527.3157337636984,413.7264724002519,0.6967376666580094,2,39.442123000299034,17.322040368484103,-27.121171187936472,0.2620434865656126,-27.121171187936472
14,200,incident,0.05,41.08587800010355,765.0882440600227,765.522732043578,716.6384710238484,716.1028524151678,716.6384710238484,0.17815900014284125,1,6.33257319169752,6.385736043295815,0.0,-0.07479632386243436,716.6384710238484,765.0882440600227,765.522732043578,716.6384710238484,716.1028524151678,0.17815900014284125,1,41.08587800010355,6.33257319169752,6.385736043295815,0.0,-0.07479632386243436
14,200,incident,0.1,41.08587800010355,765.0882440600227,765.522732043578,716.6384710238484,716.1028524151678,716.6384710238484,0.1681384999301372,1,6.33257319169752,6.385736043295815,0.0,-0.07479632386243436,716.6384710238484,765.0882440600227,765.522732043578,716.6384710238484,716.1028524151678,0.1681384999301372,1,41.08587800010355,6.33257319169752,6.385736043295815,0.0,-0.07479632386243436
14,200,incident,0.15,41.08587800010355,765.0882440600227,765.522732043578,716.6384710238484,716.1028524151678,716.6384710238484,0.1936260000547918,1,6.33257319169752,6.385736043295815,0.0,-0.07479632386243436,716.6384710238484,765.0882440600227,765.522732043578,716.6384710238484,716.1028524151678,0.1936260000547918,1,41.08587800010355,6.33257319169752,6.385736043295815,0.0,-0.07479632386243436
14,200,incident,0.2,41.08587800010355,765.0882440600227,765.522732043578,716.6384710238484,716.1028524151678,716.6384710238484,0.17806849996304663,1,6.33257319169752,6.385736043295815,0.0,-0.07479632386243436,716.6384710238484,765.0882440600227,765.522732043578,716.6384710238484,716.1028524151678,0.17806849996304663,1,41.08587800010355,6.33257319169752,6.385736043295815,0.0,-0.07479632386243436
92,184,incident,0.05,39.27962900024795,545.6869989253734,545.6965947316544,502.6694274562302,502.6694274562302,502.6694274562302,0.21780850011055009,1,7.8831952298401955,7.884815058555154,0.0,0.0,502.6694274562302,545.6869989253734,545.6965947316544,502.6694274562302,502.6694274562302,0.21780850011055009,1,39.27962900024795,7.8831952298401955,7.884815058555154,0.0,0.0
92,184,incident,0.1,39.27962900024795,545.6869989253734,545.6965947316544,502.6694274562302,502.6694274562302,502.6694274562302,0.21983900001032453,1,7.8831952298401955,7.884815058555154,0.0,0.0,502.6694274562302,545.6869989253734,545.6965947316544,502.6694274562302,502.6694274562302,0.21983900001032453,1,39.27962900024795,7.8831952298401955,7.884815058555154,0.0,0.0
92,184,incident,0.15,39.27962900024795,545.6869989253734,545.6965947316544,502.6694274562302,502.6694274562302,502.6694274562302,0.2345630000490928,1,7.8831952298401955,7.884815058555154,0.0,0.0,502.6694274562302,545.6869989253734,545.6965947316544,502.6694274562302,502.6694274562302,0.2345630000490928,1,39.27962900024795,7.8831952298401955,7.884815058555154,0.0,0.0
92,184,incident,0.2,39.27962900024795,545.6869989253734,545.6965947316544,502.6694274562302,502.6694274562302,502.6694274562302,0.20548399993458588,1,7.8831952298401955,7.884815058555154,0.0,0.0,502.6694274562302,545.6869989253734,545.6965947316544,502.6694274562302,502.6694274562302,0.20548399993458588,1,39.27962900024795,7.8831952298401955,7.884815058555154,0.0,0.0
75,200,incident,0.05,38.634256000023015,824.3165055241719,724.0992848660152,745.2203938801488,692.319363210749,745.2203938801488,0.38628250013061916,1,9.595357015655896,-2.9168802477193125,0.0,-7.641131171611648,745.2203938801488,824.3165055241719,724.0992848660152,745.2203938801488,692.319363210749,0.38628250013061916,1,38.634256000023015,9.595357015655896,-2.9168802477193125,0.0,-7.641131171611648
75,200,incident,0.1,38.634256000023015,824.3165055241719,724.0992848660152,745.2203938801488,692.319363210749,745.2203938801488,0.3225309999379533,1,9.595357015655896,-2.9168802477193125,0.0,-7.641131171611648,745.2203938801488,824.3165055241719,724.0992848660152,745.2203938801488,692.319363210749,0.3225309999379533,1,38.634256000023015,9.595357015655896,-2.9168802477193125,0.0,-7.641131171611648
75,200,incident,0.15,38.634256000023015,824.3165055241719,724.0992848660152,745.2203938801488,692.319363210749,745.2203938801488,0.3138654999474966,1,9.595357015655896,-2.9168802477193125,0.0,-7.641131171611648,745.2203938801488,824.3165055241719,724.0992848660152,745.2203938801488,692.319363210749,0.3138654999474966,1,38.634256000023015,9.595357015655896,-2.9168802477193125,0.0,-7.641131171611648
75,200,incident,0.2,38.634256000023015,824.3165055241719,724.0992848660152,745.2203938801488,692.319363210749,745.2203938801488,0.3068384999096452,1,9.595357015655896,-2.9168802477193125,0.0,-7.641131171611648,745.2203938801488,824.3165055241719,724.0992848660152,745.2203938801488,692.319363210749,0.3068384999096452,1,38.634256000023015,9.595357015655896,-2.9168802477193125,0.0,-7.641131171611648
187,76,incident,0.05,42.684078000092995,525.795251811637,525.795251811637,446.16785887377875,352.9857688322641,446.16785887377875,0.23410100016008073,1,15.144182581242523,15.144182581242523,0.0,-26.39825689000907,446.16785887377875,525.795251811637,525.795251811637,446.16785887377875,352.9857688322641,0.23410100016008073,1,42.684078000092995,15.144182581242523,15.144182581242523,0.0,-26.39825689000907
187,76,incident,0.1,42.684078000092995,525.795251811637,525.795251811637,446.16785887377875,352.9857688322641,446.16785887377875,0.21585050012618012,1,15.144182581242523,15.144182581242523,0.0,-26.39825689000907,446.16785887377875,525.795251811637,525.795251811637,446.16785887377875,352.9857688322641,0.21585050012618012,1,42.684078000092995,15.144182581242523,15.144182581242523,0.0,-26.39825689000907
187,76,incident,0.15,42.684078000092995,525.795251811637,525.795251811637,446.16785887377875,352.9857688322641,446.16785887377875,0.20290099996600475,1,15.144182581242523,15.144182581242523,0.0,-26.39825689000907,446.16785887377875,525.795251811637,525.795251811637,446.16785887377875,352.9857688322641,0.20290099996600475,1,42.684078000092995,15.144182581242523,15.144182581242523,0.0,-26.39825689000907
187,76,incident,0.2,42.684078000092995,525.795251811637,525.795251811637,446.16785887377875,352.9857688322641,446.16785887377875,0.19945500002904737,1,15.144182581242523,15.144182581242523,0.0,-26.39825689000907,446.16785887377875,525.795251811637,525.795251811637,446.16785887377875,352.9857688322641,0.19945500002904737,1,42.684078000092995,15.144182581242523,15.144182581242523,0.0,-26.39825689000907
33,172,incident,0.05,39.02441700029158,665.7521414303108,665.7521414303108,600.1195971132696,622.3854346941388,600.1195971132696,0.16371950005122926,1,9.858405288195591,9.858405288195591,0.0,3.577499783845578,600.1195971132696,665.7521414303108,665.7521414303108,600.1195971132696,622.3854346941388,0.16371950005122926,1,39.02441700029158,9.858405288195591,9.858405288195591,0.0,3.577499783845578
33,172,incident,0.1,39.02441700029158,665.7521414303108,665.7521414303108,600.1195971132696,622.3854346941388,600.1195971132696,0.15452449974873161,1,9.858405288195591,9.858405288195591,0.0,3.577499783845578,600.1195971132696,665.7521414303108,665.7521414303108,600.1195971132696,622.3854346941388,0.15452449974873161,1,39.02441700029158,9.858405288195591,9.858405288195591,0.0,3.577499783845578
33,172,incident,0.15,39.02441700029158,665.7521414303108,665.7521414303108,600.1195971132696,622.3854346941388,600.1195971132696,0.1422919999640726,1,9.858405288195591,9.858405288195591,0.0,3.577499783845578,600.1195971132696,665.7521414303108,665.7521414303108,600.1195971132696,622.3854346941388,0.1422919999640726,1,39.02441700029158,9.858405288195591,9.858405288195591,0.0,3.577499783845578
33,172,incident,0.2,39.02441700029158,665.7521414303108,665.7521414303108,600.1195971132696,622.3854346941388,600.1195971132696,0.1596634999714297,1,9.858405288195591,9.858405288195591,0.0,3.577499783845578,600.1195971132696,665.7521414303108,665.7521414303108,600.1195971132696,622.3854346941388,0.1596634999714297,1,39.02441700029158,9.858405288195591,9.858405288195591,0.0,3.577499783845578
130,144,incident,0.05,39.23050899993541,934.2792064568479,937.3266695006432,667.1890360736535,566.3354119241365,667.1890360736535,0.1644006667144519,2,28.5878320460652,28.820009311257984,0.0,-17.808108415270155,667.1890360736535,934.2792064568479,937.3266695006432,667.1890360736535,566.3354119241365,0.1644006667144519,2,39.23050899993541,28.5878320460652,28.820009311257984,0.0,-17.808108415270155
130,144,incident,0.1,39.23050899993541,934.2792064568479,937.3266695006432,667.1890360736535,566.3354119241365,667.1890360736535,0.14302866672248152,2,28.5878320460652,28.820009311257984,0.0,-17.808108415270155,667.1890360736535,934.2792064568479,937.3266695006432,667.1890360736535,566.3354119241365,0.14302866672248152,2,39.23050899993541,28.5878320460652,28.820009311257984,0.0,-17.808108415270155
130,144,incident,0.15,39.23050899993541,934.2792064568479,937.3266695006432,667.1890360736535,566.3354119241365,667.1890360736535,0.1627763334302775,2,28.5878320460652,28.820009311257984,0.0,-17.808108415270155,667.1890360736535,934.2792064568479,937.3266695006432,667.1890360736535,566.3354119241365,0.1627763334302775,2,39.23050899993541,28.5878320460652,28.820009311257984,0.0,-17.808108415270155
130,144,incident,0.2,39.23050899993541,934.2792064568479,937.3266695006432,667.1890360736535,566.3354119241365,667.1890360736535,0.12932033314427827,2,28.5878320460652,28.820009311257984,0.0,-17.808108415270155,667.1890360736535,934.2792064568479,937.3266695006432,667.1890360736535,566.3354119241365,0.12932033314427827,2,39.23050899993541,28.5878320460652,28.820009311257984,0.0,-17.808108415270155
90,166,incident,0.05,39.02635099984764,769.3601569533805,906.6226952649573,583.2446062458731,578.0391406227025,583.2446062458731,0.270192500011035,1,24.19095257603587,35.66843083765712,0.0,-0.9005386067045524,583.2446062458731,769.3601569533805,906.6226952649573,583.2446062458731,578.0391406227025,0.270192500011035,1,39.02635099984764,24.19095257603587,35.66843083765712,0.0,-0.9005386067045524
90,166,incident,0.1,39.02635099984764,769.3601569533805,906.6226952649573,583.2446062458731,578.0391406227025,583.2446062458731,0.2779295000436832,1,24.19095257603587,35.66843083765712,0.0,-0.9005386067045524,583.2446062458731,769.3601569533805,906.6226952649573,583.2446062458731,578.0391406227025,0.2779295000436832,1,39.02635099984764,24.19095257603587,35.66843083765712,0.0,-0.9005386067045524
90,166,incident,0.15,39.02635099984764,769.3601569533805,906.6226952649573,583.2446062458731,578.0391406227025,583.2446062458731,0.291001999812579,1,24.19095257603587,35.66843083765712,0.0,-0.9005386067045524,583.2446062458731,769.3601569533805,906.6226952649573,583.2446062458731,578.0391406227025,0.291001999812579,1,39.02635099984764,24.19095257603587,35.66843083765712,0.0,-0.9005386067045524
90,166,incident,0.2,39.02635099984764,769.3601569533805,906.6226952649573,583.2446062458731,578.0391406227025,628.1795285883642,0.21993850009494054,1,18.350395076875706,30.712132856460105,-7.704301396239274,-8.674220211393841,628.1795285883642,769.3601569533805,906.6226952649573,583.2446062458731,578.0391406227025,0.21993850009494054,1,39.02635099984764,18.350395076875706,30.712132856460105,-7.704301396239274,-8.674220211393841
131,28,incident,0.05,39.10041699964495,674.6212390451788,674.6212390451788,591.4888181230274,591.4888181230274,591.4888181230274,0.2057870001408446,1,12.322828886889532,12.322828886889532,0.0,0.0,591.4888181230274,674.6212390451788,674.6212390451788,591.4888181230274,591.4888181230274,0.2057870001408446,1,39.10041699964495,12.322828886889532,12.322828886889532,0.0,0.0
131,28,incident,0.1,39.10041699964495,674.6212390451788,674.6212390451788,591.4888181230274,591.4888181230274,591.4888181230274,0.21323349983504158,1,12.322828886889532,12.322828886889532,0.0,0.0,591.4888181230274,674.6212390451788,674.6212390451788,591.4888181230274,591.4888181230274,0.21323349983504158,1,39.10041699964495,12.322828886889532,12.322828886889532,0.0,0.0
131,28,incident,0.15,39.10041699964495,674.6212390451788,674.6212390451788,591.4888181230274,591.4888181230274,591.4888181230274,0.2273045001857099,1,12.322828886889532,12.322828886889532,0.0,0.0,591.4888181230274,674.6212390451788,674.6212390451788,591.4888181230274,591.4888181230274,0.2273045001857099,1,39.10041699964495,12.322828886889532,12.322828886889532,0.0,0.0
131,28,incident,0.2,39.10041699964495,674.6212390451788,674.6212390451788,591.4888181230274,591.4888181230274,591.4888181230274,0.23430850001204817,1,12.322828886889532,12.322828886889532,0.0,0.0,591.4888181230274,674.6212390451788,674.6212390451788,591.4888181230274,591.4888181230274,0.23430850001204817,1,39.10041699964495,12.322828886889532,12.322828886889532,0.0,0.0
50,23,incident,0.05,39.27240399980292,603.4959443996943,574.9481337251561,519.0498245664069,519.4187538442004,518.3963043949516,0.8435719998942659,1,14.101112160644671,9.835987981002503,0.12590702096878817,0.19684492361542807,518.3963043949516,603.4959443996943,574.9481337251561,519.0498245664069,519.4187538442004,0.8435719998942659,1,39.27240399980292,14.101112160644671,9.835987981002503,0.12590702096878817,0.19684492361542807
50,23,incident,0.1,39.27240399980292,603.4959443996943,574.9481337251561,519.0498245664069,519.4187538442004,518.3963043949516,0.8354390001841239,1,14.101112160644671,9.835987981002503,0.12590702096878817,0.19684492361542807,518.3963043949516,603.4959443996943,574.9481337251561,519.0498245664069,519.4187538442004,0.8354390001841239,1,39.27240399980292,14.101112160644671,9.835987981002503,0.12590702096878817,0.19684492361542807
50,23,incident,0.15,39.27240399980292,603.4959443996943,574.9481337251561,519.0498245664069,519.4187538442004,518.3963043949516,0.8626184999229736,1,14.101112160644671,9.835987981002503,0.12590702096878817,0.19684492361542807,518.3963043949516,603.4959443996943,574.9481337251561,519.0498245664069,519.4187538442004,0.8626184999229736,1,39.27240399980292,14.101112160644671,9.835987981002503,0.12590702096878817,0.19684492361542807
50,23,incident,0.2,39.27240399980292,603.4959443996943,574.9481337251561,519.0498245664069,519.4187538442004,518.3963043949516,0.8566885001073388,1,14.101112160644671,9.835987981002503,0.12590702096878817,0.19684492361542807,518.3963043949516,603.4959443996943,574.9481337251561,519.0498245664069,519.4187538442004,0.8566885001073388,1,39.27240399980292,14.101112160644671,9.835987981002503,0.12590702096878817,0.19684492361542807
16,158,incident,0.05,39.605150999705074,800.1735971188543,893.4683293706426,542.9101261362573,542.9101261362573,542.9101261362573,0.1755969999521767,1,32.15095723089501,39.23566081870163,0.0,0.0,542.9101261362573,800.1735971188543,893.4683293706426,542.9101261362573,542.9101261362573,0.1755969999521767,1,39.605150999705074,32.15095723089501,39.23566081870163,0.0,0.0
16,158,incident,0.1,39.605150999705074,800.1735971188543,893.4683293706426,542.9101261362573,542.9101261362573,542.9101261362573,0.15514899996560416,1,32.15095723089501,39.23566081870163,0.0,0.0,542.9101261362573,800.1735971188543,893.4683293706426,542.9101261362573,542.9101261362573,0.15514899996560416,1,39.605150999705074,32.15095723089501,39.23566081870163,0.0,0.0
16,158,incident,0.15,39.605150999705074,800.1735971188543,893.4683293706426,542.9101261362573,542.9101261362573,542.9101261362573,0.18598049996398913,1,32.15095723089501,39.23566081870163,0.0,0.0,542.9101261362573,800.1735971188543,893.4683293706426,542.9101261362573,542.9101261362573,0.18598049996398913,1,39.605150999705074,32.15095723089501,39.23566081870163,0.0,0.0
16,158,incident,0.2,39.605150999705074,800.1735971188543,893.4683293706426,542.9101261362573,542.9101261362573,542.9101261362573,0.17856649992609164,1,32.15095723089501,39.23566081870163,0.0,0.0,542.9101261362573,800.1735971188543,893.4683293706426,542.9101261362573,542.9101261362573,0.17856649992609164,1,39.605150999705074,32.15095723089501,39.23566081870163,0.0,0.0
189,60,incident,0.05,38.869388999955845,864.3779622154275,942.0730650368807,651.9450404641528,631.5383361279021,651.9450404641528,0.12277299993002089,2,24.57639262421759,30.79676463962695,0.0,-3.2312692941759744,651.9450404641528,864.3779622154275,942.0730650368807,651.9450404641528,631.5383361279021,0.12277299993002089,2,38.869388999955845,24.57639262421759,30.79676463962695,0.0,-3.2312692941759744
189,60,incident,0.1,38.869388999955845,864.3779622154275,942.0730650368807,651.9450404641528,631.5383361279021,651.9450404641528,0.1508393332490717,2,24.57639262421759,30.79676463962695,0.0,-3.2312692941759744,651.9450404641528,864.3779622154275,942.0730650368807,651.9450404641528,631.5383361279021,0.1508393332490717,2,38.869388999955845,24.57639262421759,30.79676463962695,0.0,-3.2312692941759744
189,60,incident,0.15,38.869388999955845,864.3779622154275,942.0730650368807,651.9450404641528,631.5383361279021,651.9450404641528,0.14760899997175633,2,24.57639262421759,30.79676463962695,0.0,-3.2312692941759744,651.9450404641528,864.3779622154275,942.0730650368807,651.9450404641528,631.5383361279021,0.14760899997175633,2,38.869388999955845,24.57639262421759,30.79676463962695,0.0,-3.2312692941759744
189,60,incident,0.2,38.869388999955845,864.3779622154275,942.0730650368807,651.9450404641528,631.5383361279021,651.9450404641528,0.12456266676963423,2,24.57639262421759,30.79676463962695,0.0,-3.2312692941759744,651.9450404641528,864.3779622154275,942.0730650368807,651.9450404641528,631.5383361279021,0.12456266676963423,2,38.869388999955845,24.57639262421759,30.79676463962695,0.0,-3.2312692941759744
104,162,incident,0.05,41.58517399991979,701.1616987858179,680.5853718015894,493.9150815055345,469.9448540534865,493.9150815055345,0.1945585001976724,1,29.55760670315657,27.427902219220012,0.0,-5.100646862135836,493.9150815055345,701.1616987858179,680.5853718015894,493.9150815055345,469.9448540534865,0.1945585001976724,1,41.58517399991979,29.55760670315657,27.427902219220012,0.0,-5.100646862135836
104,162,incident,0.1,41.58517399991979,701.1616987858179,680.5853718015894,493.9150815055345,469.9448540534865,493.9150815055345,0.18741400003818853,1,29.55760670315657,27.427902219220012,0.0,-5.100646862135836,493.9150815055345,701.1616987858179,680.5853718015894,493.9150815055345,469.9448540534865,0.18741400003818853,1,41.58517399991979,29.55760670315657,27.427902219220012,0.0,-5.100646862135836
104,162,incident,0.15,41.58517399991979,701.1616987858179,680.5853718015894,493.9150815055345,469.9448540534865,493.9150815055345,0.1702849999674072,1,29.55760670315657,27.427902219220012,0.0,-5.100646862135836,493.9150815055345,701.1616987858179,680.5853718015894,493.9150815055345,469.9448540534865,0.1702849999674072,1,41.58517399991979,29.55760670315657,27.427902219220012,0.0,-5.100646862135836
104,162,incident,0.2,41.58517399991979,701.1616987858179,680.5853718015894,493.9150815055345,469.9448540534865,493.9150815055345,0.1590009999290487,1,29.55760670315657,27.427902219220012,0.0,-5.100646862135836,493.9150815055345,701.1616987858179,680.5853718015894,493.9150815055345,469.9448540534865,0.1590009999290487,1,41.58517399991979,29.55760670315657,27.427902219220012,0.0,-5.100646862135836
86,168,incident,0.05,39.678231999914715,610.4917844830686,610.4917844830686,472.8810283264357,472.8810283264357,472.8810283264357,0.2667530000053375,1,22.54096773360419,22.54096773360419,0.0,0.0,472.8810283264357,610.4917844830686,610.4917844830686,472.8810283264357,472.8810283264357,0.2667530000053375,1,39.678231999914715,22.54096773360419,22.54096773360419,0.0,0.0
86,168,incident,0.1,39.678231999914715,610.4917844830686,610.4917844830686,472.8810283264357,472.8810283264357,472.8810283264357,0.22204199990483175,1,22.54096773360419,22.54096773360419,0.0,0.0,472.8810283264357,610.4917844830686,610.4917844830686,472.8810283264357,472.8810283264357,0.22204199990483175,1,39.678231999914715,22.54096773360419,22.54096773360419,0.0,0.0
86,168,incident,0.15,39.678231999914715,610.4917844830686,610.4917844830686,472.8810283264357,472.8810283264357,472.8810283264357,0.20190600002933934,1,22.54096773360419,22.54096773360419,0.0,0.0,472.8810283264357,610.4917844830686,610.4917844830686,472.8810283264357,472.8810283264357,0.20190600002933934,1,39.678231999914715,22.54096773360419,22.54096773360419,0.0,0.0
86,168,incident,0.2,39.678231999914715,610.4917844830686,610.4917844830686,472.8810283264357,472.8810283264357,472.8810283264357,0.2135004999672674,1,22.54096773360419,22.54096773360419,0.0,0.0,472.8810283264357,610.4917844830686,610.4917844830686,472.8810283264357,472.8810283264357,0.2135004999672674,1,39.678231999914715,22.54096773360419,22.54096773360419,0.0,0.0
66,34,incident,0.05,41.23174799997287,982.5489530898383,1082.0112698435937,636.7881885810106,636.7881885810106,636.7881885810106,0.2417015000446554,1,35.19018196716897,41.14773049701606,0.0,0.0,636.7881885810106,982.5489530898383,1082.0112698435937,636.7881885810106,636.7881885810106,0.2417015000446554,1,41.23174799997287,35.19018196716897,41.14773049701606,0.0,0.0
66,34,incident,0.1,41.23174799997287,982.5489530898383,1082.0112698435937,636.7881885810106,636.7881885810106,636.7881885810106,0.2209584999945946,1,35.19018196716897,41.14773049701606,0.0,0.0,636.7881885810106,982.5489530898383,1082.0112698435937,636.7881885810106,636.7881885810106,0.2209584999945946,1,41.23174799997287,35.19018196716897,41.14773049701606,0.0,0.0
66,34,incident,0.15,41.23174799997287,982.5489530898383,1082.0112698435937,636.7881885810106,636.7881885810106,636.7881885810106,0.2235699998891505,1,35.19018196716897,41.14773049701606,0.0,0.0,636.7881885810106,982.5489530898383,1082.0112698435937,636.7881885810106,636.7881885810106,0.2235699998891505,1,41.23174799997287,35.19018196716897,41.14773049701606,0.0,0.0
66,34,incident,0.2,41.23174799997287,982.5489530898383,1082.0112698435937,636.7881885810106,636.7881885810106,651.8442499870908,0.25218800010406994,0,33.65783476362931,39.75624208781893,-2.364375105579537,-2.364375105579537,651.8442499870908,982.5489530898383,1082.0112698435937,636.7881885810106,636.7881885810106,0.25218800010406994,0,41.23174799997287,33.65783476362931,39.75624208781893,-2.364375105579537,-2.364375105579537
148,33,incident,0.05,38.93546800009062,678.3435421514514,678.3435421514514,422.52736288189595,422.52736288189595,422.52736288189595,0.16366700015169044,1,37.711891301891434,37.711891301891434,0.0,0.0,422.52736288189595,678.3435421514514,678.3435421514514,422.52736288189595,422.52736288189595,0.16366700015169044,1,38.93546800009062,37.711891301891434,37.711891301891434,0.0,0.0
148,33,incident,0.1,38.93546800009062,678.3435421514514,678.3435421514514,422.52736288189595,422.52736288189595,422.52736288189595,0.17226799991476582,1,37.711891301891434,37.711891301891434,0.0,0.0,422.52736288189595,678.3435421514514,678.3435421514514,422.52736288189595,422.52736288189595,0.17226799991476582,1,38.93546800009062,37.711891301891434,37.711891301891434,0.0,0.0
148,33,incident,0.15,38.93546800009062,678.3435421514514,678.3435421514514,422.52736288189595,422.52736288189595,422.52736288189595,0.21135199995114817,1,37.711891301891434,37.711891301891434,0.0,0.0,422.52736288189595,678.3435421514514,678.3435421514514,422.52736288189595,422.52736288189595,0.21135199995114817,1,38.93546800009062,37.711891301891434,37.711891301891434,0.0,0.0
148,33,incident,0.2,38.93546800009062,678.3435421514514,678.3435421514514,422.52736288189595,422.52736288189595,422.52736288189595,0.17429799981982796,1,37.711891301891434,37.711891301891434,0.0,0.0,422.52736288189595,678.3435421514514,678.3435421514514,422.52736288189595,422.52736288189595,0.17429799981982796,1,38.93546800009062,37.711891301891434,37.711891301891434,0.0,0.0
34,78,incident,0.05,39.11114899983659,1281.7547649942396,1243.5357555477497,866.8550273367748,877.6319820712688,866.8550273367748,0.8874580000792776,1,32.36966610062335,30.29110554565883,0.0,1.2279582962621378,866.8550273367748,1281.7547649942396,1243.5357555477497,866.8550273367748,877.6319820712688,0.8874580000792776,1,39.11114899983659,32.36966610062335,30.29110554565883,0.0,1.2279582962621378
34,78,incident,0.1,39.11114899983659,1281.7547649942396,1243.5357555477497,866.8550273367748,877.6319820712688,866.8550273367748,0.9226580000358808,1,32.36966610062335,30.29110554565883,0.0,1.2279582962621378,866.8550273367748,1281.7547649942396,1243.5357555477497,866.8550273367748,877.6319820712688,0.9226580000358808,1,39.11114899983659,32.36966610062335,30.29110554565883,0.0,1.2279582962621378
34,78,incident,0.15,39.11114899983659,1281.7547649942396,1243.5357555477497,866.8550273367748,877.6319820712688,866.8550273367748,0.9091909998915071,1,32.36966610062335,30.29110554565883,0.0,1.2279582962621378,866.8550273367748,1281.7547649942396,1243.5357555477497,866.8550273367748,877.6319820712688,0.9091909998915071,1,39.11114899983659,32.36966610062335,30.29110554565883,0.0,1.2279582962621378
34,78,incident,0.2,39.11114899983659,1281.7547649942396,1243.5357555477497,866.8550273367748,877.6319820712688,866.8550273367748,0.8925515001010353,1,32.36966610062335,30.29110554565883,0.0,1.2279582962621378,866.8550273367748,1281.7547649942396,1243.5357555477497,866.8550273367748,877.6319820712688,0.8925515001010353,1,39.11114899983659,32.36966610062335,30.29110554565883,0.0,1.2279582962621378
125,74,incident,0.05,40.624026999921625,567.0762237638985,533.2880118760396,496.2563475381473,487.87487205989515,487.87487205989515,0.34459166666541324,2,13.966614783866998,8.515687359328927,1.688940709742326,0.0,487.87487205989515,567.0762237638985,533.2880118760396,496.2563475381473,487.87487205989515,0.34459166666541324,2,40.624026999921625,13.966614783866998,8.515687359328927,1.688940709742326,0.0
125,74,incident,0.1,40.624026999921625,567.0762237638985,533.2880118760396,496.2563475381473,487.87487205989515,487.87487205989515,0.3299049999441195,2,13.966614783866998,8.515687359328927,1.688940709742326,0.0,487.87487205989515,567.0762237638985,533.2880118760396,496.2563475381473,487.87487205989515,0.3299049999441195,2,40.624026999921625,13.966614783866998,8.515687359328927,1.688940709742326,0.0
125,74,incident,0.15,40.624026999921625,567.0762237638985,533.2880118760396,496.2563475381473,487.87487205989515,487.87487205989515,0.32986233357708744,2,13.966614783866998,8.515687359328927,1.688940709742326,0.0,487.87487205989515,567.0762237638985,533.2880118760396,496.2563475381473,487.87487205989515,0.32986233357708744,2,40.624026999921625,13.966614783866998,8.515687359328927,1.688940709742326,0.0
125,74,incident,0.2,40.624026999921625,567.0762237638985,533.2880118760396,496.2563475381473,487.87487205989515,487.87487205989515,0.34492399981900235,2,13.966614783866998,8.515687359328927,1.688940709742326,0.0,487.87487205989515,567.0762237638985,533.2880118760396,496.2563475381473,487.87487205989515,0.34492399981900235,2,40.624026999921625,13.966614783866998,8.515687359328927,1.688940709742326,0.0
198,18,incident,0.05,41.15467300016462,936.4933761895991,922.7442217094522,759.9648013886515,677.6757440939568,753.2199790967187,0.41865899993354105,1,19.570175481494864,18.37174794751651,0.8875177218218875,-11.147548906854187,753.2199790967187,936.4933761895991,922.7442217094522,759.9648013886515,677.6757440939568,0.41865899993354105,1,41.15467300016462,19.570175481494864,18.37174794751651,0.8875177218218875,-11.147548906854187
198,18,incident,0.1,41.15467300016462,936.4933761895991,922.7442217094522,759.9648013886515,677.6757440939568,753.2199790967187,0.39750850010022987,1,19.570175481494864,18.37174794751651,0.8875177218218875,-11.147548906854187,753.2199790967187,936.4933761895991,922.7442217094522,759.9648013886515,677.6757440939568,0.39750850010022987,1,41.15467300016462,19.570175481494864,18.37174794751651,0.8875177218218875,-11.147548906854187
198,18,incident,0.15,41.15467300016462,936.4933761895991,922.7442217094522,759.9648013886515,677.6757440939568,753.2199790967187,0.4248780001034902,1,19.570175481494864,18.37174794751651,0.8875177218218875,-11.147548906854187,753.2199790967187,936.4933761895991,922.7442217094522,759.9648013886515,677.6757440939568,0.4248780001034902,1,41.15467300016462,19.570175481494864,18.37174794751651,0.8875177218218875,-11.147548906854187
198,18,incident,0.2,41.15467300016462,936.4933761895991,922.7442217094522,759.9648013886515,677.6757440939568,753.2199790967187,0.4232035000768519,1,19.570175481494864,18.37174794751651,0.8875177218218875,-11.147548906854187,753.2199790967187,936.4933761895991,922.7442217094522,759.9648013886515,677.6757440939568,0.4232035000768519,1,41.15467300016462,19.570175481494864,18.37174794751651,0.8875177218218875,-11.147548906854187
158,200,incident,0.05,38.63315299986425,1030.778339453183,979.8946685283269,835.5410535037386,915.3967922029371,839.7708584748141,0.2527645001464407,1,18.530412763591478,14.299884931914198,-0.5062354450853543,8.26154672730788,839.7708584748141,1030.778339453183,979.8946685283269,835.5410535037386,915.3967922029371,0.2527645001464407,1,38.63315299986425,18.530412763591478,14.299884931914198,-0.5062354450853543,8.26154672730788
158,200,incident,0.1,38.63315299986425,1030.778339453183,979.8946685283269,835.5410535037386,915.3967922029371,839.7708584748141,0.2734095000960224,1,18.530412763591478,14.299884931914198,-0.5062354450853543,8.26154672730788,839.7708584748141,1030.778339453183,979.8946685283269,835.5410535037386,915.3967922029371,0.2734095000960224,1,38.63315299986425,18.530412763591478,14.299884931914198,-0.5062354450853543,8.26154672730788
158,200,incident,0.15,38.63315299986425,1030.778339453183,979.8946685283269,835.5410535037386,915.3967922029371,839.7708584748141,0.2656565002325806,1,18.530412763591478,14.299884931914198,-0.5062354450853543,8.26154672730788,839.7708584748141,1030.778339453183,979.8946685283269,835.5410535037386,915.3967922029371,0.2656565002325806,1,38.63315299986425,18.530412763591478,14.299884931914198,-0.5062354450853543,8.26154672730788
158,200,incident,0.2,38.63315299986425,1030.778339453183,979.8946685283269,835.5410535037386,915.3967922029371,839.7708584748141,0.24833149996084103,1,18.530412763591478,14.299884931914198,-0.5062354450853543,8.26154672730788,839.7708584748141,1030.778339453183,979.8946685283269,835.5410535037386,915.3967922029371,0.24833149996084103,1,38.63315299986425,18.530412763591478,14.299884931914198,-0.5062354450853543,8.26154672730788
54,148,incident,0.05,42.4341100001584,568.9079779063405,568.9079779063405,514.0033183787205,521.4328025738993,514.0033183787205,0.2471299999342591,1,9.650885847949747,9.650885847949747,0.0,1.4248210236305345,514.0033183787205,568.9079779063405,568.9079779063405,514.0033183787205,521.4328025738993,0.2471299999342591,1,42.4341100001584,9.650885847949747,9.650885847949747,0.0,1.4248210236305345
54,148,incident,0.1,42.4341100001584,568.9079779063405,568.9079779063405,514.0033183787205,521.4328025738993,514.0033183787205,0.24219999977503903,1,9.650885847949747,9.650885847949747,0.0,1.4248210236305345,514.0033183787205,568.9079779063405,568.9079779063405,514.0033183787205,521.4328025738993,0.24219999977503903,1,42.4341100001584,9.650885847949747,9.650885847949747,0.0,1.4248210236305345
54,148,incident,0.15,42.4341100001584,568.9079779063405,568.9079779063405,514.0033183787205,521.4328025738993,514.0033183787205,0.23377100001198414,1,9.650885847949747,9.650885847949747,0.0,1.4248210236305345,514.0033183787205,568.9079779063405,568.9079779063405,514.0033183787205,521.4328025738993,0.23377100001198414,1,42.4341100001584,9.650885847949747,9.650885847949747,0.0,1.4248210236305345
54,148,incident,0.2,42.4341100001584,568.9079779063405,568.9079779063405,514.0033183787205,521.4328025738993,514.0033183787205,0.22685249996357015,1,9.650885847949747,9.650885847949747,0.0,1.4248210236305345,514.0033183787205,568.9079779063405,568.9079779063405,514.0033183787205,521.4328025738993,0.22685249996357015,1,42.4341100001584,9.650885847949747,9.650885847949747,0.0,1.4248210236305345
92,186,incident,0.05,39.02186999994228,949.6737213124347,949.6737213124347,903.138619451979,903.8604684468202,903.138619451979,0.19851949991789297,1,4.900114725312701,4.900114725312701,0.0,0.07986287928728125,903.138619451979,949.6737213124347,949.6737213124347,903.138619451979,903.8604684468202,0.19851949991789297,1,39.02186999994228,4.900114725312701,4.900114725312701,0.0,0.07986287928728125
92,186,incident,0.1,39.02186999994228,949.6737213124347,949.6737213124347,903.138619451979,903.8604684468202,903.138619451979,0.229763499874025,1,4.900114725312701,4.900114725312701,0.0,0.07986287928728125,903.138619451979,949.6737213124347,949.6737213124347,903.138619451979,903.8604684468202,0.229763499874025,1,39.02186999994228,4.900114725312701,4.900114725312701,0.0,0.07986287928728125
92,186,incident,0.15,39.02186999994228,949.6737213124347,949.6737213124347,903.138619451979,903.8604684468202,903.138619451979,0.22698449993185932,1,4.900114725312701,4.900114725312701,0.0,0.07986287928728125,903.138619451979,949.6737213124347,949.6737213124347,903.138619451979,903.8604684468202,0.22698449993185932,1,39.02186999994228,4.900114725312701,4.900114725312701,0.0,0.07986287928728125
92,186,incident,0.2,39.02186999994228,949.6737213124347,949.6737213124347,903.138619451979,903.8604684468202,903.138619451979,0.22272049977800634,1,4.900114725312701,4.900114725312701,0.0,0.07986287928728125,903.138619451979,949.6737213124347,949.6737213124347,903.138619451979,903.8604684468202,0.22272049977800634,1,39.02186999994228,4.900114725312701,4.900114725312701,0.0,0.07986287928728125
130,17,incident,0.05,40.48021200014773,547.5061449113873,513.8101261013888,481.526483034432,481.526483034432,481.526483034432,0.18862200022340403,0,12.05094454010813,6.2831854467162485,0.0,0.0,481.526483034432,547.5061449113873,513.8101261013888,481.526483034432,481.526483034432,0.18862200022340403,0,40.48021200014773,12.05094454010813,6.2831854467162485,0.0,0.0
130,17,incident,0.1,40.48021200014773,547.5061449113873,513.8101261013888,481.526483034432,481.526483034432,481.526483034432,0.17578500001036446,0,12.05094454010813,6.2831854467162485,0.0,0.0,481.526483034432,547.5061449113873,513.8101261013888,481.526483034432,481.526483034432,0.17578500001036446,0,40.48021200014773,12.05094454010813,6.2831854467162485,0.0,0.0
130,17,incident,0.15,40.48021200014773,547.5061449113873,513.8101261013888,481.526483034432,481.526483034432,481.526483034432,0.20715299979201518,0,12.05094454010813,6.2831854467162485,0.0,0.0,481.526483034432,547.5061449113873,513.8101261013888,481.526483034432,481.526483034432,0.20715299979201518,0,40.48021200014773,12.05094454010813,6.2831854467162485,0.0,0.0
130,17,incident,0.2,40.48021200014773,547.5061449113873,513.8101261013888,481.526483034432,481.526483034432,481.526483034432,0.21339300019462826,0,12.05094454010813,6.2831854467162485,0.0,0.0,481.526483034432,547.5061449113873,513.8101261013888,481.526483034432,481.526483034432,0.21339300019462826,0,40.48021200014773,12.05094454010813,6.2831854467162485,0.0,0.0
162,8,incident,0.05,38.96421100034786,624.7602721274807,624.7602721274807,533.325681486556,533.325681486556,533.325681486556,1.000436500135038,1,14.63514802718884,14.63514802718884,0.0,0.0,533.325681486556,624.7602721274807,624.7602721274807,533.325681486556,533.325681486556,1.000436500135038,1,38.96421100034786,14.63514802718884,14.63514802718884,0.0,0.0
162,8,incident,0.1,38.96421100034786,624.7602721274807,624.7602721274807,533.325681486556,533.325681486556,533.325681486556,1.0076050000407122,1,14.63514802718884,14.63514802718884,0.0,0.0,533.325681486556,624.7602721274807,624.7602721274807,533.325681486556,533.325681486556,1.0076050000407122,1,38.96421100034786,14.63514802718884,14.63514802718884,0.0,0.0
162,8,incident,0.15,38.96421100034786,624.7602721274807,624.7602721274807,533.325681486556,533.325681486556,533.325681486556,1.0186174999944342,1,14.63514802718884,14.63514802718884,0.0,0.0,533.325681486556,624.7602721274807,624.7602721274807,533.325681486556,533.325681486556,1.0186174999944342,1,38.96421100034786,14.63514802718884,14.63514802718884,0.0,0.0
162,8,incident,0.2,38.96421100034786,624.7602721274807,624.7602721274807,533.325681486556,533.325681486556,533.325681486556,1.0152725001262297,1,14.63514802718884,14.63514802718884,0.0,0.0,533.325681486556,624.7602721274807,624.7602721274807,533.325681486556,533.325681486556,1.0152725001262297,1,38.96421100034786,14.63514802718884,14.63514802718884,0.0,0.0
140,21,incident,0.05,40.39886200007459,727.2704971730858,698.5695219906905,671.8945661395586,556.6252541971407,556.6252541971407,0.15166449998105236,1,23.463792858262,20.319275795064158,17.155863099877397,0.0,556.6252541971407,727.2704971730858,698.5695219906905,671.8945661395586,556.6252541971407,0.15166449998105236,1,40.39886200007459,23.463792858262,20.319275795064158,17.155863099877397,0.0
140,21,incident,0.1,40.39886200007459,727.2704971730858,698.5695219906905,671.8945661395586,556.6252541971407,556.6252541971407,0.145114999895668,1,23.463792858262,20.319275795064158,17.155863099877397,0.0,556.6252541971407,727.2704971730858,698.5695219906905,671.8945661395586,556.6252541971407,0.145114999895668,1,40.39886200007459,23.463792858262,20.319275795064158,17.155863099877397,0.0
140,21,incident,0.15,40.39886200007459,727.2704971730858,698.5695219906905,671.8945661395586,556.6252541971407,556.6252541971407,0.15866899980210292,1,23.463792858262,20.319275795064158,17.155863099877397,0.0,556.6252541971407,727.2704971730858,698.5695219906905,671.8945661395586,556.6252541971407,0.15866899980210292,1,40.39886200007459,23.463792858262,20.319275795064158,17.155863099877397,0.0
140,21,incident,0.2,40.39886200007459,727.2704971730858,698.5695219906905,671.8945661395586,556.6252541971407,556.6252541971407,0.15697849994467106,1,23.463792858262,20.319275795064158,17.155863099877397,0.0,556.6252541971407,727.2704971730858,698.5695219906905,671.8945661395586,556.6252541971407,0.15697849994467106,1,40.39886200007459,23.463792858262,20.319275795064158,17.155863099877397,0.0
164,35,incident,0.05,39.55521799980488,621.2959269310295,621.2959269310295,572.5558765894469,429.63829924978114,572.5558765894469,0.1779859996986488,1,7.844900993048555,7.844900993048555,0.0,-33.26462691739152,572.5558765894469,621.2959269310295,621.2959269310295,572.5558765894469,429.63829924978114,0.1779859996986488,1,39.55521799980488,7.844900993048555,7.844900993048555,0.0,-33.26462691739152
164,35,incident,0.1,39.55521799980488,621.2959269310295,621.2959269310295,572.5558765894469,429.63829924978114,572.5558765894469,0.16713900004106108,1,7.844900993048555,7.844900993048555,0.0,-33.26462691739152,572.5558765894469,621.2959269310295,621.2959269310295,572.5558765894469,429.63829924978114,0.16713900004106108,1,39.55521799980488,7.844900993048555,7.844900993048555,0.0,-33.26462691739152
164,35,incident,0.15,39.55521799980488,621.2959269310295,621.2959269310295,572.5558765894469,429.63829924978114,572.5558765894469,0.19492400019771594,1,7.844900993048555,7.844900993048555,0.0,-33.26462691739152,572.5558765894469,621.2959269310295,621.2959269310295,572.5558765894469,429.63829924978114,0.19492400019771594,1,39.55521799980488,7.844900993048555,7.844900993048555,0.0,-33.26462691739152
164,35,incident,0.2,39.55521799980488,621.2959269310295,621.2959269310295,572.5558765894469,429.63829924978114,572.5558765894469,0.1968399999441317,1,7.844900993048555,7.844900993048555,0.0,-33.26462691739152,572.5558765894469,621.2959269310295,621.2959269310295,572.5558765894469,429.63829924978114,0.1968399999441317,1,39.55521799980488,7.844900993048555,7.844900993048555,0.0,-33.26462691739152
92,71,incident,0.05,40.00327099993228,694.7300245342961,694.7300245342961,661.569632926552,662.291481921393,661.569632926552,0.21178800011512067,1,4.7731335103838095,4.7731335103838095,0.0,0.10899264365394647,661.569632926552,694.7300245342961,694.7300245342961,661.569632926552,662.291481921393,0.21178800011512067,1,40.00327099993228,4.7731335103838095,4.7731335103838095,0.0,0.10899264365394647
92,71,incident,0.1,40.00327099993228,694.7300245342961,694.7300245342961,661.569632926552,662.291481921393,661.569632926552,0.1981069999601459,1,4.7731335103838095,4.7731335103838095,0.0,0.10899264365394647,661.569632926552,694.7300245342961,694.7300245342961,661.569632926552,662.291481921393,0.1981069999601459,1,40.00327099993228,4.7731335103838095,4.7731335103838095,0.0,0.10899264365394647
92,71,incident,0.15,40.00327099993228,694.7300245342961,694.7300245342961,661.569632926552,662.291481921393,661.569632926552,0.23193150013867125,1,4.7731335103838095,4.7731335103838095,0.0,0.10899264365394647,661.569632926552,694.7300245342961,694.7300245342961,661.569632926552,662.291481921393,0.23193150013867125,1,40.00327099993228,4.7731335103838095,4.7731335103838095,0.0,0.10899264365394647
92,71,incident,0.2,40.00327099993228,694.7300245342961,694.7300245342961,661.569632926552,662.291481921393,661.569632926552,0.33927000004041474,1,4.7731335103838095,4.7731335103838095,0.0,0.10899264365394647,661.569632926552,694.7300245342961,694.7300245342961,661.569632926552,662.291481921393,0.33927000004041474,1,40.00327099993228,4.7731335103838095,4.7731335103838095,0.0,0.10899264365394647
75,171,incident,0.05,39.57047799985958,445.30693146308096,445.30693146308096,445.30693146308096,448.4758435227338,445.30693146308096,0.16535199983991333,0,0.0,0.0,0.0,0.7065959305101769,445.30693146308096,445.30693146308096,445.30693146308096,445.30693146308096,448.4758435227338,0.16535199983991333,0,39.57047799985958,0.0,0.0,0.0,0.7065959305101769
75,171,incident,0.1,39.57047799985958,445.30693146308096,445.30693146308096,445.30693146308096,448.4758435227338,445.30693146308096,0.14909500032445067,0,0.0,0.0,0.0,0.7065959305101769,445.30693146308096,445.30693146308096,445.30693146308096,445.30693146308096,448.4758435227338,0.14909500032445067,0,39.57047799985958,0.0,0.0,0.0,0.7065959305101769
75,171,incident,0.15,39.57047799985958,445.30693146308096,445.30693146308096,445.30693146308096,448.4758435227338,445.30693146308096,0.18348499997955514,0,0.0,0.0,0.0,0.7065959305101769,445.30693146308096,445.30693146308096,445.30693146308096,445.30693146308096,448.4758435227338,0.18348499997955514,0,39.57047799985958,0.0,0.0,0.0,0.7065959305101769
75,171,incident,0.2,39.57047799985958,445.30693146308096,445.30693146308096,445.30693146308096,448.4758435227338,445.30693146308096,0.17862499998955172,0,0.0,0.0,0.0,0.7065959305101769,445.30693146308096,445.30693146308096,445.30693146308096,445.30693146308096,448.4758435227338,0.17862499998955172,0,39.57047799985958,0.0,0.0,0.0,0.7065959305101769
2,185,incident,0.05,38.75088199993115,1073.2970762103082,1177.1901133668507,724.9248150409964,711.8001393481132,724.9248150409964,0.4247626667771935,2,32.45813939970612,38.419053404410796,0.0,-1.8438709080477356,724.9248150409964,1073.2970762103082,1177.1901133668507,724.9248150409964,711.8001393481132,0.4247626667771935,2,38.75088199993115,32.45813939970612,38.419053404410796,0.0,-1.8438709080477356
2,185,incident,0.1,38.75088199993115,1073.2970762103082,1177.1901133668507,724.9248150409964,711.8001393481132,724.9248150409964,0.4483816666531008,2,32.45813939970612,38.419053404410796,0.0,-1.8438709080477356,724.9248150409964,1073.2970762103082,1177.1901133668507,724.9248150409964,711.8001393481132,0.4483816666531008,2,38.75088199993115,32.45813939970612,38.419053404410796,0.0,-1.8438709080477356
2,185,incident,0.15,38.75088199993115,1073.2970762103082,1177.1901133668507,724.9248150409964,711.8001393481132,724.9248150409964,0.42733566685152863,2,32.45813939970612,38.419053404410796,0.0,-1.8438709080477356,724.9248150409964,1073.2970762103082,1177.1901133668507,724.9248150409964,711.8001393481132,0.42733566685152863,2,38.75088199993115,32.45813939970612,38.419053404410796,0.0,-1.8438709080477356
2,185,incident,0.2,38.75088199993115,1073.2970762103082,1177.1901133668507,724.9248150409964,711.8001393481132,723.2993320490472,0.49748500009627605,1,32.609587030374094,38.557135008519765,0.2242278037974543,-1.6155086330083053,723.2993320490472,1073.2970762103082,1177.1901133668507,724.9248150409964,711.8001393481132,0.49748500009627605,1,38.75088199993115,32.609587030374094,38.557135008519765,0.2242278037974543,-1.6155086330083053
50,136,incident,0.05,41.05108800013113,650.3101846620909,650.3101846620909,531.0726369259343,531.4415662037277,530.4191167544789,0.9831854999902134,1,18.43598189530261,18.43598189530261,0.12305664536554546,0.19239169727587127,530.4191167544789,650.3101846620909,650.3101846620909,531.0726369259343,531.4415662037277,0.9831854999902134,1,41.05108800013113,18.43598189530261,18.43598189530261,0.12305664536554546,0.19239169727587127
50,136,incident,0.1,41.05108800013113,650.3101846620909,650.3101846620909,531.0726369259343,531.4415662037277,530.4191167544789,0.9700949999569275,1,18.43598189530261,18.43598189530261,0.12305664536554546,0.19239169727587127,530.4191167544789,650.3101846620909,650.3101846620909,531.0726369259343,531.4415662037277,0.9700949999569275,1,41.05108800013113,18.43598189530261,18.43598189530261,0.12305664536554546,0.19239169727587127
50,136,incident,0.15,41.05108800013113,650.3101846620909,650.3101846620909,531.0726369259343,531.4415662037277,530.4191167544789,0.9612889998606988,1,18.43598189530261,18.43598189530261,0.12305664536554546,0.19239169727587127,530.4191167544789,650.3101846620909,650.3101846620909,531.0726369259343,531.4415662037277,0.9612889998606988,1,41.05108800013113,18.43598189530261,18.43598189530261,0.12305664536554546,0.19239169727587127
50,136,incident,0.2,41.05108800013113,650.3101846620909,650.3101846620909,531.0726369259343,531.4415662037277,530.4191167544789,0.9676130000570993,1,18.43598189530261,18.43598189530261,0.12305664536554546,0.19239169727587127,530.4191167544789,650.3101846620909,650.3101846620909,531.0726369259343,531.4415662037277,0.9676130000570993,1,41.05108800013113,18.43598189530261,18.43598189530261,0.12305664536554546,0.19239169727587127
127,189,incident,0.05,41.11397800033956,660.8955586738523,660.8955586738523,548.1508717400566,547.983089759565,548.1508717400566,0.6365414999436325,1,17.059380329325908,17.059380329325908,0.0,-0.030618094541050703,548.1508717400566,660.8955586738523,660.8955586738523,548.1508717400566,547.983089759565,0.6365414999436325,1,41.11397800033956,17.059380329325908,17.059380329325908,0.0,-0.030618094541050703
127,189,incident,0.1,41.11397800033956,660.8955586738523,660.8955586738523,548.1508717400566,547.983089759565,548.1508717400566,0.592160999758562,1,17.059380329325908,17.059380329325908,0.0,-0.030618094541050703,548.1508717400566,660.8955586738523,660.8955586738523,548.1508717400566,547.983089759565,0.592160999758562,1,41.11397800033956,17.059380329325908,17.059380329325908,0.0,-0.030618094541050703
127,189,incident,0.15,41.11397800033956,660.8955586738523,660.8955586738523,548.1508717400566,547.983089759565,548.1508717400566,0.569198499988488,1,17.059380329325908,17.059380329325908,0.0,-0.030618094541050703,548.1508717400566,660.8955586738523,660.8955586738523,548.1508717400566,547.983089759565,0.569198499988488,1,41.11397800033956,17.059380329325908,17.059380329325908,0.0,-0.030618094541050703
127,189,incident,0.2,41.11397800033956,660.8955586738523,660.8955586738523,548.1508717400566,547.983089759565,548.1508717400566,0.5549625000185188,1,17.059380329325908,17.059380329325908,0.0,-0.030618094541050703,548.1508717400566,660.8955586738523,660.8955586738523,548.1508717400566,547.983089759565,0.5549625000185188,1,41.11397800033956,17.059380329325908,17.059380329325908,0.0,-0.030618094541050703
128,106,incident,0.05,38.835829999698035,537.8139903287986,497.72222458874813,457.6729313188372,419.72893991378635,418.5027531972469,0.5294239999784622,1,22.184480001832874,15.916402257696602,8.558552503578689,0.2921377584284124,418.5027531972469,537.8139903287986,497.72222458874813,457.6729313188372,419.72893991378635,0.5294239999784622,1,38.835829999698035,22.184480001832874,15.916402257696602,8.558552503578689,0.2921377584284124
128,106,incident,0.1,38.835829999698035,537.8139903287986,497.72222458874813,457.6729313188372,419.72893991378635,418.5027531972469,0.5057355001554242,1,22.184480001832874,15.916402257696602,8.558552503578689,0.2921377584284124,418.5027531972469,537.8139903287986,497.72222458874813,457.6729313188372,419.72893991378635,0.5057355001554242,1,38.835829999698035,22.184480001832874,15.916402257696602,8.558552503578689,0.2921377584284124
128,106,incident,0.15,38.835829999698035,537.8139903287986,497.72222458874813,457.6729313188372,419.72893991378635,418.5027531972469,0.49612399993748113,1,22.184480001832874,15.916402257696602,8.558552503578689,0.2921377584284124,418.5027531972469,537.8139903287986,497.72222458874813,457.6729313188372,419.72893991378635,0.49612399993748113,1,38.835829999698035,22.184480001832874,15.916402257696602,8.558552503578689,0.2921377584284124
128,106,incident,0.2,38.835829999698035,537.8139903287986,497.72222458874813,457.6729313188372,419.72893991378635,418.5027531972469,0.4731750000246393,1,22.184480001832874,15.916402257696602,8.558552503578689,0.2921377584284124,418.5027531972469,537.8139903287986,497.72222458874813,457.6729313188372,419.72893991378635,0.4731750000246393,1,38.835829999698035,22.184480001832874,15.916402257696602,8.558552503578689,0.2921377584284124
37,34,incident,0.05,41.57977900013066,533.3119071297366,825.3910274413468,488.19054030025643,490.7520775606765,488.19054030025643,0.23118850026548898,1,8.460596177633004,40.85342291475929,0.0,0.5219615723589855,488.19054030025643,533.3119071297366,825.3910274413468,488.19054030025643,490.7520775606765,0.23118850026548898,1,41.57977900013066,8.460596177633004,40.85342291475929,0.0,0.5219615723589855
37,34,incident,0.1,41.57977900013066,533.3119071297366,825.3910274413468,488.19054030025643,490.7520775606765,488.19054030025643,0.2196409998305171,1,8.460596177633004,40.85342291475929,0.0,0.5219615723589855,488.19054030025643,533.3119071297366,825.3910274413468,488.19054030025643,490.7520775606765,0.2196409998305171,1,41.57977900013066,8.460596177633004,40.85342291475929,0.0,0.5219615723589855
37,34,incident,0.15,41.57977900013066,533.3119071297366,825.3910274413468,488.19054030025643,490.7520775606765,488.19054030025643,0.20277700014048605,1,8.460596177633004,40.85342291475929,0.0,0.5219615723589855,488.19054030025643,533.3119071297366,825.3910274413468,488.19054030025643,490.7520775606765,0.20277700014048605,1,41.57977900013066,8.460596177633004,40.85342291475929,0.0,0.5219615723589855
37,34,incident,0.2,41.57977900013066,533.3119071297366,825.3910274413468,488.19054030025643,490.7520775606765,488.19054030025643,0.19350899992787163,1,8.460596177633004,40.85342291475929,0.0,0.5219615723589855,488.19054030025643,533.3119071297366,825.3910274413468,488.19054030025643,490.7520775606765,0.19350899992787163,1,41.57977900013066,8.460596177633004,40.85342291475929,0.0,0.5219615723589855
200,205,incident,0.05,40.100581999922724,663.5209391274454,706.1818489782916,593.0614537569277,615.3344076366504,593.0614537569277,0.6464884997967602,1,10.619029666671047,16.01859285749516,0.0,3.6196503240031306,593.0614537569277,663.5209391274454,706.1818489782916,593.0614537569277,615.3344076366504,0.6464884997967602,1,40.100581999922724,10.619029666671047,16.01859285749516,0.0,3.6196503240031306
200,205,incident,0.1,40.100581999922724,663.5209391274454,706.1818489782916,593.0614537569277,615.3344076366504,593.0614537569277,0.6260440000005474,1,10.619029666671047,16.01859285749516,0.0,3.6196503240031306,593.0614537569277,663.5209391274454,706.1818489782916,593.0614537569277,615.3344076366504,0.6260440000005474,1,40.100581999922724,10.619029666671047,16.01859285749516,0.0,3.6196503240031306
200,205,incident,0.15,40.100581999922724,663.5209391274454,706.1818489782916,593.0614537569277,615.3344076366504,593.0614537569277,0.6075470000723726,1,10.619029666671047,16.01859285749516,0.0,3.6196503240031306,593.0614537569277,663.5209391274454,706.1818489782916,593.0614537569277,615.3344076366504,0.6075470000723726,1,40.100581999922724,10.619029666671047,16.01859285749516,0.0,3.6196503240031306
200,205,incident,0.2,40.100581999922724,663.5209391274454,706.1818489782916,593.0614537569277,615.3344076366504,593.0614537569277,0.6273844999213907,1,10.619029666671047,16.01859285749516,0.0,3.6196503240031306,593.0614537569277,663.5209391274454,706.1818489782916,593.0614537569277,615.3344076366504,0.6273844999213907,1,40.100581999922724,10.619029666671047,16.01859285749516,0.0,3.6196503240031306
31,184,incident,0.05,41.2802969999575,721.2142928998471,578.9433767343255,499.56933608369644,491.6124652635097,494.1888746333587,2.0117539997954736,1,31.478219511383802,14.63951493478442,1.0770199573330739,-0.5240732389623206,494.1888746333587,721.2142928998471,578.9433767343255,499.56933608369644,491.6124652635097,2.0117539997954736,1,41.2802969999575,31.478219511383802,14.63951493478442,1.0770199573330739,-0.5240732389623206
31,184,incident,0.1,41.2802969999575,721.2142928998471,578.9433767343255,499.56933608369644,491.6124652635097,494.1888746333587,2.0957010001438903,1,31.478219511383802,14.63951493478442,1.0770199573330739,-0.5240732389623206,494.1888746333587,721.2142928998471,578.9433767343255,499.56933608369644,491.6124652635097,2.0957010001438903,1,41.2802969999575,31.478219511383802,14.63951493478442,1.0770199573330739,-0.5240732389623206
31,184,incident,0.15,41.2802969999575,721.2142928998471,578.9433767343255,499.56933608369644,491.6124652635097,494.1888746333587,1.9616600000063045,1,31.478219511383802,14.63951493478442,1.0770199573330739,-0.5240732389623206,494.1888746333587,721.2142928998471,578.9433767343255,499.56933608369644,491.6124652635097,1.9616600000063045,1,41.2802969999575,31.478219511383802,14.63951493478442,1.0770199573330739,-0.5240732389623206
31,184,incident,0.2,41.2802969999575,721.2142928998471,578.9433767343255,499.56933608369644,491.6124652635097,494.1888746333587,1.9619784998212708,1,31.478219511383802,14.63951493478442,1.0770199573330739,-0.5240732389623206,494.1888746333587,721.2142928998471,578.9433767343255,499.56933608369644,491.6124652635097,1.9619784998212708,1,41.2802969999575,31.478219511383802,14.63951493478442,1.0770199573330739,-0.5240732389623206
18,154,incident,0.05,40.44136999982584,688.6321292556082,688.6321292556082,611.4581646354022,614.2185069059169,611.4581646354022,1.1460630000783567,1,11.206849251084009,11.206849251084009,0.0,0.4494072124950641,611.4581646354022,688.6321292556082,688.6321292556082,611.4581646354022,614.2185069059169,1.1460630000783567,1,40.44136999982584,11.206849251084009,11.206849251084009,0.0,0.4494072124950641
18,154,incident,0.1,40.44136999982584,688.6321292556082,688.6321292556082,611.4581646354022,614.2185069059169,611.4581646354022,1.1231640000914922,1,11.206849251084009,11.206849251084009,0.0,0.4494072124950641,611.4581646354022,688.6321292556082,688.6321292556082,611.4581646354022,614.2185069059169,1.1231640000914922,1,40.44136999982584,11.206849251084009,11.206849251084009,0.0,0.4494072124950641
18,154,incident,0.15,40.44136999982584,688.6321292556082,688.6321292556082,611.4581646354022,614.2185069059169,611.4581646354022,1.107438499957425,1,11.206849251084009,11.206849251084009,0.0,0.4494072124950641,611.4581646354022,688.6321292556082,688.6321292556082,611.4581646354022,614.2185069059169,1.107438499957425,1,40.44136999982584,11.206849251084009,11.206849251084009,0.0,0.4494072124950641
18,154,incident,0.2,40.44136999982584,688.6321292556082,688.6321292556082,611.4581646354022,614.2185069059169,611.4581646354022,1.1998730001323565,1,11.206849251084009,11.206849251084009,0.0,0.4494072124950641,611.4581646354022,688.6321292556082,688.6321292556082,611.4581646354022,614.2185069059169,1.1998730001323565,1,40.44136999982584,11.206849251084009,11.206849251084009,0.0,0.4494072124950641
69,136,incident,0.05,39.26189800040447,561.5629555788785,525.6237693505967,525.5163080109105,440.5492517050534,525.5163080109105,0.2342820000649226,1,6.418986012139964,0.020444535797720487,0.0,-19.286619141222,525.5163080109105,561.5629555788785,525.6237693505967,525.5163080109105,440.5492517050534,0.2342820000649226,1,39.26189800040447,6.418986012139964,0.020444535797720487,0.0,-19.286619141222
69,136,incident,0.1,39.26189800040447,561.5629555788785,525.6237693505967,525.5163080109105,440.5492517050534,525.5163080109105,0.21809450004184328,1,6.418986012139964,0.020444535797720487,0.0,-19.286619141222,525.5163080109105,561.5629555788785,525.6237693505967,525.5163080109105,440.5492517050534,0.21809450004184328,1,39.26189800040447,6.418986012139964,0.020444535797720487,0.0,-19.286619141222
69,136,incident,0.15,39.26189800040447,561.5629555788785,525.6237693505967,525.5163080109105,440.5492517050534,525.5163080109105,0.23175650017037697,1,6.418986012139964,0.020444535797720487,0.0,-19.286619141222,525.5163080109105,561.5629555788785,525.6237693505967,525.5163080109105,440.5492517050534,0.23175650017037697,1,39.26189800040447,6.418986012139964,0.020444535797720487,0.0,-19.286619141222
69,136,incident,0.2,39.26189800040447,561.5629555788785,525.6237693505967,525.5163080109105,440.5492517050534,525.5163080109105,0.2382229999966512,1,6.418986012139964,0.020444535797720487,0.0,-19.286619141222,525.5163080109105,561.5629555788785,525.6237693505967,525.5163080109105,440.5492517050534,0.2382229999966512,1,39.26189800040447,6.418986012139964,0.020444535797720487,0.0,-19.286619141222
183,19,incident,0.05,39.277932999993936,547.4450609924747,547.4450609924747,471.3350488493507,447.1490235789394,471.3350488493507,0.30706799998370116,1,13.902767157154106,13.902767157154106,0.0,-5.408940642837274,471.3350488493507,547.4450609924747,547.4450609924747,471.3350488493507,447.1490235789394,0.30706799998370116,1,39.277932999993936,13.902767157154106,13.902767157154106,0.0,-5.408940642837274
183,19,incident,0.1,39.277932999993936,547.4450609924747,547.4450609924747,471.3350488493507,447.1490235789394,471.3350488493507,0.29303199994501483,1,13.902767157154106,13.902767157154106,0.0,-5.408940642837274,471.3350488493507,547.4450609924747,547.4450609924747,471.3350488493507,447.1490235789394,0.29303199994501483,1,39.277932999993936,13.902767157154106,13.902767157154106,0.0,-5.408940642837274
183,19,incident,0.15,39.277932999993936,547.4450609924747,547.4450609924747,471.3350488493507,447.1490235789394,471.3350488493507,0.29025599997112295,1,13.902767157154106,13.902767157154106,0.0,-5.408940642837274,471.3350488493507,547.4450609924747,547.4450609924747,471.3350488493507,447.1490235789394,0.29025599997112295,1,39.277932999993936,13.902767157154106,13.902767157154106,0.0,-5.408940642837274
183,19,incident,0.2,39.277932999993936,547.4450609924747,547.4450609924747,471.3350488493507,447.1490235789394,471.3350488493507,0.3276115000971913,1,13.902767157154106,13.902767157154106,0.0,-5.408940642837274,471.3350488493507,547.4450609924747,547.4450609924747,471.3350488493507,447.1490235789394,0.3276115000971913,1,39.277932999993936,13.902767157154106,13.902767157154106,0.0,-5.408940642837274
152,154,incident,0.05,40.31091799970454,581.6515865999485,581.6515865999485,497.6229275311608,402.43515514825526,497.6229275311608,0.7516790001318441,1,14.44656234155196,14.44656234155196,0.0,-23.652946608960846,497.6229275311608,581.6515865999485,581.6515865999485,497.6229275311608,402.43515514825526,0.7516790001318441,1,40.31091799970454,14.44656234155196,14.44656234155196,0.0,-23.652946608960846
152,154,incident,0.1,40.31091799970454,581.6515865999485,581.6515865999485,497.6229275311608,402.43515514825526,497.6229275311608,0.7244069997796032,1,14.44656234155196,14.44656234155196,0.0,-23.652946608960846,497.6229275311608,581.6515865999485,581.6515865999485,497.6229275311608,402.43515514825526,0.7244069997796032,1,40.31091799970454,14.44656234155196,14.44656234155196,0.0,-23.652946608960846
152,154,incident,0.15,40.31091799970454,581.6515865999485,581.6515865999485,497.6229275311608,402.43515514825526,497.6229275311608,0.6949594999241526,1,14.44656234155196,14.44656234155196,0.0,-23.652946608960846,497.6229275311608,581.6515865999485,581.6515865999485,497.6229275311608,402.43515514825526,0.6949594999241526,1,40.31091799970454,14.44656234155196,14.44656234155196,0.0,-23.652946608960846
152,154,incident,0.2,40.31091799970454,581.6515865999485,581.6515865999485,497.6229275311608,402.43515514825526,497.6229275311608,0.7014590000835597,1,14.44656234155196,14.44656234155196,0.0,-23.652946608960846,497.6229275311608,581.6515865999485,581.6515865999485,497.6229275311608,402.43515514825526,0.7014590000835597,1,40.31091799970454,14.44656234155196,14.44656234155196,0.0,-23.652946608960846
184,31,incident,0.05,39.17064600000231,423.6630131855906,423.6630131855906,423.6630131855906,423.28456580243613,423.6630131855906,0.19560599957912927,0,0.0,0.0,0.0,-0.08940731926689637,423.6630131855906,423.6630131855906,423.6630131855906,423.6630131855906,423.28456580243613,0.19560599957912927,0,39.17064600000231,0.0,0.0,0.0,-0.08940731926689637
184,31,incident,0.1,39.17064600000231,423.6630131855906,423.6630131855906,423.6630131855906,423.28456580243613,423.6630131855906,0.2007789998970111,0,0.0,0.0,0.0,-0.08940731926689637,423.6630131855906,423.6630131855906,423.6630131855906,423.6630131855906,423.28456580243613,0.2007789998970111,0,39.17064600000231,0.0,0.0,0.0,-0.08940731926689637
184,31,incident,0.15,39.17064600000231,423.6630131855906,423.6630131855906,423.6630131855906,423.28456580243613,423.6630131855906,0.18408100004307926,0,0.0,0.0,0.0,-0.08940731926689637,423.6630131855906,423.6630131855906,423.6630131855906,423.6630131855906,423.28456580243613,0.18408100004307926,0,39.17064600000231,0.0,0.0,0.0,-0.08940731926689637
184,31,incident,0.2,39.17064600000231,423.6630131855906,423.6630131855906,423.6630131855906,423.28456580243613,423.6630131855906,0.167180000062217,0,0.0,0.0,0.0,-0.08940731926689637,423.6630131855906,423.6630131855906,423.6630131855906,423.6630131855906,423.28456580243613,0.167180000062217,0,39.17064600000231,0.0,0.0,0.0,-0.08940731926689637
76,124,incident,0.05,42.57018099997367,656.5409906649334,703.9858458288991,601.0608902334463,482.8428733057766,601.0608902334463,0.20397850016706798,1,8.4503635295182,14.620316048295695,0.0,-24.483744808801223,601.0608902334463,656.5409906649334,703.9858458288991,601.0608902334463,482.8428733057766,0.20397850016706798,1,42.57018099997367,8.4503635295182,14.620316048295695,0.0,-24.483744808801223
76,124,incident,0.1,42.57018099997367,656.5409906649334,703.9858458288991,601.0608902334463,482.8428733057766,601.0608902334463,0.18831499983207323,1,8.4503635295182,14.620316048295695,0.0,-24.483744808801223,601.0608902334463,656.5409906649334,703.9858458288991,601.0608902334463,482.8428733057766,0.18831499983207323,1,42.57018099997367,8.4503635295182,14.620316048295695,0.0,-24.483744808801223
76,124,incident,0.15,42.57018099997367,656.5409906649334,703.9858458288991,601.0608902334463,482.8428733057766,601.0608902334463,0.17264200005229213,1,8.4503635295182,14.620316048295695,0.0,-24.483744808801223,601.0608902334463,656.5409906649334,703.9858458288991,601.0608902334463,482.8428733057766,0.17264200005229213,1,42.57018099997367,8.4503635295182,14.620316048295695,0.0,-24.483744808801223
76,124,incident,0.2,42.57018099997367,656.5409906649334,703.9858458288991,601.0608902334463,482.8428733057766,601.0608902334463,0.16433050018349604,1,8.4503635295182,14.620316048295695,0.0,-24.483744808801223,601.0608902334463,656.5409906649334,703.9858458288991,601.0608902334463,482.8428733057766,0.16433050018349604,1,42.57018099997367,8.4503635295182,14.620316048295695,0.0,-24.483744808801223
89,29,incident,0.05,39.457158999994135,1036.212606572328,1087.8520940395758,616.0899555781103,594.5511456377686,616.0899555781103,0.9156564999557304,1,40.544059040541406,43.36638602308954,0.0,-3.6227009397546883,616.0899555781103,1036.212606572328,1087.8520940395758,616.0899555781103,594.5511456377686,0.9156564999557304,1,39.457158999994135,40.544059040541406,43.36638602308954,0.0,-3.6227009397546883
89,29,incident,0.1,39.457158999994135,1036.212606572328,1087.8520940395758,616.0899555781103,594.5511456377686,616.0899555781103,0.8930525000323541,1,40.544059040541406,43.36638602308954,0.0,-3.6227009397546883,616.0899555781103,1036.212606572328,1087.8520940395758,616.0899555781103,594.5511456377686,0.8930525000323541,1,39.457158999994135,40.544059040541406,43.36638602308954,0.0,-3.6227009397546883
89,29,incident,0.15,39.457158999994135,1036.212606572328,1087.8520940395758,616.0899555781103,594.5511456377686,616.0899555781103,0.8893595002064103,1,40.544059040541406,43.36638602308954,0.0,-3.6227009397546883,616.0899555781103,1036.212606572328,1087.8520940395758,616.0899555781103,594.5511456377686,0.8893595002064103,1,39.457158999994135,40.544059040541406,43.36638602308954,0.0,-3.6227009397546883
89,29,incident,0.2,39.457158999994135,1036.212606572328,1087.8520940395758,616.0899555781103,594.5511456377686,616.0899555781103,0.9076355001980119,1,40.544059040541406,43.36638602308954,0.0,-3.6227009397546883,616.0899555781103,1036.212606572328,1087.8520940395758,616.0899555781103,594.5511456377686,0.9076355001980119,1,39.457158999994135,40.544059040541406,43.36638602308954,0.0,-3.6227009397546883
158,120,incident,0.05,41.4031140003317,1013.3399852710676,957.6376267942247,757.8576331097769,760.1756912590577,757.8576331097769,0.42627500010894437,1,25.21190872508099,20.861752723024132,0.0,0.30493715807216076,757.8576331097769,1013.3399852710676,957.6376267942247,757.8576331097769,760.1756912590577,0.42627500010894437,1,41.4031140003317,25.21190872508099,20.861752723024132,0.0,0.30493715807216076
158,120,incident,0.1,41.4031140003317,1013.3399852710676,957.6376267942247,757.8576331097769,760.1756912590577,757.8576331097769,0.3982139999152423,1,25.21190872508099,20.861752723024132,0.0,0.30493715807216076,757.8576331097769,1013.3399852710676,957.6376267942247,757.8576331097769,760.1756912590577,0.3982139999152423,1,41.4031140003317,25.21190872508099,20.861752723024132,0.0,0.30493715807216076
158,120,incident,0.15,41.4031140003317,1013.3399852710676,957.6376267942247,757.8576331097769,760.1756912590577,757.8576331097769,0.4063730002599186,1,25.21190872508099,20.861752723024132,0.0,0.30493715807216076,757.8576331097769,1013.3399852710676,957.6376267942247,757.8576331097769,760.1756912590577,0.4063730002599186,1,41.4031140003317,25.21190872508099,20.861752723024132,0.0,0.30493715807216076
158,120,incident,0.2,41.4031140003317,1013.3399852710676,957.6376267942247,757.8576331097769,760.1756912590577,757.8576331097769,0.4171795001184364,1,25.21190872508099,20.861752723024132,0.0,0.30493715807216076,757.8576331097769,1013.3399852710676,957.6376267942247,757.8576331097769,760.1756912590577,0.4171795001184364,1,41.4031140003317,25.21190872508099,20.861752723024132,0.0,0.30493715807216076
5,148,incident,0.05,39.199271999677876,596.0592330907807,596.0592330907807,517.1521740637703,517.1521740637703,517.1521740637703,0.2036415000929992,1,13.238123771332091,13.238123771332091,0.0,0.0,517.1521740637703,596.0592330907807,596.0592330907807,517.1521740637703,517.1521740637703,0.2036415000929992,1,39.199271999677876,13.238123771332091,13.238123771332091,0.0,0.0
5,148,incident,0.1,39.199271999677876,596.0592330907807,596.0592330907807,517.1521740637703,517.1521740637703,517.1521740637703,0.214099000004353,1,13.238123771332091,13.238123771332091,0.0,0.0,517.1521740637703,596.0592330907807,596.0592330907807,517.1521740637703,517.1521740637703,0.214099000004353,1,39.199271999677876,13.238123771332091,13.238123771332091,0.0,0.0
5,148,incident,0.15,39.199271999677876,596.0592330907807,596.0592330907807,517.1521740637703,517.1521740637703,517.1521740637703,0.2266709998366423,1,13.238123771332091,13.238123771332091,0.0,0.0,517.1521740637703,596.0592330907807,596.0592330907807,517.1521740637703,517.1521740637703,0.2266709998366423,1,39.199271999677876,13.238123771332091,13.238123771332091,0.0,0.0
5,148,incident,0.2,39.199271999677876,596.0592330907807,596.0592330907807,517.1521740637703,517.1521740637703,517.1521740637703,0.21742750004705158,1,13.238123771332091,13.238123771332091,0.0,0.0,517.1521740637703,596.0592330907807,596.0592330907807,517.1521740637703,517.1521740637703,0.21742750004705158,1,39.199271999677876,13.238123771332091,13.238123771332091,0.0,0.0
89,25,incident,0.05,38.43628799995713,1066.937633697029,1107.4195945907597,741.0866317964545,738.9116614894428,741.0866317964545,0.5211160003000259,1,30.540773106997193,33.07987004958869,0.0,-0.29434781183822895,741.0866317964545,1066.937633697029,1107.4195945907597,741.0866317964545,738.9116614894428,0.5211160003000259,1,38.43628799995713,30.540773106997193,33.07987004958869,0.0,-0.29434781183822895
89,25,incident,0.1,38.43628799995713,1066.937633697029,1107.4195945907597,741.0866317964545,738.9116614894428,741.0866317964545,0.5547930002194335,1,30.540773106997193,33.07987004958869,0.0,-0.29434781183822895,741.0866317964545,1066.937633697029,1107.4195945907597,741.0866317964545,738.9116614894428,0.5547930002194335,1,38.43628799995713,30.540773106997193,33.07987004958869,0.0,-0.29434781183822895
89,25,incident,0.15,38.43628799995713,1066.937633697029,1107.4195945907597,741.0866317964545,738.9116614894428,741.0866317964545,0.5425485001069319,1,30.540773106997193,33.07987004958869,0.0,-0.29434781183822895,741.0866317964545,1066.937633697029,1107.4195945907597,741.0866317964545,738.9116614894428,0.5425485001069319,1,38.43628799995713,30.540773106997193,33.07987004958869,0.0,-0.29434781183822895
89,25,incident,0.2,38.43628799995713,1066.937633697029,1107.4195945907597,741.0866317964545,738.9116614894428,741.0866317964545,0.5325725001057435,1,30.540773106997193,33.07987004958869,0.0,-0.29434781183822895,741.0866317964545,1066.937633697029,1107.4195945907597,741.0866317964545,738.9116614894428,0.5325725001057435,1,38.43628799995713,30.540773106997193,33.07987004958869,0.0,-0.29434781183822895
16,82,incident,0.05,41.32928599983643,670.0156806761919,670.0156806761919,637.4863891292326,594.3200110327336,637.4863891292326,0.18918050000138464,1,4.855004514839132,4.855004514839132,0.0,-7.2631540744337295,637.4863891292326,670.0156806761919,670.0156806761919,637.4863891292326,594.3200110327336,0.18918050000138464,1,41.32928599983643,4.855004514839132,4.855004514839132,0.0,-7.2631540744337295
16,82,incident,0.1,41.32928599983643,670.0156806761919,670.0156806761919,637.4863891292326,594.3200110327336,637.4863891292326,0.16561999996156374,1,4.855004514839132,4.855004514839132,0.0,-7.2631540744337295,637.4863891292326,670.0156806761919,670.0156806761919,637.4863891292326,594.3200110327336,0.16561999996156374,1,41.32928599983643,4.855004514839132,4.855004514839132,0.0,-7.2631540744337295
16,82,incident,0.15,41.32928599983643,670.0156806761919,670.0156806761919,637.4863891292326,594.3200110327336,637.4863891292326,0.16752300007283338,1,4.855004514839132,4.855004514839132,0.0,-7.2631540744337295,637.4863891292326,670.0156806761919,670.0156806761919,637.4863891292326,594.3200110327336,0.16752300007283338,1,41.32928599983643,4.855004514839132,4.855004514839132,0.0,-7.2631540744337295
16,82,incident,0.2,41.32928599983643,670.0156806761919,670.0156806761919,637.4863891292326,594.3200110327336,637.4863891292326,0.17688749994704267,1,4.855004514839132,4.855004514839132,0.0,-7.2631540744337295,637.4863891292326,670.0156806761919,670.0156806761919,637.4863891292326,594.3200110327336,0.17688749994704267,1,41.32928599983643,4.855004514839132,4.855004514839132,0.0,-7.2631540744337295
64,197,incident,0.05,39.53663199990842,684.4965160559447,667.5888922162976,650.7614263883853,644.4267507266006,650.7614263883853,0.2496239999345562,1,4.9284530857717535,2.520632985975482,0.0,-0.9829939018891182,650.7614263883853,684.4965160559447,667.5888922162976,650.7614263883853,644.4267507266006,0.2496239999345562,1,39.53663199990842,4.9284530857717535,2.520632985975482,0.0,-0.9829939018891182
64,197,incident,0.1,39.53663199990842,684.4965160559447,667.5888922162976,650.7614263883853,644.4267507266006,650.7614263883853,0.2148239998405188,1,4.9284530857717535,2.520632985975482,0.0,-0.9829939018891182,650.7614263883853,684.4965160559447,667.5888922162976,650.7614263883853,644.4267507266006,0.2148239998405188,1,39.53663199990842,4.9284530857717535,2.520632985975482,0.0,-0.9829939018891182
64,197,incident,0.15,39.53663199990842,684.4965160559447,667.5888922162976,650.7614263883853,644.4267507266006,650.7614263883853,0.2233860000160348,1,4.9284530857717535,2.520632985975482,0.0,-0.9829939018891182,650.7614263883853,684.4965160559447,667.5888922162976,650.7614263883853,644.4267507266006,0.2233860000160348,1,39.53663199990842,4.9284530857717535,2.520632985975482,0.0,-0.9829939018891182
64,197,incident,0.2,39.53663199990842,684.4965160559447,667.5888922162976,650.7614263883853,644.4267507266006,650.7614263883853,0.23522499986938783,1,4.9284530857717535,2.520632985975482,0.0,-0.9829939018891182,650.7614263883853,684.4965160559447,667.5888922162976,650.7614263883853,644.4267507266006,0.23522499986938783,1,39.53663199990842,4.9284530857717535,2.520632985975482,0.0,-0.9829939018891182
107,59,incident,0.05,39.31092700031513,673.4894172528034,673.4894172528034,617.6044511115272,617.6044511115272,617.6044511115272,0.2026564998232061,1,8.297823946400488,8.297823946400488,0.0,0.0,617.6044511115272,673.4894172528034,673.4894172528034,617.6044511115272,617.6044511115272,0.2026564998232061,1,39.31092700031513,8.297823946400488,8.297823946400488,0.0,0.0
107,59,incident,0.1,39.31092700031513,673.4894172528034,673.4894172528034,617.6044511115272,617.6044511115272,617.6044511115272,0.20803000006708317,1,8.297823946400488,8.297823946400488,0.0,0.0,617.6044511115272,673.4894172528034,673.4894172528034,617.6044511115272,617.6044511115272,0.20803000006708317,1,39.31092700031513,8.297823946400488,8.297823946400488,0.0,0.0
107,59,incident,0.15,39.31092700031513,673.4894172528034,673.4894172528034,617.6044511115272,617.6044511115272,617.6044511115272,0.22375899993676285,1,8.297823946400488,8.297823946400488,0.0,0.0,617.6044511115272,673.4894172528034,673.4894172528034,617.6044511115272,617.6044511115272,0.22375899993676285,1,39.31092700031513,8.297823946400488,8.297823946400488,0.0,0.0
107,59,incident,0.2,39.31092700031513,673.4894172528034,673.4894172528034,617.6044511115272,617.6044511115272,617.6044511115272,0.2177480000682408,1,8.297823946400488,8.297823946400488,0.0,0.0,617.6044511115272,673.4894172528034,673.4894172528034,617.6044511115272,617.6044511115272,0.2177480000682408,1,39.31092700031513,8.297823946400488,8.297823946400488,0.0,0.0
30,131,incident,0.05,39.26523400014048,669.100057315986,669.100057315986,643.7894118385753,643.7894118385753,643.7894118385753,0.1276180000786553,1,3.782789315388974,3.782789315388974,0.0,0.0,643.7894118385753,669.100057315986,669.100057315986,643.7894118385753,643.7894118385753,0.1276180000786553,1,39.26523400014048,3.782789315388974,3.782789315388974,0.0,0.0
30,131,incident,0.1,39.26523400014048,669.100057315986,669.100057315986,643.7894118385753,643.7894118385753,643.7894118385753,0.1571674999922834,1,3.782789315388974,3.782789315388974,0.0,0.0,643.7894118385753,669.100057315986,669.100057315986,643.7894118385753,643.7894118385753,0.1571674999922834,1,39.26523400014048,3.782789315388974,3.782789315388974,0.0,0.0
30,131,incident,0.15,39.26523400014048,669.100057315986,669.100057315986,643.7894118385753,643.7894118385753,643.7894118385753,0.15414050017170666,1,3.782789315388974,3.782789315388974,0.0,0.0,643.7894118385753,669.100057315986,669.100057315986,643.7894118385753,643.7894118385753,0.15414050017170666,1,39.26523400014048,3.782789315388974,3.782789315388974,0.0,0.0
30,131,incident,0.2,39.26523400014048,669.100057315986,669.100057315986,643.7894118385753,643.7894118385753,643.7894118385753,0.15026649998617359,1,3.782789315388974,3.782789315388974,0.0,0.0,643.7894118385753,669.100057315986,669.100057315986,643.7894118385753,643.7894118385753,0.15026649998617359,1,39.26523400014048,3.782789315388974,3.782789315388974,0.0,0.0
174,21,incident,0.05,39.14523899993583,452.7463027146378,452.7463027146378,452.7463027146378,452.7463027146378,452.7463027146378,0.12289300002521486,0,0.0,0.0,0.0,0.0,452.7463027146378,452.7463027146378,452.7463027146378,452.7463027146378,452.7463027146378,0.12289300002521486,0,39.14523899993583,0.0,0.0,0.0,0.0
174,21,incident,0.1,39.14523899993583,452.7463027146378,452.7463027146378,452.7463027146378,452.7463027146378,452.7463027146378,0.15894800026217126,0,0.0,0.0,0.0,0.0,452.7463027146378,452.7463027146378,452.7463027146378,452.7463027146378,452.7463027146378,0.15894800026217126,0,39.14523899993583,0.0,0.0,0.0,0.0
174,21,incident,0.15,39.14523899993583,452.7463027146378,452.7463027146378,452.7463027146378,452.7463027146378,452.7463027146378,0.16372099980799248,0,0.0,0.0,0.0,0.0,452.7463027146378,452.7463027146378,452.7463027146378,452.7463027146378,452.7463027146378,0.16372099980799248,0,39.14523899993583,0.0,0.0,0.0,0.0
174,21,incident,0.2,39.14523899993583,452.7463027146378,452.7463027146378,452.7463027146378,452.7463027146378,452.7463027146378,0.1413579998370551,0,0.0,0.0,0.0,0.0,452.7463027146378,452.7463027146378,452.7463027146378,452.7463027146378,452.7463027146378,0.1413579998370551,0,39.14523899993583,0.0,0.0,0.0,0.0
149,29,incident,0.05,38.34116699999868,743.8350838072988,743.8350838072988,595.454899436557,595.454899436557,595.454899436557,1.1653159999696072,1,19.94799487155971,19.94799487155971,0.0,0.0,595.454899436557,743.8350838072988,743.8350838072988,595.454899436557,595.454899436557,1.1653159999696072,1,38.34116699999868,19.94799487155971,19.94799487155971,0.0,0.0
149,29,incident,0.1,38.34116699999868,743.8350838072988,743.8350838072988,595.454899436557,595.454899436557,595.454899436557,1.157386000159022,1,19.94799487155971,19.94799487155971,0.0,0.0,595.454899436557,743.8350838072988,743.8350838072988,595.454899436557,595.454899436557,1.157386000159022,1,38.34116699999868,19.94799487155971,19.94799487155971,0.0,0.0
149,29,incident,0.15,38.34116699999868,743.8350838072988,743.8350838072988,595.454899436557,595.454899436557,595.454899436557,1.1718329999439447,1,19.94799487155971,19.94799487155971,0.0,0.0,595.454899436557,743.8350838072988,743.8350838072988,595.454899436557,595.454899436557,1.1718329999439447,1,38.34116699999868,19.94799487155971,19.94799487155971,0.0,0.0
149,29,incident,0.2,38.34116699999868,743.8350838072988,743.8350838072988,595.454899436557,595.454899436557,595.454899436557,1.1600684999848454,1,19.94799487155971,19.94799487155971,0.0,0.0,595.454899436557,743.8350838072988,743.8350838072988,595.454899436557,595.454899436557,1.1600684999848454,1,38.34116699999868,19.94799487155971,19.94799487155971,0.0,0.0
34,123,incident,0.05,38.441550999777974,657.6526421432819,657.6526421432819,614.896779856131,617.1562774190351,614.896779856131,0.1319405000685947,1,6.501283435554983,6.501283435554983,0.0,0.3661143288298547,614.896779856131,657.6526421432819,657.6526421432819,614.896779856131,617.1562774190351,0.1319405000685947,1,38.441550999777974,6.501283435554983,6.501283435554983,0.0,0.3661143288298547
34,123,incident,0.1,38.441550999777974,657.6526421432819,657.6526421432819,614.896779856131,617.1562774190351,614.896779856131,0.14706799993291497,1,6.501283435554983,6.501283435554983,0.0,0.3661143288298547,614.896779856131,657.6526421432819,657.6526421432819,614.896779856131,617.1562774190351,0.14706799993291497,1,38.441550999777974,6.501283435554983,6.501283435554983,0.0,0.3661143288298547
34,123,incident,0.15,38.441550999777974,657.6526421432819,657.6526421432819,614.896779856131,617.1562774190351,614.896779856131,0.15376400006061886,1,6.501283435554983,6.501283435554983,0.0,0.3661143288298547,614.896779856131,657.6526421432819,657.6526421432819,614.896779856131,617.1562774190351,0.15376400006061886,1,38.441550999777974,6.501283435554983,6.501283435554983,0.0,0.3661143288298547
34,123,incident,0.2,38.441550999777974,657.6526421432819,657.6526421432819,614.896779856131,617.1562774190351,614.896779856131,0.14697500000693253,1,6.501283435554983,6.501283435554983,0.0,0.3661143288298547,614.896779856131,657.6526421432819,657.6526421432819,614.896779856131,617.1562774190351,0.14697500000693253,1,38.441550999777974,6.501283435554983,6.501283435554983,0.0,0.3661143288298547
59,171,incident,0.05,38.490434999857825,651.6367111141344,651.6367111141344,493.9117375003094,445.416514064924,493.9117375003094,0.2590374999726919,1,24.204433378861527,24.204433378861527,0.0,-10.887612359230294,493.9117375003094,651.6367111141344,651.6367111141344,493.9117375003094,445.416514064924,0.2590374999726919,1,38.490434999857825,24.204433378861527,24.204433378861527,0.0,-10.887612359230294
59,171,incident,0.1,38.490434999857825,651.6367111141344,651.6367111141344,493.9117375003094,445.416514064924,493.9117375003094,0.28355349991215917,1,24.204433378861527,24.204433378861527,0.0,-10.887612359230294,493.9117375003094,651.6367111141344,651.6367111141344,493.9117375003094,445.416514064924,0.28355349991215917,1,38.490434999857825,24.204433378861527,24.204433378861527,0.0,-10.887612359230294
59,171,incident,0.15,38.490434999857825,651.6367111141344,651.6367111141344,493.9117375003094,445.416514064924,493.9117375003094,0.28603250007108727,1,24.204433378861527,24.204433378861527,0.0,-10.887612359230294,493.9117375003094,651.6367111141344,651.6367111141344,493.9117375003094,445.416514064924,0.28603250007108727,1,38.490434999857825,24.204433378861527,24.204433378861527,0.0,-10.887612359230294
59,171,incident,0.2,38.490434999857825,651.6367111141344,651.6367111141344,493.9117375003094,445.416514064924,493.9117375003094,0.28051450021848723,1,24.204433378861527,24.204433378861527,0.0,-10.887612359230294,493.9117375003094,651.6367111141344,651.6367111141344,493.9117375003094,445.416514064924,0.28051450021848723,1,38.490434999857825,24.204433378861527,24.204433378861527,0.0,-10.887612359230294
69,109,incident,0.05,39.31280200004039,787.9641056040994,792.3847967515362,610.9699208368022,569.1900587943915,545.2852840453011,1.1603119999108458,1,30.798207663627842,31.184282399062337,10.750878979694702,4.199787817749908,545.2852840453011,787.9641056040994,792.3847967515362,610.9699208368022,569.1900587943915,1.1603119999108458,1,39.31280200004039,30.798207663627842,31.184282399062337,10.750878979694702,4.199787817749908
69,109,incident,0.1,39.31280200004039,787.9641056040994,792.3847967515362,610.9699208368022,569.1900587943915,545.2852840453011,1.2019665002753754,1,30.798207663627842,31.184282399062337,10.750878979694702,4.199787817749908,545.2852840453011,787.9641056040994,792.3847967515362,610.9699208368022,569.1900587943915,1.2019665002753754,1,39.31280200004039,30.798207663627842,31.184282399062337,10.750878979694702,4.199787817749908
69,109,incident,0.15,39.31280200004039,787.9641056040994,792.3847967515362,610.9699208368022,569.1900587943915,545.2852840453011,1.2248929999714164,1,30.798207663627842,31.184282399062337,10.750878979694702,4.199787817749908,545.2852840453011,787.9641056040994,792.3847967515362,610.9699208368022,569.1900587943915,1.2248929999714164,1,39.31280200004039,30.798207663627842,31.184282399062337,10.750878979694702,4.199787817749908
69,109,incident,0.2,39.31280200004039,787.9641056040994,792.3847967515362,610.9699208368022,569.1900587943915,545.2852840453011,1.1818230000244512,1,30.798207663627842,31.184282399062337,10.750878979694702,4.199787817749908,545.2852840453011,787.9641056040994,792.3847967515362,610.9699208368022,569.1900587943915,1.1818230000244512,1,39.31280200004039,30.798207663627842,31.184282399062337,10.750878979694702,4.199787817749908
191,88,incident,0.05,38.65576900034284,623.5624217125624,623.5624217125624,569.848249659489,551.0044716856522,569.848249659489,0.3714365000178077,1,8.614080993776339,8.614080993776339,0.0,-3.419895652786499,569.848249659489,623.5624217125624,623.5624217125624,569.848249659489,551.0044716856522,0.3714365000178077,1,38.65576900034284,8.614080993776339,8.614080993776339,0.0,-3.419895652786499
191,88,incident,0.1,38.65576900034284,623.5624217125624,623.5624217125624,569.848249659489,551.0044716856522,569.848249659489,0.3808469998602959,1,8.614080993776339,8.614080993776339,0.0,-3.419895652786499,569.848249659489,623.5624217125624,623.5624217125624,569.848249659489,551.0044716856522,0.3808469998602959,1,38.65576900034284,8.614080993776339,8.614080993776339,0.0,-3.419895652786499
191,88,incident,0.15,38.65576900034284,623.5624217125624,623.5624217125624,569.848249659489,551.0044716856522,569.848249659489,0.37628949985446525,1,8.614080993776339,8.614080993776339,0.0,-3.419895652786499,569.848249659489,623.5624217125624,623.5624217125624,569.848249659489,551.0044716856522,0.37628949985446525,1,38.65576900034284,8.614080993776339,8.614080993776339,0.0,-3.419895652786499
191,88,incident,0.2,38.65576900034284,623.5624217125624,623.5624217125624,569.848249659489,551.0044716856522,569.848249659489,0.3715109999120614,1,8.614080993776339,8.614080993776339,0.0,-3.419895652786499,569.848249659489,623.5624217125624,623.5624217125624,569.848249659489,551.0044716856522,0.3715109999120614,1,38.65576900034284,8.614080993776339,8.614080993776339,0.0,-3.419895652786499
198,21,incident,0.05,38.728986000023724,620.6373267206399,620.6373267206399,544.1740470402791,531.9613319864926,532.2228263708982,0.29196900004535564,1,14.245759406207709,14.245759406207709,2.19621290915703,-0.049156652689236593,532.2228263708982,620.6373267206399,620.6373267206399,544.1740470402791,531.9613319864926,0.29196900004535564,1,38.728986000023724,14.245759406207709,14.245759406207709,2.19621290915703,-0.049156652689236593
198,21,incident,0.1,38.728986000023724,620.6373267206399,620.6373267206399,544.1740470402791,531.9613319864926,532.2228263708982,0.28902400026709074,1,14.245759406207709,14.245759406207709,2.19621290915703,-0.049156652689236593,532.2228263708982,620.6373267206399,620.6373267206399,544.1740470402791,531.9613319864926,0.28902400026709074,1,38.728986000023724,14.245759406207709,14.245759406207709,2.19621290915703,-0.049156652689236593
198,21,incident,0.15,38.728986000023724,620.6373267206399,620.6373267206399,544.1740470402791,531.9613319864926,532.2228263708982,0.2788884999063157,1,14.245759406207709,14.245759406207709,2.19621290915703,-0.049156652689236593,532.2228263708982,620.6373267206399,620.6373267206399,544.1740470402791,531.9613319864926,0.2788884999063157,1,38.728986000023724,14.245759406207709,14.245759406207709,2.19621290915703,-0.049156652689236593
198,21,incident,0.2,38.728986000023724,620.6373267206399,620.6373267206399,544.1740470402791,531.9613319864926,532.2228263708982,0.25340500019410683,1,14.245759406207709,14.245759406207709,2.19621290915703,-0.049156652689236593,532.2228263708982,620.6373267206399,620.6373267206399,544.1740470402791,531.9613319864926,0.25340500019410683,1,38.728986000023724,14.245759406207709,14.245759406207709,2.19621290915703,-0.049156652689236593
189,190,incident,0.05,42.30092199986757,746.8063961049425,630.2617181575853,568.4344634864133,593.491062844184,588.2449119337521,0.2778559999872717,2,21.231939763529965,6.666564859223718,-3.4850892618005904,0.8839477523538062,588.2449119337521,746.8063961049425,630.2617181575853,568.4344634864133,593.491062844184,0.2778559999872717,2,42.30092199986757,21.231939763529965,6.666564859223718,-3.4850892618005904,0.8839477523538062
189,190,incident,0.1,42.30092199986757,746.8063961049425,630.2617181575853,568.4344634864133,593.491062844184,588.2449119337521,0.2662816667301134,2,21.231939763529965,6.666564859223718,-3.4850892618005904,0.8839477523538062,588.2449119337521,746.8063961049425,630.2617181575853,568.4344634864133,593.491062844184,0.2662816667301134,2,42.30092199986757,21.231939763529965,6.666564859223718,-3.4850892618005904,0.8839477523538062
189,190,incident,0.15,42.30092199986757,746.8063961049425,630.2617181575853,568.4344634864133,593.491062844184,588.2449119337521,0.2465843331265205,2,21.231939763529965,6.666564859223718,-3.4850892618005904,0.8839477523538062,588.2449119337521,746.8063961049425,630.2617181575853,568.4344634864133,593.491062844184,0.2465843331265205,2,42.30092199986757,21.231939763529965,6.666564859223718,-3.4850892618005904,0.8839477523538062
189,190,incident,0.2,42.30092199986757,746.8063961049425,630.2617181575853,568.4344634864133,593.491062844184,588.2449119337521,0.25870300002376706,2,21.231939763529965,6.666564859223718,-3.4850892618005904,0.8839477523538062,588.2449119337521,746.8063961049425,630.2617181575853,568.4344634864133,593.491062844184,0.25870300002376706,2,42.30092199986757,21.231939763529965,6.666564859223718,-3.4850892618005904,0.8839477523538062
123,34,incident,0.05,39.195625000047585,671.9603044092606,671.9603044092606,653.8692008672789,641.5860869439335,653.8692008672789,0.21930050024820957,1,2.6922875389024865,2.6922875389024865,0.0,-1.9144919401001197,653.8692008672789,671.9603044092606,671.9603044092606,653.8692008672789,641.5860869439335,0.21930050024820957,1,39.195625000047585,2.6922875389024865,2.6922875389024865,0.0,-1.9144919401001197
123,34,incident,0.1,39.195625000047585,671.9603044092606,671.9603044092606,653.8692008672789,641.5860869439335,653.8692008672789,0.19374000021343818,1,2.6922875389024865,2.6922875389024865,0.0,-1.9144919401001197,653.8692008672789,671.9603044092606,671.9603044092606,653.8692008672789,641.5860869439335,0.19374000021343818,1,39.195625000047585,2.6922875389024865,2.6922875389024865,0.0,-1.9144919401001197
123,34,incident,0.15,39.195625000047585,671.9603044092606,671.9603044092606,653.8692008672789,641.5860869439335,653.8692008672789,0.182615500079919,1,2.6922875389024865,2.6922875389024865,0.0,-1.9144919401001197,653.8692008672789,671.9603044092606,671.9603044092606,653.8692008672789,641.5860869439335,0.182615500079919,1,39.195625000047585,2.6922875389024865,2.6922875389024865,0.0,-1.9144919401001197
123,34,incident,0.2,39.195625000047585,671.9603044092606,671.9603044092606,653.8692008672789,641.5860869439335,653.8692008672789,0.2128824999090284,1,2.6922875389024865,2.6922875389024865,0.0,-1.9144919401001197,653.8692008672789,671.9603044092606,671.9603044092606,653.8692008672789,641.5860869439335,0.2128824999090284,1,39.195625000047585,2.6922875389024865,2.6922875389024865,0.0,-1.9144919401001197
146,11,incident,0.05,39.987041000131285,643.8444251487207,643.8444251487207,621.2904337062319,621.2904337062319,621.2904337062319,0.16014400011954422,1,3.5030188290096826,3.5030188290096826,0.0,0.0,621.2904337062319,643.8444251487207,643.8444251487207,621.2904337062319,621.2904337062319,0.16014400011954422,1,39.987041000131285,3.5030188290096826,3.5030188290096826,0.0,0.0
146,11,incident,0.1,39.987041000131285,643.8444251487207,643.8444251487207,621.2904337062319,621.2904337062319,621.2904337062319,0.1428529999429884,1,3.5030188290096826,3.5030188290096826,0.0,0.0,621.2904337062319,643.8444251487207,643.8444251487207,621.2904337062319,621.2904337062319,0.1428529999429884,1,39.987041000131285,3.5030188290096826,3.5030188290096826,0.0,0.0
146,11,incident,0.15,39.987041000131285,643.8444251487207,643.8444251487207,621.2904337062319,621.2904337062319,621.2904337062319,0.15838100034670788,1,3.5030188290096826,3.5030188290096826,0.0,0.0,621.2904337062319,643.8444251487207,643.8444251487207,621.2904337062319,621.2904337062319,0.15838100034670788,1,39.987041000131285,3.5030188290096826,3.5030188290096826,0.0,0.0
146,11,incident,0.2,39.987041000131285,643.8444251487207,643.8444251487207,621.2904337062319,621.2904337062319,621.2904337062319,0.17087900005208212,1,3.5030188290096826,3.5030188290096826,0.0,0.0,621.2904337062319,643.8444251487207,643.8444251487207,621.2904337062319,621.2904337062319,0.17087900005208212,1,39.987041000131285,3.5030188290096826,3.5030188290096826,0.0,0.0
172,11,incident,0.05,40.28291700024056,933.4923026906681,965.2810705887401,716.536837770863,705.4677174546346,715.2582956624517,0.30733999998725875,2,23.378233157272508,25.90155163550401,0.17843354884430754,-1.387813781634412,715.2582956624517,933.4923026906681,965.2810705887401,716.536837770863,705.4677174546346,0.30733999998725875,2,40.28291700024056,23.378233157272508,25.90155163550401,0.17843354884430754,-1.387813781634412
172,11,incident,0.1,40.28291700024056,933.4923026906681,965.2810705887401,716.536837770863,705.4677174546346,715.2582956624517,0.28999133322334575,2,23.378233157272508,25.90155163550401,0.17843354884430754,-1.387813781634412,715.2582956624517,933.4923026906681,965.2810705887401,716.536837770863,705.4677174546346,0.28999133322334575,2,40.28291700024056,23.378233157272508,25.90155163550401,0.17843354884430754,-1.387813781634412
172,11,incident,0.15,40.28291700024056,933.4923026906681,965.2810705887401,716.536837770863,705.4677174546346,710.4480638339104,0.30998900024314935,1,23.893527371769665,26.399876110634086,0.8497503011701021,-0.7059637536987783,710.4480638339104,933.4923026906681,965.2810705887401,716.536837770863,705.4677174546346,0.30998900024314935,1,40.28291700024056,23.893527371769665,26.399876110634086,0.8497503011701021,-0.7059637536987783
172,11,incident,0.2,40.28291700024056,933.4923026906681,965.2810705887401,716.536837770863,705.4677174546346,710.4480638339104,0.29343850019358797,1,23.893527371769665,26.399876110634086,0.8497503011701021,-0.7059637536987783,710.4480638339104,933.4923026906681,965.2810705887401,716.536837770863,705.4677174546346,0.29343850019358797,1,40.28291700024056,23.893527371769665,26.399876110634086,0.8497503011701021,-0.7059637536987783
166,81,incident,0.05,38.35504200014839,741.4522800215123,806.4244907362686,519.7107966852211,511.9684939101171,519.7107966852211,0.15100149971658539,1,29.906372845715385,35.55369378592121,0.0,-1.512261568279878,519.7107966852211,741.4522800215123,806.4244907362686,519.7107966852211,511.9684939101171,0.15100149971658539,1,38.35504200014839,29.906372845715385,35.55369378592121,0.0,-1.512261568279878
166,81,incident,0.1,38.35504200014839,741.4522800215123,806.4244907362686,519.7107966852211,511.9684939101171,519.7107966852211,0.16926950002016383,1,29.906372845715385,35.55369378592121,0.0,-1.512261568279878,519.7107966852211,741.4522800215123,806.4244907362686,519.7107966852211,511.9684939101171,0.16926950002016383,1,38.35504200014839,29.906372845715385,35.55369378592121,0.0,-1.512261568279878
166,81,incident,0.15,38.35504200014839,741.4522800215123,806.4244907362686,519.7107966852211,511.9684939101171,519.7107966852211,0.16760700009399443,1,29.906372845715385,35.55369378592121,0.0,-1.512261568279878,519.7107966852211,741.4522800215123,806.4244907362686,519.7107966852211,511.9684939101171,0.16760700009399443,1,38.35504200014839,29.906372845715385,35.55369378592121,0.0,-1.512261568279878
166,81,incident,0.2,38.35504200014839,741.4522800215123,806.4244907362686,519.7107966852211,511.9684939101171,519.7107966852211,0.15220950012917456,1,29.906372845715385,35.55369378592121,0.0,-1.512261568279878,519.7107966852211,741.4522800215123,806.4244907362686,519.7107966852211,511.9684939101171,0.15220950012917456,1,38.35504200014839,29.906372845715385,35.55369378592121,0.0,-1.512261568279878
152,181,incident,0.05,37.80906700012565,809.7456299117653,809.7456299117653,809.7456299117653,789.5262312718654,809.7456299117653,0.1921479997690767,0,0.0,0.0,0.0,-2.560953371660365,809.7456299117653,809.7456299117653,809.7456299117653,809.7456299117653,789.5262312718654,0.1921479997690767,0,37.80906700012565,0.0,0.0,0.0,-2.560953371660365
152,181,incident,0.1,37.80906700012565,809.7456299117653,809.7456299117653,809.7456299117653,789.5262312718654,809.7456299117653,0.23297100005947868,0,0.0,0.0,0.0,-2.560953371660365,809.7456299117653,809.7456299117653,809.7456299117653,809.7456299117653,789.5262312718654,0.23297100005947868,0,37.80906700012565,0.0,0.0,0.0,-2.560953371660365
152,181,incident,0.15,37.80906700012565,809.7456299117653,809.7456299117653,809.7456299117653,789.5262312718654,809.7456299117653,0.22980400035521598,0,0.0,0.0,0.0,-2.560953371660365,809.7456299117653,809.7456299117653,809.7456299117653,809.7456299117653,789.5262312718654,0.22980400035521598,0,37.80906700012565,0.0,0.0,0.0,-2.560953371660365
152,181,incident,0.2,37.80906700012565,809.7456299117653,809.7456299117653,809.7456299117653,789.5262312718654,809.7456299117653,0.22982700011198176,0,0.0,0.0,0.0,-2.560953371660365,809.7456299117653,809.7456299117653,809.7456299117653,809.7456299117653,789.5262312718654,0.22982700011198176,0,37.80906700012565,0.0,0.0,0.0,-2.560953371660365
111,8,incident,0.05,38.49634500011234,628.9328240651353,629.8989251023062,551.7278747175119,549.2231655366357,551.7278747175119,0.7915900000625697,1,12.27554778403928,12.410094265853525,0.0,-0.4560458003312448,551.7278747175119,628.9328240651353,629.8989251023062,551.7278747175119,549.2231655366357,0.7915900000625697,1,38.49634500011234,12.27554778403928,12.410094265853525,0.0,-0.4560458003312448
111,8,incident,0.1,38.49634500011234,628.9328240651353,629.8989251023062,551.7278747175119,549.2231655366357,551.7278747175119,0.7692629999382916,1,12.27554778403928,12.410094265853525,0.0,-0.4560458003312448,551.7278747175119,628.9328240651353,629.8989251023062,551.7278747175119,549.2231655366357,0.7692629999382916,1,38.49634500011234,12.27554778403928,12.410094265853525,0.0,-0.4560458003312448
111,8,incident,0.15,38.49634500011234,628.9328240651353,629.8989251023062,551.7278747175119,549.2231655366357,551.7278747175119,0.8150495000336377,1,12.27554778403928,12.410094265853525,0.0,-0.4560458003312448,551.7278747175119,628.9328240651353,629.8989251023062,551.7278747175119,549.2231655366357,0.8150495000336377,1,38.49634500011234,12.27554778403928,12.410094265853525,0.0,-0.4560458003312448
111,8,incident,0.2,38.49634500011234,628.9328240651353,629.8989251023062,551.7278747175119,549.2231655366357,551.7278747175119,0.8023084999422281,1,12.27554778403928,12.410094265853525,0.0,-0.4560458003312448,551.7278747175119,628.9328240651353,629.8989251023062,551.7278747175119,549.2231655366357,0.8023084999422281,1,38.49634500011234,12.27554778403928,12.410094265853525,0.0,-0.4560458003312448
47,51,incident,0.05,38.51608400009354,739.1523894416631,747.0214722715153,674.4558331282105,679.7550706727197,668.8793835738595,0.8338306665791606,2,9.50724192624014,10.460487629631881,0.8268072244978235,1.5999420332528154,668.8793835738595,739.1523894416631,747.0214722715153,674.4558331282105,679.7550706727197,0.8338306665791606,2,38.51608400009354,9.50724192624014,10.460487629631881,0.8268072244978235,1.5999420332528154
47,51,incident,0.1,38.51608400009354,739.1523894416631,747.0214722715153,674.4558331282105,679.7550706727197,675.2879548258652,1.0514375003367604,1,8.640225686619166,9.602604491076475,-0.1233767515650613,0.6571655055744796,675.2879548258652,739.1523894416631,747.0214722715153,674.4558331282105,679.7550706727197,1.0514375003367604,1,38.51608400009354,8.640225686619166,9.602604491076475,-0.1233767515650613,0.6571655055744796
47,51,incident,0.15,38.51608400009354,739.1523894416631,747.0214722715153,674.4558331282105,679.7550706727197,675.2879548258652,1.0474410000824719,1,8.640225686619166,9.602604491076475,-0.1233767515650613,0.6571655055744796,675.2879548258652,739.1523894416631,747.0214722715153,674.4558331282105,679.7550706727197,1.0474410000824719,1,38.51608400009354,8.640225686619166,9.602604491076475,-0.1233767515650613,0.6571655055744796
47,51,incident,0.2,38.51608400009354,739.1523894416631,747.0214722715153,674.4558331282105,679.7550706727197,675.2879548258652,1.0321800000383519,1,8.640225686619166,9.602604491076475,-0.1233767515650613,0.6571655055744796,675.2879548258652,739.1523894416631,747.0214722715153,674.4558331282105,679.7550706727197,1.0321800000383519,1,38.51608400009354,8.640225686619166,9.602604491076475,-0.1233767515650613,0.6571655055744796
196,86,incident,0.05,41.561739000371745,1171.3885572281704,1056.3569338257769,810.6770580807822,763.6101588910485,810.6770580807822,0.22739050018572016,1,30.793496907715358,23.257278660085383,0.0,-6.163734026022719,810.6770580807822,1171.3885572281704,1056.3569338257769,810.6770580807822,763.6101588910485,0.22739050018572016,1,41.561739000371745,30.793496907715358,23.257278660085383,0.0,-6.163734026022719
196,86,incident,0.1,41.561739000371745,1171.3885572281704,1056.3569338257769,810.6770580807822,763.6101588910485,810.6770580807822,0.21457199977703567,1,30.793496907715358,23.257278660085383,0.0,-6.163734026022719,810.6770580807822,1171.3885572281704,1056.3569338257769,810.6770580807822,763.6101588910485,0.21457199977703567,1,41.561739000371745,30.793496907715358,23.257278660085383,0.0,-6.163734026022719
196,86,incident,0.15,41.561739000371745,1171.3885572281704,1056.3569338257769,810.6770580807822,763.6101588910485,929.8218918810439,0.20600700008799322,0,20.622249027149458,11.978436255107892,-14.696953936543892,-21.76656911314225,929.8218918810439,1171.3885572281704,1056.3569338257769,810.6770580807822,763.6101588910485,0.20600700008799322,0,41.561739000371745,20.622249027149458,11.978436255107892,-14.696953936543892,-21.76656911314225
196,86,incident,0.2,41.561739000371745,1171.3885572281704,1056.3569338257769,810.6770580807822,763.6101588910485,929.8218918810439,0.2402159998382558,0,20.622249027149458,11.978436255107892,-14.696953936543892,-21.76656911314225,929.8218918810439,1171.3885572281704,1056.3569338257769,810.6770580807822,763.6101588910485,0.2402159998382558,0,41.561739000371745,20.622249027149458,11.978436255107892,-14.696953936543892,-21.76656911314225
1,77,incident,0.05,39.53976599996167,808.1170418619065,915.5182494246618,567.6253188078296,484.049769022503,567.6253188078296,0.1691180000307213,2,29.759516331939068,37.99956263411005,0.0,-17.265900147850534,567.6253188078296,808.1170418619065,915.5182494246618,567.6253188078296,484.049769022503,0.1691180000307213,2,39.53976599996167,29.759516331939068,37.99956263411005,0.0,-17.265900147850534
1,77,incident,0.1,39.53976599996167,808.1170418619065,915.5182494246618,567.6253188078296,484.049769022503,567.6253188078296,0.16208933326803768,2,29.759516331939068,37.99956263411005,0.0,-17.265900147850534,567.6253188078296,808.1170418619065,915.5182494246618,567.6253188078296,484.049769022503,0.16208933326803768,2,39.53976599996167,29.759516331939068,37.99956263411005,0.0,-17.265900147850534
1,77,incident,0.15,39.53976599996167,808.1170418619065,915.5182494246618,567.6253188078296,484.049769022503,567.6253188078296,0.20047433326908504,2,29.759516331939068,37.99956263411005,0.0,-17.265900147850534,567.6253188078296,808.1170418619065,915.5182494246618,567.6253188078296,484.049769022503,0.20047433326908504,2,39.53976599996167,29.759516331939068,37.99956263411005,0.0,-17.265900147850534
1,77,incident,0.2,39.53976599996167,808.1170418619065,915.5182494246618,567.6253188078296,484.049769022503,567.6253188078296,0.19536266669698912,2,29.759516331939068,37.99956263411005,0.0,-17.265900147850534,567.6253188078296,808.1170418619065,915.5182494246618,567.6253188078296,484.049769022503,0.19536266669698912,2,39.53976599996167,29.759516331939068,37.99956263411005,0.0,-17.265900147850534
165,186,incident,0.05,38.62870200009638,814.8953890761202,668.4896121813634,743.4315555305432,643.6162358754023,743.4315555305432,0.1930794999225327,1,8.76969418450121,-11.210636931909082,0.0,-15.508514871347057,743.4315555305432,814.8953890761202,668.4896121813634,743.4315555305432,643.6162358754023,0.1930794999225327,1,38.62870200009638,8.76969418450121,-11.210636931909082,0.0,-15.508514871347057
165,186,incident,0.1,38.62870200009638,814.8953890761202,668.4896121813634,743.4315555305432,643.6162358754023,743.4315555305432,0.19663900002342416,1,8.76969418450121,-11.210636931909082,0.0,-15.508514871347057,743.4315555305432,814.8953890761202,668.4896121813634,743.4315555305432,643.6162358754023,0.19663900002342416,1,38.62870200009638,8.76969418450121,-11.210636931909082,0.0,-15.508514871347057
165,186,incident,0.15,38.62870200009638,814.8953890761202,668.4896121813634,743.4315555305432,643.6162358754023,743.4315555305432,0.20280299986552563,1,8.76969418450121,-11.210636931909082,0.0,-15.508514871347057,743.4315555305432,814.8953890761202,668.4896121813634,743.4315555305432,643.6162358754023,0.20280299986552563,1,38.62870200009638,8.76969418450121,-11.210636931909082,0.0,-15.508514871347057
165,186,incident,0.2,38.62870200009638,814.8953890761202,668.4896121813634,743.4315555305432,643.6162358754023,743.4315555305432,0.18059250010082906,1,8.76969418450121,-11.210636931909082,0.0,-15.508514871347057,743.4315555305432,814.8953890761202,668.4896121813634,743.4315555305432,643.6162358754023,0.18059250010082906,1,38.62870200009638,8.76969418450121,-11.210636931909082,0.0,-15.508514871347057
172,95,incident,0.05,38.460266000129195,949.7720509573508,779.4346803314988,635.5743699861938,576.6038726120586,572.5685329698871,0.35290149980937713,1,39.715162981185884,26.540536696882693,9.913212362178065,0.6998460873825046,572.5685329698871,949.7720509573508,779.4346803314988,635.5743699861938,576.6038726120586,0.35290149980937713,1,38.460266000129195,39.715162981185884,26.540536696882693,9.913212362178065,0.6998460873825046
172,95,incident,0.1,38.460266000129195,949.7720509573508,779.4346803314988,635.5743699861938,576.6038726120586,572.5685329698871,0.34297150000384136,1,39.715162981185884,26.540536696882693,9.913212362178065,0.6998460873825046,572.5685329698871,949.7720509573508,779.4346803314988,635.5743699861938,576.6038726120586,0.34297150000384136,1,38.460266000129195,39.715162981185884,26.540536696882693,9.913212362178065,0.6998460873825046
172,95,incident,0.15,38.460266000129195,949.7720509573508,779.4346803314988,635.5743699861938,576.6038726120586,572.5685329698871,0.3285029999915423,1,39.715162981185884,26.540536696882693,9.913212362178065,0.6998460873825046,572.5685329698871,949.7720509573508,779.4346803314988,635.5743699861938,576.6038726120586,0.3285029999915423,1,38.460266000129195,39.715162981185884,26.540536696882693,9.913212362178065,0.6998460873825046
172,95,incident,0.2,38.460266000129195,949.7720509573508,779.4346803314988,635.5743699861938,576.6038726120586,572.5685329698871,0.30744500008950126,1,39.715162981185884,26.540536696882693,9.913212362178065,0.6998460873825046,572.5685329698871,949.7720509573508,779.4346803314988,635.5743699861938,576.6038726120586,0.30744500008950126,1,38.460266000129195,39.715162981185884,26.540536696882693,9.913212362178065,0.6998460873825046
89,78,incident,0.05,42.81824100007725,678.9494825013294,673.7948803462049,619.0974554970132,647.7780975746507,619.0974554970132,0.24946700000327837,1,8.815387381077937,8.117815442748299,0.0,4.427541188104507,619.0974554970132,678.9494825013294,673.7948803462049,619.0974554970132,647.7780975746507,0.24946700000327837,1,42.81824100007725,8.815387381077937,8.117815442748299,0.0,4.427541188104507
89,78,incident,0.1,42.81824100007725,678.9494825013294,673.7948803462049,619.0974554970132,647.7780975746507,619.0974554970132,0.24858950018824544,1,8.815387381077937,8.117815442748299,0.0,4.427541188104507,619.0974554970132,678.9494825013294,673.7948803462049,619.0974554970132,647.7780975746507,0.24858950018824544,1,42.81824100007725,8.815387381077937,8.117815442748299,0.0,4.427541188104507
89,78,incident,0.15,42.81824100007725,678.9494825013294,673.7948803462049,619.0974554970132,647.7780975746507,619.0974554970132,0.22271000011642172,1,8.815387381077937,8.117815442748299,0.0,4.427541188104507,619.0974554970132,678.9494825013294,673.7948803462049,619.0974554970132,647.7780975746507,0.22271000011642172,1,42.81824100007725,8.815387381077937,8.117815442748299,0.0,4.427541188104507
89,78,incident,0.2,42.81824100007725,678.9494825013294,673.7948803462049,619.0974554970132,647.7780975746507,619.0974554970132,0.20980799990866217,1,8.815387381077937,8.117815442748299,0.0,4.427541188104507,619.0974554970132,678.9494825013294,673.7948803462049,619.0974554970132,647.7780975746507,0.20980799990866217,1,42.81824100007725,8.815387381077937,8.117815442748299,0.0,4.427541188104507
41,166,incident,0.05,40.414718999727484,689.6583015987687,689.6583015987687,661.0106983894714,661.0106983894714,661.0106983894714,0.19067899984293035,1,4.153883617856316,4.153883617856316,0.0,0.0,661.0106983894714,689.6583015987687,689.6583015987687,661.0106983894714,661.0106983894714,0.19067899984293035,1,40.414718999727484,4.153883617856316,4.153883617856316,0.0,0.0
41,166,incident,0.1,40.414718999727484,689.6583015987687,689.6583015987687,661.0106983894714,661.0106983894714,661.0106983894714,0.1744210001106694,1,4.153883617856316,4.153883617856316,0.0,0.0,661.0106983894714,689.6583015987687,689.6583015987687,661.0106983894714,661.0106983894714,0.1744210001106694,1,40.414718999727484,4.153883617856316,4.153883617856316,0.0,0.0
41,166,incident,0.15,40.414718999727484,689.6583015987687,689.6583015987687,661.0106983894714,661.0106983894714,661.0106983894714,0.163135500088174,1,4.153883617856316,4.153883617856316,0.0,0.0,661.0106983894714,689.6583015987687,689.6583015987687,661.0106983894714,661.0106983894714,0.163135500088174,1,40.414718999727484,4.153883617856316,4.153883617856316,0.0,0.0
41,166,incident,0.2,40.414718999727484,689.6583015987687,689.6583015987687,661.0106983894714,661.0106983894714,661.0106983894714,0.16388850008297595,1,4.153883617856316,4.153883617856316,0.0,0.0,661.0106983894714,689.6583015987687,689.6583015987687,661.0106983894714,661.0106983894714,0.16388850008297595,1,40.414718999727484,4.153883617856316,4.153883617856316,0.0,0.0
15,59,incident,0.05,39.72995699996318,915.0228623452521,874.9801470947663,774.4008275347895,763.2191766522625,774.4008275347895,0.3199494999535091,1,15.368144403522424,11.495040189647105,0.0,-1.465064194478648,774.4008275347895,915.0228623452521,874.9801470947663,774.4008275347895,763.2191766522625,0.3199494999535091,1,39.72995699996318,15.368144403522424,11.495040189647105,0.0,-1.465064194478648
15,59,incident,0.1,39.72995699996318,915.0228623452521,874.9801470947663,774.4008275347895,763.2191766522625,774.4008275347895,0.3294929999810847,1,15.368144403522424,11.495040189647105,0.0,-1.465064194478648,774.4008275347895,915.0228623452521,874.9801470947663,774.4008275347895,763.2191766522625,0.3294929999810847,1,39.72995699996318,15.368144403522424,11.495040189647105,0.0,-1.465064194478648
15,59,incident,0.15,39.72995699996318,915.0228623452521,874.9801470947663,774.4008275347895,763.2191766522625,774.4008275347895,0.31426100008502544,1,15.368144403522424,11.495040189647105,0.0,-1.465064194478648,774.4008275347895,915.0228623452521,874.9801470947663,774.4008275347895,763.2191766522625,0.31426100008502544,1,39.72995699996318,15.368144403522424,11.495040189647105,0.0,-1.465064194478648
15,59,incident,0.2,39.72995699996318,915.0228623452521,874.9801470947663,774.4008275347895,763.2191766522625,774.4008275347895,0.3190074999110948,1,15.368144403522424,11.495040189647105,0.0,-1.465064194478648,774.4008275347895,915.0228623452521,874.9801470947663,774.4008275347895,763.2191766522625,0.3190074999110948,1,39.72995699996318,15.368144403522424,11.495040189647105,0.0,-1.465064194478648
7,41,incident,0.05,38.94197499994334,637.2659156759955,637.2659156759955,571.0767359202722,571.0767359202722,571.0767359202722,0.2591235002000758,1,10.38643023697753,10.38643023697753,0.0,0.0,571.0767359202722,637.2659156759955,637.2659156759955,571.0767359202722,571.0767359202722,0.2591235002000758,1,38.94197499994334,10.38643023697753,10.38643023697753,0.0,0.0
7,41,incident,0.1,38.94197499994334,637.2659156759955,637.2659156759955,571.0767359202722,571.0767359202722,571.0767359202722,0.25328400010948826,1,10.38643023697753,10.38643023697753,0.0,0.0,571.0767359202722,637.2659156759955,637.2659156759955,571.0767359202722,571.0767359202722,0.25328400010948826,1,38.94197499994334,10.38643023697753,10.38643023697753,0.0,0.0
7,41,incident,0.15,38.94197499994334,637.2659156759955,637.2659156759955,571.0767359202722,571.0767359202722,571.0767359202722,0.2446835001137515,1,10.38643023697753,10.38643023697753,0.0,0.0,571.0767359202722,637.2659156759955,637.2659156759955,571.0767359202722,571.0767359202722,0.2446835001137515,1,38.94197499994334,10.38643023697753,10.38643023697753,0.0,0.0
7,41,incident,0.2,38.94197499994334,637.2659156759955,637.2659156759955,571.0767359202722,571.0767359202722,571.0767359202722,0.25081149988182005,1,10.38643023697753,10.38643023697753,0.0,0.0,571.0767359202722,637.2659156759955,637.2659156759955,571.0767359202722,571.0767359202722,0.25081149988182005,1,38.94197499994334,10.38643023697753,10.38643023697753,0.0,0.0
